solid "welcup4b"
	facet normal -0.725212202475894 -0.668919559060462 -0.163137625600044
		outer loop
			vertex -3.58565882281149 -3.2387577935889 1.78710492136586
			vertex -3.58154829684545 -3.24326909745914 1.78732985909173
			vertex -3.81199039475779 -3.36943038757821 3.32904149674751
		endloop
	endfacet
	facet normal -0.711345464424739 -0.683849874622367 -0.162286719177278
		outer loop
			vertex -3.81199039475779 -3.36943038757821 3.32904149674751
			vertex -3.58154829684545 -3.24326909745914 1.78732985909173
			vertex -3.57750385627519 -3.24776156476991 1.78853253761283
		endloop
	endfacet
	facet normal -0.718318445559398 -0.67640792610518 -0.162760339982504
		outer loop
			vertex -3.81199039475779 -3.36943038757821 3.32904149674751
			vertex -3.57750385627519 -3.24776156476991 1.78853253761283
			vertex -5.60583120046476 -4.40510485963648 15.55
		endloop
	endfacet
	facet normal -0.697325984844247 -0.698320337135363 -0.161509063535625
		outer loop
			vertex -5.60583120046476 -4.40510485963648 15.55
			vertex -3.57750385627519 -3.24776156476991 1.78853253761283
			vertex -3.57355032947817 -3.2521629090936 1.7904931166522
		endloop
	endfacet
	facet normal -0.683795234966369 -0.711772152026204 -0.160637729806151
		outer loop
			vertex -5.60583120046476 -4.40510485963648 15.55
			vertex -3.57355032947817 -3.2521629090936 1.7904931166522
			vertex -3.5697287125074 -3.25642679465629 1.79311835002035
		endloop
	endfacet
	facet normal -0.681540476994519 -0.713965305295351 -0.16048713672005
		outer loop
			vertex -5.60583120046476 -4.40510485963648 15.55
			vertex -3.5697287125074 -3.25642679465629 1.79311835002035
			vertex -5.57413908974674 -4.43535766897542 15.55
		endloop
	endfacet
	facet normal -0.669802499257036 -0.725154531334913 -0.159735774557459
		outer loop
			vertex -5.57413908974674 -4.43535766897542 15.55
			vertex -3.5697287125074 -3.25642679465629 1.79311835002035
			vertex -3.56607596248699 -3.26051168844574 1.7963459184848
		endloop
	endfacet
	facet normal -0.656145903783122 -0.73773296195233 -0.158816339832125
		outer loop
			vertex -5.57413908974674 -4.43535766897542 15.55
			vertex -3.56607596248699 -3.26051168844574 1.7963459184848
			vertex -3.5626124997358 -3.26439370184631 1.80006941663286
		endloop
	endfacet
	facet normal -0.637251922471392 -0.754395639136077 -0.157471289316447
		outer loop
			vertex -3.5626124997358 -3.26439370184631 1.80006941663286
			vertex -3.55632247576332 -3.27146647430363 1.80849850129528
			vertex -5.57413908974674 -4.43535766897542 15.55
		endloop
	endfacet
	facet normal -0.606278643640987 -0.779982814060715 -0.155090347974244
		outer loop
			vertex -5.57413908974674 -4.43535766897542 15.55
			vertex -3.55632247576332 -3.27146647430363 1.80849850129528
			vertex -3.54587847854498 -3.28327559353881 1.82706147199275
		endloop
	endfacet
	facet normal -0.569918735918134 -0.807514833347901 -0.152027722381768
		outer loop
			vertex -5.57413908974674 -4.43535766897542 15.55
			vertex -3.54587847854498 -3.28327559353881 1.82706147199275
			vertex -5.53829442070628 -4.46065571629952 15.55
		endloop
	endfacet
	facet normal -0.568725938132014 -0.80837405400867 -0.151928259719671
		outer loop
			vertex -5.53829442070628 -4.46065571629952 15.55
			vertex -3.54587847854498 -3.28327559353881 1.82706147199275
			vertex -3.53705647715509 -3.29332207073356 1.84749223640407
		endloop
	endfacet
	facet normal -0.507877949305028 -0.848881603934718 -0.146492358541121
		outer loop
			vertex -5.53829442070628 -4.46065571629952 15.55
			vertex -3.53705647715509 -3.29332207073356 1.84749223640407
			vertex -3.52299790633274 -3.30952877658373 1.89266548914629
		endloop
	endfacet
	facet normal -0.437501429224945 -0.888341610312544 -0.139433435062923
		outer loop
			vertex -3.52299790633274 -3.30952877658373 1.89266548914629
			vertex -3.51174533817066 -3.32271209287024 1.94135018061069
			vertex -5.53829442070628 -4.46065571629952 15.55
		endloop
	endfacet
	facet normal -0.446166641498281 -0.88387617056299 -0.140350429728765
		outer loop
			vertex -5.53829442070628 -4.46065571629952 15.55
			vertex -3.51174533817066 -3.32271209287024 1.94135018061069
			vertex -5.49906004116944 -4.48046060745081 15.55
		endloop
	endfacet
	facet normal -0.32023336850755 -0.938836506673524 -0.126635711516787
		outer loop
			vertex -3.51174533817066 -3.32271209287024 1.94135018061069
			vertex -3.48133319528893 -3.35961727440127 2.13804784550982
			vertex -5.49906004116944 -4.48046060745081 15.55
		endloop
	endfacet
	facet normal -0.312917449761715 -0.941418813773058 -0.125750891482935
		outer loop
			vertex -5.49906004116944 -4.48046060745081 15.55
			vertex -3.48133319528893 -3.35961727440127 2.13804784550982
			vertex -5.45727093893048 -4.49435085386307 15.55
		endloop
	endfacet
	facet normal 0.0907428625128248 -0.993363490064055 -0.0706732588093877
		outer loop
			vertex -5.34024416648931 -4.500652329877 15.55
			vertex -5.36964644121247 -4.5033382012619 15.55
			vertex -3.4495103433289 -3.40289470344897 2.5478862847127
		endloop
	endfacet
	facet normal -0.005420967064425 -0.996355291081788 -0.085127827702886
		outer loop
			vertex -3.4495103433289 -3.40289470344897 2.5478862847127
			vertex -5.36964644121247 -4.5033382012619 15.55
			vertex -5.39913740373853 -4.50317774691596 15.55
		endloop
	endfacet
	facet normal -0.0913239721132132 -0.991030947234505 -0.0975581556864691
		outer loop
			vertex -3.4495103433289 -3.40289470344897 2.5478862847127
			vertex -5.39913740373853 -4.50317774691596 15.55
			vertex -3.48133319528893 -3.35961727440127 2.13804784550982
		endloop
	endfacet
	facet normal -0.10153089241936 -0.989902031856866 -0.0989214092609772
		outer loop
			vertex -3.48133319528893 -3.35961727440127 2.13804784550982
			vertex -5.39913740373853 -4.50317774691596 15.55
			vertex -5.42843799038353 -4.50017248516809 15.55
		endloop
	endfacet
	facet normal -0.196683316057266 -0.974118702265939 -0.111393119538148
		outer loop
			vertex -3.48133319528893 -3.35961727440127 2.13804784550982
			vertex -5.42843799038353 -4.50017248516809 15.55
			vertex -5.45727093893048 -4.49435085386307 15.55
		endloop
	endfacet
	facet normal 0.457878639020269 -0.888977553247414 -0.00812783803893925
		outer loop
			vertex -5.22901881326295 -4.46235109240908 15.55
			vertex -5.25533175395785 -4.4759038907109 15.55
			vertex -3.44237769913453 -3.43083336422178 3.37809107335304
		endloop
	endfacet
	facet normal 0.370484583976724 -0.928514399581977 -0.0245394132879048
		outer loop
			vertex -3.44237769913453 -3.43083336422178 3.37809107335304
			vertex -5.25533175395785 -4.4759038907109 15.55
			vertex -5.2828151063135 -4.48686996551636 15.55
		endloop
	endfacet
	facet normal 0.315196082088223 -0.948394751291976 -0.0346240603925288
		outer loop
			vertex -3.44237769913453 -3.43083336422178 3.37809107335304
			vertex -5.2828151063135 -4.48686996551636 15.55
			vertex -3.4495103433289 -3.40289470344897 2.5478862847127
		endloop
	endfacet
	facet normal 0.279585597072634 -0.959264032658812 -0.0405513200363786
		outer loop
			vertex -3.4495103433289 -3.40289470344897 2.5478862847127
			vertex -5.2828151063135 -4.48686996551636 15.55
			vertex -5.31120880402828 -4.49514554831569 15.55
		endloop
	endfacet
	facet normal 0.186046122350136 -0.980957122915539 -0.055767045463667
		outer loop
			vertex -3.4495103433289 -3.40289470344897 2.5478862847127
			vertex -5.31120880402828 -4.49514554831569 15.55
			vertex -5.34024416648931 -4.500652329877 15.55
		endloop
	endfacet
	facet normal -0.756510727293083 0.651599229688575 -0.0557670454636632
		outer loop
			vertex -6.56780133451974 -2.37446094565296 15.55
			vertex -6.54851464056404 -2.35206897493428 15.55
			vertex -4.67174843125479 -1.28591623621549 2.54788628471359
		endloop
	endfacet
	facet normal -0.690954222682903 0.721760245926563 -0.0405513200363703
		outer loop
			vertex -4.67174843125479 -1.28591623621549 2.54788628471359
			vertex -6.54851464056404 -2.35206897493428 15.55
			vertex -6.52715092677131 -2.33161710280557 15.55
		endloop
	endfacet
	facet normal -0.663735906390335 0.747165189907921 -0.0346240603924741
		outer loop
			vertex -4.67174843125479 -1.28591623621549 2.54788628471359
			vertex -6.52715092677131 -2.33161710280557 15.55
			vertex -4.69237769913451 -1.26576985476067 3.37809107335285
		endloop
	endfacet
	facet normal -0.618874765829305 0.785106261225325 -0.024539413287908
		outer loop
			vertex -4.69237769913451 -1.26576985476067 3.37809107335285
			vertex -6.52715092677131 -2.33161710280557 15.55
			vertex -6.50391235123215 -2.31329885888715 15.55
		endloop
	endfacet
	facet normal -0.540937824996342 0.841023309865452 -0.00812783803895344
		outer loop
			vertex -4.69237769913451 -1.26576985476067 3.37809107335285
			vertex -6.50391235123215 -2.31329885888715 15.55
			vertex -6.47901881326296 -2.29728758294799 15.55
		endloop
	endfacet
	facet normal -0.941953200492464 0.316726602926822 -0.111393119538145
		outer loop
			vertex -6.62085748243092 -2.47895984151688 15.55
			vertex -6.61148268875906 -2.4510789599567 15.55
			vertex -4.65018050426902 -1.3351143489576 2.13804784551021
		endloop
	endfacet
	facet normal -0.908045753055559 0.407022683824361 -0.0989214092609757
		outer loop
			vertex -4.65018050426902 -1.3351143489576 2.13804784551021
			vertex -6.61148268875906 -2.4510789599567 15.55
			vertex -6.59943502845524 -2.42420127670241 15.55
		endloop
	endfacet
	facet normal -0.903919962298056 0.416426593793129 -0.097558155686405
		outer loop
			vertex -4.65018050426902 -1.3351143489576 2.13804784551021
			vertex -6.59943502845524 -2.42420127670241 15.55
			vertex -4.67174843125479 -1.28591623621549 2.54788628471359
		endloop
	endfacet
	facet normal -0.865579476804089 0.493482950350007 -0.0851278277028878
		outer loop
			vertex -4.67174843125479 -1.28591623621549 2.54788628471359
			vertex -6.59943502845524 -2.42420127670241 15.55
			vertex -6.58482850473194 -2.39858112679982 15.55
		endloop
	endfacet
	facet normal -0.814906586331039 0.57526736918024 -0.0706732588093876
		outer loop
			vertex -4.67174843125479 -1.28591623621549 2.54788628471359
			vertex -6.58482850473194 -2.39858112679982 15.55
			vertex -6.56780133451974 -2.37446094565296 15.55
		endloop
	endfacet
	facet normal -0.971751333208938 0.199714946105439 -0.125750891482935
		outer loop
			vertex -6.62085748243092 -2.47895984151688 15.55
			vertex -4.65018050426902 -1.3351143489576 2.13804784551021
			vertex -6.62972272729255 -2.5220953888633 15.55
		endloop
	endfacet
	facet normal -0.973172949033235 0.192088021070036 -0.126635711516754
		outer loop
			vertex -6.62972272729255 -2.5220953888633 15.55
			vertex -4.65018050426902 -1.3351143489576 2.13804784551021
			vertex -4.63342575097273 -1.37990462804223 1.94135018061087
		endloop
	endfacet
	facet normal -0.988068803217924 0.0653579485378358 -0.139457443940529
		outer loop
			vertex -6.62972272729255 -2.5220953888633 15.55
			vertex -4.63342575097273 -1.37990462804223 1.94135018061087
			vertex -4.62763494824352 -1.39624129607166 1.89266548914641
		endloop
	endfacet
	facet normal -0.988544580268954 0.0555465541639455 -0.140336000874294
		outer loop
			vertex -6.62972272729255 -2.5220953888633 15.55
			vertex -4.62763494824352 -1.39624129607166 1.89266548914641
			vertex -6.63218837820477 -2.56597580381956 15.55
		endloop
	endfacet
	facet normal -0.989092008465265 -0.0153944041525746 -0.146492358541106
		outer loop
			vertex -6.63218837820477 -2.56597580381956 15.55
			vertex -4.62763494824352 -1.39624129607166 1.89266548914641
			vertex -4.62062881467678 -1.41651972846981 1.84749223640413
		endloop
	endfacet
	facet normal -0.984435435597753 -0.0883440832088852 -0.151928259719656
		outer loop
			vertex -6.63218837820477 -2.56597580381956 15.55
			vertex -4.62062881467678 -1.41651972846981 1.84749223640413
			vertex -4.61633931090253 -1.42918304438306 1.82706147199278
		endloop
	endfacet
	facet normal -0.984287727571109 -0.0898066867238514 -0.152027722381765
		outer loop
			vertex -6.63218837820477 -2.56597580381956 15.55
			vertex -4.61633931090253 -1.42918304438306 1.82706147199278
			vertex -6.62820196107619 -2.6096672214609 15.55
		endloop
	endfacet
	facet normal -0.978624253312361 -0.135061300134619 -0.155090347974236
		outer loop
			vertex -6.62820196107619 -2.6096672214609 15.55
			vertex -4.61633931090253 -1.42918304438306 1.82706147199278
			vertex -4.61133431225772 -1.44413237090879 1.80849850129529
		endloop
	endfacet
	facet normal -0.971951749231801 -0.174678533902321 -0.157471289316429
		outer loop
			vertex -6.62820196107619 -2.6096672214609 15.55
			vertex -4.61133431225772 -1.44413237090879 1.80849850129529
			vertex -4.60835412362073 -1.45311607768804 1.80006941663286
		endloop
	endfacet
	facet normal -0.966968438151409 -0.199372540289161 -0.158816339832123
		outer loop
			vertex -4.60835412362073 -1.45311607768804 1.80006941663286
			vertex -4.60672393277359 -1.45805653111592 1.79634591848479
			vertex -6.62820196107619 -2.6096672214609 15.55
		endloop
	endfacet
	facet normal -0.962903495433955 -0.217488714207432 -0.159735774557453
		outer loop
			vertex -6.62820196107619 -2.6096672214609 15.55
			vertex -4.60672393277359 -1.45805653111592 1.79634591848479
			vertex -4.60501268599038 -1.463262352322 1.79311835002033
		endloop
	endfacet
	facet normal -0.959082330303735 -0.233248714136987 -0.160487136720052
		outer loop
			vertex -6.62820196107619 -2.6096672214609 15.55
			vertex -4.60501268599038 -1.463262352322 1.79311835002033
			vertex -6.61784831501183 -2.65223979911173 15.55
		endloop
	endfacet
	facet normal -0.958310382844307 -0.236297968454092 -0.160637729806132
		outer loop
			vertex -6.61784831501183 -2.65223979911173 15.55
			vertex -4.60501268599038 -1.463262352322 1.79311835002033
			vertex -4.60323086125964 -1.46870391248357 1.79049311665218
		endloop
	endfacet
	facet normal -0.953426144360561 -0.254741849026804 -0.16150906353564
		outer loop
			vertex -6.61784831501183 -2.65223979911173 15.55
			vertex -4.60323086125964 -1.46870391248357 1.79049311665218
			vertex -4.60139594866302 -1.47432843928618 1.78853253761281
		endloop
	endfacet
	facet normal -0.944945670107908 -0.283878058808874 -0.162760339982508
		outer loop
			vertex -6.61784831501183 -2.65223979911173 15.55
			vertex -4.60139594866302 -1.47432843928618 1.78853253761281
			vertex -4.82400750930483 -1.61656532705344 3.32904149674732
		endloop
	endfacet
	facet normal -0.947904096010106 -0.274118305747604 -0.162286719177282
		outer loop
			vertex -4.82400750930483 -1.61656532705344 3.32904149674732
			vertex -4.60139594866302 -1.47432843928618 1.78853253761281
			vertex -4.59952757813136 -1.48007726121952 1.78732985909171
		endloop
	endfacet
	facet normal -0.941907432472585 -0.293592410948382 -0.163137625600044
		outer loop
			vertex -4.82400750930483 -1.61656532705344 3.32904149674732
			vertex -4.59952757813136 -1.48007726121952 1.78732985909171
			vertex -4.59767593735856 -1.48589273306415 1.78710492136586
		endloop
	endfacet
	facet normal 0.685592991156628 -0.687847055815432 -0.238387663864868
		outer loop
			vertex 3.73812060007533 -3.0589082569381 1.69531982761027
			vertex 3.74349966349108 -3.05221496042609 1.69147685978295
			vertex 6.79572071018895 -4.81295463169065 15.55
		endloop
	endfacet
	facet normal 0.70651821005774 -0.665691321456937 -0.240181355216687
		outer loop
			vertex 6.79572071018895 -4.81295463169065 15.55
			vertex 3.74349966349108 -3.05221496042609 1.69147685978295
			vertex 3.74912351163635 -3.04522395117724 1.68864357133165
		endloop
	endfacet
	facet normal 0.727641479414685 -0.641929641509282 -0.24179374017326
		outer loop
			vertex 6.79572071018895 -4.81295463169065 15.55
			vertex 3.74912351163635 -3.04522395117724 1.68864357133165
			vertex 6.81286707173806 -4.79351885076169 15.55
		endloop
	endfacet
	facet normal 0.726419895954868 -0.643346014544241 -0.241702379655144
		outer loop
			vertex 6.81286707173806 -4.79351885076169 15.55
			vertex 3.74912351163635 -3.04522395117724 1.68864357133165
			vertex 3.75482723975066 -3.03813984575884 1.68692977188635
		endloop
	endfacet
	facet normal 0.745734090773164 -0.620329055466765 -0.243048408351986
		outer loop
			vertex 6.81286707173806 -4.79351885076169 15.55
			vertex 3.75482723975066 -3.03813984575884 1.68692977188635
			vertex 3.76042688202197 -3.0311909564568 1.68637533995098
		endloop
	endfacet
	facet normal 0.668729694956655 -0.704784654282736 -0.23681044354239
		outer loop
			vertex 6.79572071018895 -4.81295463169065 15.55
			vertex 6.77689545910368 -4.83081683163957 15.55
			vertex 3.73812060007533 -3.0589082569381 1.69531982761027
		endloop
	endfacet
	facet normal 0.656951864659587 -0.716148672481567 -0.235680560129978
		outer loop
			vertex 3.73812060007533 -3.0589082569381 1.69531982761027
			vertex 6.77689545910368 -4.83081683163957 15.55
			vertex 3.72855436662089 -3.07082946256826 1.70487853147414
		endloop
	endfacet
	facet normal 0.623473569050886 -0.746575121004955 -0.23217729732122
		outer loop
			vertex 3.72855436662089 -3.07082946256826 1.70487853147414
			vertex 6.77689545910368 -4.83081683163957 15.55
			vertex 3.72020849667406 -3.08125124928668 1.71597874405971
		endloop
	endfacet
	facet normal 0.604838887840009 -0.762392413256757 -0.230060270288028
		outer loop
			vertex 3.72020849667406 -3.08125124928668 1.71597874405971
			vertex 6.77689545910368 -4.83081683163957 15.55
			vertex 6.75653149312734 -4.84697244693554 15.55
		endloop
	endfacet
	facet normal 0.590434251885749 -0.774095775401043 -0.228392479531121
		outer loop
			vertex 3.72020849667406 -3.08125124928668 1.71597874405971
			vertex 6.75653149312734 -4.84697244693554 15.55
			vertex 3.71268165652546 -3.09067146142801 1.72844869138735
		endloop
	endfacet
	facet normal 0.555549024208288 -0.800717035105828 -0.224092640201663
		outer loop
			vertex 3.71268165652546 -3.09067146142801 1.72844869138735
			vertex 6.75653149312734 -4.84697244693554 15.55
			vertex 3.70586767071591 -3.09922141147204 1.74210637991892
		endloop
	endfacet
	facet normal 0.536444498979086 -0.81432387395395 -0.221594060894483
		outer loop
			vertex 6.75653149312734 -4.84697244693554 15.55
			vertex 6.73478044432528 -4.86130118130045 15.55
			vertex 3.70586767071591 -3.09922141147204 1.74210637991892
		endloop
	endfacet
	facet normal 0.503867077430737 -0.83602317661592 -0.217216980096937
		outer loop
			vertex 3.70586767071591 -3.09922141147204 1.74210637991892
			vertex 6.73478044432528 -4.86130118130045 15.55
			vertex 3.6939535602772 -3.11423577518735 1.7722570064412
		endloop
	endfacet
	facet normal 0.439377377869139 -0.873939443642286 -0.207791647240816
		outer loop
			vertex 6.73478044432528 -4.86130118130045 15.55
			vertex 6.69604924808193 -4.88077348177955 15.55
			vertex 3.6939535602772 -3.11423577518735 1.7722570064412
		endloop
	endfacet
	facet normal 0.420511650133128 -0.883835698881863 -0.204949773077021
		outer loop
			vertex 3.6939535602772 -3.11423577518735 1.7722570064412
			vertex 6.69604924808193 -4.88077348177955 15.55
			vertex 3.67447774427985 -3.13901547629728 1.83915816334412
		endloop
	endfacet
	facet normal 0.318756895948934 -0.928952881097804 -0.188256702364322
		outer loop
			vertex 3.67447774427985 -3.13901547629728 1.83915816334412
			vertex 6.69604924808193 -4.88077348177955 15.55
			vertex 3.65966164287445 -3.15816570364693 1.90856830498575
		endloop
	endfacet
	facet normal 0.310261147057608 -0.932124674274773 -0.186766196713018
		outer loop
			vertex 3.65966164287445 -3.15816570364693 1.90856830498575
			vertex 6.69604924808193 -4.88077348177955 15.55
			vertex 6.65473931570535 -4.89452364563397 15.55
		endloop
	endfacet
	facet normal 0.196219724365563 -0.966391326100023 -0.166089206779193
		outer loop
			vertex 3.65966164287445 -3.15816570364693 1.90856830498575
			vertex 6.65473931570535 -4.89452364563397 15.55
			vertex 6.6252563539631 -4.90050997691645 15.55
		endloop
	endfacet
	facet normal 0.124144326418371 -0.980518152334635 -0.152224633881647
		outer loop
			vertex 3.65966164287445 -3.15816570364693 1.90856830498575
			vertex 6.6252563539631 -4.90050997691645 15.55
			vertex 3.62378952197768 -3.20712064392061 2.19464478412333
		endloop
	endfacet
	facet normal 0.10105431224851 -0.983891582925477 -0.147463144630716
		outer loop
			vertex 3.62378952197768 -3.20712064392061 2.19464478412333
			vertex 6.6252563539631 -4.90050997691645 15.55
			vertex 6.59523905811578 -4.90359301699937 15.55
		endloop
	endfacet
	facet normal 0.0049102552539093 -0.991879471159648 -0.127086600731152
		outer loop
			vertex 3.62378952197768 -3.20712064392061 2.19464478412333
			vertex 6.59523905811578 -4.90359301699937 15.55
			vertex 6.56497900838873 -4.90374281803112 15.55
		endloop
	endfacet
	facet normal -0.0912845463902848 -0.990200493368795 -0.105688762517659
		outer loop
			vertex 6.56497900838873 -4.90374281803112 15.55
			vertex 6.53477014305549 -4.90095792488335 15.55
			vertex 3.62378952197768 -3.20712064392061 2.19464478412333
		endloop
	endfacet
	facet normal -0.172314397513955 -0.981202612869136 -0.0868860225133142
		outer loop
			vertex 3.62378952197768 -3.20712064392061 2.19464478412333
			vertex 6.53477014305549 -4.90095792488335 15.55
			vertex 3.61002192384688 -3.23030231126479 2.48373924626248
		endloop
	endfacet
	facet normal -0.186590281583322 -0.97889188898716 -0.0833950627663639
		outer loop
			vertex 6.53477014305549 -4.90095792488335 15.55
			vertex 6.50490590319767 -4.89526538928566 15.55
			vertex 3.61002192384688 -3.23030231126479 2.48373924626248
		endloop
	endfacet
	facet normal -0.280087226430662 -0.95809576024873 -0.0600304904510039
		outer loop
			vertex 3.61002192384688 -3.23030231126479 2.48373924626248
			vertex 6.50490590319767 -4.89526538928566 15.55
			vertex 6.47567638229444 -4.88672050705222 15.55
		endloop
	endfacet
	facet normal -0.370859767242188 -0.927978991797307 -0.0363045978344961
		outer loop
			vertex 3.61002192384688 -3.23030231126479 2.48373924626248
			vertex 6.47567638229444 -4.88672050705222 15.55
			vertex 6.44736550832966 -4.87540628095249 15.55
		endloop
	endfacet
	facet normal -0.458031316441231 -0.888853124610626 -0.0121423238730756
		outer loop
			vertex 6.42024828578914 -4.86143261444385 15.55
			vertex 4.06989250891666 -3.50445407397513 4.87510230381447
			vertex 6.44736550832966 -4.87540628095249 15.55
		endloop
	endfacet
	facet normal -0.458031316441151 -0.888853124610667 -0.0121423238730993
		outer loop
			vertex 6.44736550832966 -4.87540628095249 15.55
			vertex 4.06989250891666 -3.50445407397513 4.87510230381447
			vertex 3.60956363028892 -3.23868307198365 2.78437045193734
		endloop
	endfacet
	facet normal -0.408920059331527 -0.912198240767703 -0.0260529195409705
		outer loop
			vertex 6.44736550832966 -4.87540628095249 15.55
			vertex 3.60956363028892 -3.23868307198365 2.78437045193734
			vertex 3.61002192384688 -3.23030231126479 2.48373924626248
		endloop
	endfacet
	facet normal 0.522934162225171 0.8523460440969 -0.00678845271209435
		outer loop
			vertex 4.6095636302888 -1.5066322644147 2.7843704519367
			vertex 7.42024828578914 -3.12938180687498 15.55
			vertex 4.60828811324952 -1.50642172242407 2.7125489600316
		endloop
	endfacet
	facet normal 0.540753911549409 0.841093603682878 -0.012114329852046
		outer loop
			vertex 4.60828811324952 -1.50642172242407 2.7125489600316
			vertex 7.42024828578914 -3.12938180687498 15.55
			vertex 7.44590844723989 -3.14587917722083 15.55
		endloop
	endfacet
	facet normal 0.618221777096109 0.785161290663269 -0.0363810660662891
		outer loop
			vertex 4.60828811324952 -1.50642172242407 2.7125489600316
			vertex 7.44590844723989 -3.14587917722083 15.55
			vertex 7.46986229144881 -3.1647400002278 15.55
		endloop
	endfacet
	facet normal 0.689671236324477 0.721589170447176 -0.060519871777991
		outer loop
			vertex 7.46986229144881 -3.1647400002278 15.55
			vertex 7.49187713698693 -3.18578106675373 15.55
			vertex 4.60828811324952 -1.50642172242407 2.7125489600316
		endloop
	endfacet
	facet normal 0.716454341472075 0.69409990099497 -0.0701320470583012
		outer loop
			vertex 4.60828811324952 -1.50642172242407 2.7125489600316
			vertex 7.49187713698693 -3.18578106675373 15.55
			vertex 4.58658774778995 -1.54045780870441 2.15400594288688
		endloop
	endfacet
	facet normal 0.754433316760456 0.651023383408452 -0.083659576960612
		outer loop
			vertex 7.49187713698693 -3.18578106675373 15.55
			vertex 7.51173913735538 -3.20879798933646 15.55
			vertex 4.58658774778995 -1.54045780870441 2.15400594288688
		endloop
	endfacet
	facet normal 0.811888637451722 0.574149416318318 -0.105779431451118
		outer loop
			vertex 4.58658774778995 -1.54045780870441 2.15400594288688
			vertex 7.51173913735538 -3.20879798933646 15.55
			vertex 7.5292553582348 -3.23356718756067 15.55
		endloop
	endfacet
	facet normal 0.861447757585858 0.491687221597371 -0.127088304214645
		outer loop
			vertex 4.58658774778995 -1.54045780870441 2.15400594288688
			vertex 7.5292553582348 -3.23356718756067 15.55
			vertex 7.54425565159932 -3.25984805985995 15.55
		endloop
	endfacet
	facet normal 0.878302068120319 0.458635477705987 -0.135051752024814
		outer loop
			vertex 4.58658774778995 -1.54045780870441 2.15400594288688
			vertex 7.54425565159932 -3.25984805985995 15.55
			vertex 4.57680823961318 -1.56195491875533 2.01740127602578
		endloop
	endfacet
	facet normal 0.902639741408215 0.404446983562296 -0.147187413585098
		outer loop
			vertex 4.57680823961318 -1.56195491875533 2.01740127602578
			vertex 7.54425565159932 -3.25984805985995 15.55
			vertex 7.55659430849028 -3.28738532065811 15.55
		endloop
	endfacet
	facet normal 0.935051637717432 0.313271880672789 -0.165949280148129
		outer loop
			vertex 4.57680823961318 -1.56195491875533 2.01740127602578
			vertex 7.55659430849028 -3.28738532065811 15.55
			vertex 7.56615147439531 -3.31591148014694 15.55
		endloop
	endfacet
	facet normal 0.944177821693274 0.280869128205823 -0.172164961137409
		outer loop
			vertex 4.57680823961318 -1.56195491875533 2.01740127602578
			vertex 7.56615147439531 -3.31591148014694 15.55
			vertex 4.56291710169184 -1.59493971547097 1.88740899831072
		endloop
	endfacet
	facet normal 0.962389216512468 0.197371377340778 -0.186685659189779
		outer loop
			vertex 4.56291710169184 -1.59493971547097 1.88740899831072
			vertex 7.56615147439531 -3.31591148014694 15.55
			vertex 7.57489844937947 -3.35856201294088 15.55
		endloop
	endfacet
	facet normal 0.970354583787452 0.141969324486955 -0.195593181444036
		outer loop
			vertex 4.56291710169184 -1.59493971547097 1.88740899831072
			vertex 7.57489844937947 -3.35856201294088 15.55
			vertex 4.55378952607543 -1.61741031990061 1.82581625115562
		endloop
	endfacet
	facet normal 0.97653995194109 0.0564576064025192 -0.207803418985812
		outer loop
			vertex 4.55378952607543 -1.61741031990061 1.82581625115562
			vertex 7.57489844937947 -3.35856201294088 15.55
			vertex 7.57740054061612 -3.40184036304613 15.55
		endloop
	endfacet
	facet normal 0.976648076569725 0.0524206588322981 -0.208352127563517
		outer loop
			vertex 4.55378952607543 -1.61741031990061 1.82581625115562
			vertex 7.57740054061612 -3.40184036304613 15.55
			vertex 4.54262311070567 -1.64537750868694 1.76643736839788
		endloop
	endfacet
	facet normal 0.974973497963559 -0.0364648680012978 -0.219310263486116
		outer loop
			vertex 4.54262311070567 -1.64537750868694 1.76643736839788
			vertex 7.57740054061612 -3.40184036304613 15.55
			vertex 4.53543324280079 -1.66359883397454 1.73750350849172
		endloop
	endfacet
	facet normal 0.973443897068972 -0.0574124195981045 -0.221609551542943
		outer loop
			vertex 7.57740054061612 -3.40184036304613 15.55
			vertex 7.57586701705306 -3.42784169105013 15.55
			vertex 4.53543324280079 -1.66359883397454 1.73750350849172
		endloop
	endfacet
	facet normal 0.970015240760729 -0.0914134655857793 -0.225197715355867
		outer loop
			vertex 4.53543324280079 -1.66359883397454 1.73750350849172
			vertex 7.57586701705306 -3.42784169105013 15.55
			vertex 4.53136374022652 -1.67397010033734 1.72418451849269
		endloop
	endfacet
	facet normal 0.96434429241752 -0.132404296405533 -0.22914883367608
		outer loop
			vertex 4.53136374022652 -1.67397010033734 1.72418451849269
			vertex 7.57586701705306 -3.42784169105013 15.55
			vertex 4.52695976487657 -1.68523267219379 1.71215855464166
		endloop
	endfacet
	facet normal 0.96266954040754 -0.142609472329411 -0.230064978589664
		outer loop
			vertex 4.52695976487657 -1.68523267219379 1.71215855464166
			vertex 7.57586701705306 -3.42784169105013 15.55
			vertex 7.57205782678115 -3.45355521055543 15.55
		endloop
	endfacet
	facet normal 0.956230524961313 -0.176964339793852 -0.233038206252835
		outer loop
			vertex 4.52695976487657 -1.68523267219379 1.71215855464166
			vertex 7.57205782678115 -3.45355521055543 15.55
			vertex 4.5221858219419 -1.69747980480118 1.70186975152703
		endloop
	endfacet
	facet normal 0.944724761628116 -0.226744216782198 -0.236816775002378
		outer loop
			vertex 4.5221858219419 -1.69747980480118 1.70186975152703
			vertex 7.57205782678115 -3.45355521055543 15.55
			vertex 7.56600133340054 -3.47878945620234 15.55
		endloop
	endfacet
	facet normal 0.945526618801251 -0.223616332917416 -0.23659067773444
		outer loop
			vertex 4.5221858219419 -1.69747980480118 1.70186975152703
			vertex 7.56600133340054 -3.47878945620234 15.55
			vertex 4.51700578327836 -1.7108063896093 1.6937636738233
		endloop
	endfacet
	facet normal 0.935837160146139 -0.259033775678686 -0.238977640684757
		outer loop
			vertex 4.51700578327836 -1.7108063896093 1.6937636738233
			vertex 7.56600133340054 -3.47878945620234 15.55
			vertex 4.51424849446936 -1.71791367457717 1.69066988451921
		endloop
	endfacet
	facet normal 0.919744415357454 -0.309189940988725 -0.241809410094323
		outer loop
			vertex 7.55774263414823 -3.50335653135082 15.55
			vertex 7.54165042442302 -3.49406568973412 15.4769120470132
			vertex 7.56600133340054 -3.47878945620234 15.55
		endloop
	endfacet
	facet normal 0.919731466959598 -0.309240012516445 -0.241794630509396
		outer loop
			vertex 7.56600133340054 -3.47878945620234 15.55
			vertex 7.54165042442302 -3.49406568973412 15.4769120470132
			vertex 4.5113558392776 -1.72537887289442 1.6883262108892
		endloop
	endfacet
	facet normal 0.928135558367332 -0.284143567750413 -0.240472073638973
		outer loop
			vertex 7.56600133340054 -3.47878945620234 15.55
			vertex 4.5113558392776 -1.72537887289442 1.6883262108892
			vertex 4.51424849446936 -1.71791367457717 1.69066988451921
		endloop
	endfacet
	facet normal 0.919476962787259 -0.309966826252119 -0.241831928261563
		outer loop
			vertex 4.5113558392776 -1.72537887289442 1.6883262108892
			vertex 7.54165042442302 -3.49406568973412 15.4769120470132
			vertex 4.50835939918912 -1.73312063359654 1.68685631136087
		endloop
	endfacet
	facet normal 0.909803767931659 -0.336406044117788 -0.243080392747703
		outer loop
			vertex 4.50835939918912 -1.73312063359654 1.68685631136087
			vertex 7.54165042442302 -3.49406568973412 15.4769120470132
			vertex 4.73096576892267 -1.87131614727384 2.71128249894992
		endloop
	endfacet
	facet normal 0.909625899595542 -0.336869473302442 -0.243104258995882
		outer loop
			vertex 4.50835939918912 -1.73312063359654 1.68685631136087
			vertex 4.73096576892267 -1.87131614727384 2.71128249894992
			vertex 4.50530181302422 -1.74102973067654 1.68637533995098
		endloop
	endfacet
	facet normal 0.252885372662769 0.937667300999691 -0.238388382538177
		outer loop
			vertex 0.780028746940656 4.76676236004612 1.69533668817371
			vertex 0.771542405545365 4.76807415675711 1.69149403982362
			vertex 0.77027731845109 8.29174053473663 15.55
		endloop
	endfacet
	facet normal 0.223234450402479 0.944711051292145 -0.240182034548784
		outer loop
			vertex 0.77027731845109 8.29174053473663 15.55
			vertex 0.771542405545365 4.76807415675711 1.69149403982362
			vertex 0.762675926962143 4.76944907432783 1.68866117328083
		endloop
	endfacet
	facet normal 0.192093939977535 0.951123235863747 -0.241794351513805
		outer loop
			vertex 0.77027731845109 8.29174053473663 15.55
			vertex 0.762675926962143 4.76944907432783 1.68866117328083
			vertex 0.744871247888138 8.29687168074354 15.55
		endloop
	endfacet
	facet normal 0.193932350604817 0.950773332016717 -0.241702946847405
		outer loop
			vertex 0.744871247888138 8.29687168074354 15.55
			vertex 0.762675926962143 4.76944907432783 1.68866117328083
			vertex 0.753688999331843 4.77084660395507 1.68694782180881
		endloop
	endfacet
	facet normal 0.164805802458239 0.955916153752204 -0.24302953415519
		outer loop
			vertex 0.744871247888138 8.29687168074354 15.55
			vertex 0.753688999331843 4.77084660395507 1.68694782180881
			vertex 0.744871247888142 4.7722211847652 1.68637491777062
		endloop
	endfacet
	facet normal 0.275987220972967 0.93153183255466 -0.236811103618424
		outer loop
			vertex 0.77027731845109 8.29174053473663 15.55
			vertex 0.795160058338023 8.28436846435578 15.55
			vertex 0.780028746940656 4.76676236004612 1.69533668817371
		endloop
	endfacet
	facet normal 0.291717663659175 0.927014103071533 -0.235681262334775
		outer loop
			vertex 0.780028746940656 4.76676236004612 1.69533668817371
			vertex 0.795160058338023 8.28436846435578 15.55
			vertex 0.795136521458637 4.76443826800476 1.70489510008978
		endloop
	endfacet
	facet normal 0.3348088488336 0.91323405360571 -0.232177944856101
		outer loop
			vertex 0.795136521458637 4.76443826800476 1.70489510008978
			vertex 0.795160058338023 8.28436846435578 15.55
			vertex 0.808335326492044 4.76242137193206 1.71599511454051
		endloop
	endfacet
	facet normal 0.357825674777304 0.905004306421989 -0.230060843751869
		outer loop
			vertex 0.808335326492044 4.76242137193206 1.71599511454051
			vertex 0.795160058338023 8.28436846435578 15.55
			vertex 0.81933417446472 8.27481036683757 15.55
		endloop
	endfacet
	facet normal 0.375162201613727 0.89838180433315 -0.228393205072865
		outer loop
			vertex 0.808335326492044 4.76242137193206 1.71599511454051
			vertex 0.81933417446472 8.27481036683757 15.55
			vertex 0.82025718063246 4.76061299666622 1.72846491464465
		endloop
	endfacet
	facet normal 0.41565987508529 0.881481144163103 -0.22409341964678
		outer loop
			vertex 0.82025718063246 4.76061299666622 1.72846491464465
			vertex 0.81933417446472 8.27481036683757 15.55
			vertex 0.831068894803311 4.75898684729156 1.74212250331985
		endloop
	endfacet
	facet normal 0.436999948036077 0.871737896905954 -0.221594414447768
		outer loop
			vertex 0.81933417446472 8.27481036683757 15.55
			vertex 0.842619650620923 8.26313741800012 15.55
			vertex 0.831068894803311 4.75898684729156 1.74212250331985
		endloop
	endfacet
	facet normal 0.47207795684752 0.85437629480432 -0.217217746823578
		outer loop
			vertex 0.831068894803311 4.75898684729156 1.74212250331985
			vertex 0.842619650620923 8.26313741800012 15.55
			vertex 0.850029146930018 4.75617604655303 1.77227305805417
		endloop
	endfacet
	facet normal 0.537163764941589 0.817482498219216 -0.207791854361632
		outer loop
			vertex 0.842619650620923 8.26313741800012 15.55
			vertex 0.878848862476475 8.23933137948114 15.55
			vertex 0.850029146930018 4.75617604655303 1.77227305805417
		endloop
	endfacet
	facet normal 0.55516484833281 0.806093882266763 -0.204950345566201
		outer loop
			vertex 0.850029146930018 4.75617604655303 1.77227305805417
			vertex 0.878848862476475 8.23933137948114 15.55
			vertex 0.88122737962334 4.7516992704135 1.83917443470326
		endloop
	endfacet
	facet normal 0.645115953543759 0.740529966993461 -0.188257202964431
		outer loop
			vertex 0.88122737962334 4.7516992704135 1.83917443470326
			vertex 0.878848862476475 8.23933137948114 15.55
			vertex 0.9052203675508 4.74844321010791 1.9085850540517
		endloop
	endfacet
	facet normal 0.652112114434095 0.734757172485339 -0.186766398716805
		outer loop
			vertex 0.9052203675508 4.74844321010791 1.9085850540517
			vertex 0.878848862476475 8.23933137948114 15.55
			vertex 0.911411919265036 8.21043099632054 15.55
		endloop
	endfacet
	facet normal 0.738808865253953 0.653127683904099 -0.166089401047245
		outer loop
			vertex 0.9052203675508 4.74844321010791 1.9085850540517
			vertex 0.911411919265036 8.21043099632054 15.55
			vertex 0.931337766531168 8.1878911576784 15.55
		endloop
	endfacet
	facet normal 0.787080768424121 0.59777207755395 -0.152224857607851
		outer loop
			vertex 0.9052203675508 4.74844321010791 1.9085850540517
			vertex 0.931337766531168 8.1878911576784 15.55
			vertex 0.96555318946716 4.7418544424362 2.19466331472359
		endloop
	endfacet
	facet normal 0.801547402415972 0.579462102727318 -0.147463328265177
		outer loop
			vertex 0.96555318946716 4.7418544424362 2.19466331472359
			vertex 0.931337766531168 8.1878911576784 15.55
			vertex 0.949016452338622 8.16343691878961 15.55
		endloop
	endfacet
	facet normal 0.856537292700118 0.500192783300382 -0.127086764645929
		outer loop
			vertex 0.96555318946716 4.7418544424362 2.19466331472359
			vertex 0.949016452338622 8.16343691878961 15.55
			vertex 0.964276250029956 8.13730582246422 15.55
		endloop
	endfacet
	facet normal 0.9031807837661 0.416046064431592 -0.105688902476258
		outer loop
			vertex 0.964276250029956 8.13730582246422 15.55
			vertex 0.976968929466385 8.10975170011686 15.55
			vertex 0.96555318946716 4.7418544424362 2.19466331472359
		endloop
	endfacet
	facet normal 0.935903587180009 0.341372662317248 -0.0868860226159834
		outer loop
			vertex 0.96555318946716 4.7418544424362 2.19466331472359
			vertex 0.976968929466385 8.10975170011686 15.55
			vertex 0.992512901446222 4.74152218677905 2.48375777889665
		endloop
	endfacet
	facet normal 0.941040217635225 0.327854469338483 -0.0833951780850079
		outer loop
			vertex 0.976968929466385 8.10975170011686 15.55
			vertex 0.986971196901001 8.08104220610719 15.55
			vertex 0.992512901446222 4.74152218677905 2.48375777889665
		endloop
	endfacet
	facet normal 0.969778795090344 0.236485557147124 -0.0600305743262077
		outer loop
			vertex 0.992512901446222 4.74152218677905 2.48375777889665
			vertex 0.986971196901001 8.08104220610719 15.55
			vertex 0.994185892625662 8.05145621780748 15.55
		endloop
	endfacet
	facet normal 0.98908323363477 0.142815718404152 -0.0363046487283947
		outer loop
			vertex 0.992512901446222 4.74152218677905 2.48375777889665
			vertex 0.994185892625662 8.05145621780748 15.55
			vertex 0.998542934757882 8.02128112665243 15.55
		endloop
	endfacet
	facet normal 0.998785040902098 0.0477598745914518 -0.0121423411747045
		outer loop
			vertex 0.999999999999999 7.99081004648537 15.55
			vertex 1 5.27685323115439 4.8751033485332
			vertex 0.998542934757882 8.02128112665243 15.55
		endloop
	endfacet
	facet normal 0.998785040902108 0.0477598745912695 -0.0121423411746577
		outer loop
			vertex 0.998542934757882 8.02128112665243 15.55
			vertex 1 5.27685323115439 4.8751033485332
			vertex 1 4.74531567337033 2.78438898503802
		endloop
	endfacet
	facet normal 0.994446879418925 0.101963961193374 -0.02605291983097
		outer loop
			vertex 0.998542934757882 8.02128112665243 15.55
			vertex 1 4.74531567337033 2.78438898503802
			vertex 0.992512901446222 4.74152218677905 2.48375777889665
		endloop
	endfacet
	facet normal -0.999620405801101 0.0267013283354642 -0.00678847340451441
		outer loop
			vertex -1 4.74531567337023 2.78438898503771
			vertex -0.999999999999999 7.99081004648537 15.55
			vertex -0.999544573416379 4.74410576884289 2.71256727560198
		endloop
	endfacet
	facet normal -0.998785380061964 0.0477598908094001 -0.0121143470460774
		outer loop
			vertex -0.999544573416379 4.74410576884289 2.71256727560198
			vertex -0.999999999999999 7.99081004648537 15.55
			vertex -0.998542934757882 8.02128112665243 15.55
		endloop
	endfacet
	facet normal -0.989080481243397 0.14281532098083 -0.0363811175814018
		outer loop
			vertex -0.999544573416379 4.74410576884289 2.71256727560198
			vertex -0.998542934757882 8.02128112665243 15.55
			vertex -0.994185892625661 8.05145621780748 15.55
		endloop
	endfacet
	facet normal -0.969750084985676 0.236478556040124 -0.0605199570675083
		outer loop
			vertex -0.994185892625661 8.05145621780748 15.55
			vertex -0.986971196901 8.08104220610719 15.55
			vertex -0.999544573416379 4.74410576884289 2.71256727560198
		endloop
	endfacet
	facet normal -0.95933506064575 0.273418555582547 -0.0701322670314435
		outer loop
			vertex -0.999544573416379 4.74410576884289 2.71256727560198
			vertex -0.986971196901 8.08104220610719 15.55
			vertex -0.959218002705845 4.74233076811477 2.15402250082803
		endloop
	endfacet
	facet normal -0.94101927998386 0.327847174748473 -0.0836596958403579
		outer loop
			vertex -0.986971196901 8.08104220610719 15.55
			vertex -0.976968929466384 8.10975170011686 15.55
			vertex -0.959218002705845 4.74233076811477 2.15402250082803
		endloop
	endfacet
	facet normal -0.903172027110685 0.416042030718643 -0.105779573265752
		outer loop
			vertex -0.959218002705845 4.74233076811477 2.15402250082803
			vertex -0.976968929466384 8.10975170011686 15.55
			vertex -0.964276250029955 8.13730582246422 15.55
		endloop
	endfacet
	facet normal -0.856537104506794 0.500192673401008 -0.127088465562658
		outer loop
			vertex -0.959218002705845 4.74233076811477 2.15402250082803
			vertex -0.964276250029955 8.13730582246422 15.55
			vertex -0.949016452338621 8.16343691878961 15.55
		endloop
	endfacet
	facet normal -0.836339491184225 0.531316408259198 -0.135052322454141
		outer loop
			vertex -0.959218002705845 4.74233076811477 2.15402250082803
			vertex -0.949016452338621 8.16343691878961 15.55
			vertex -0.935710985125324 4.74461005501001 2.01741748537378
		endloop
	endfacet
	facet normal -0.801580686414861 0.579486164705305 -0.147187594863893
		outer loop
			vertex -0.935710985125324 4.74461005501001 2.01741748537378
			vertex -0.949016452338621 8.16343691878961 15.55
			vertex -0.931337766531167 8.1878911576784 15.55
		endloop
	endfacet
	facet normal -0.738826515483553 0.653143287200373 -0.165949469428261
		outer loop
			vertex -0.935710985125324 4.74461005501001 2.01741748537378
			vertex -0.931337766531167 8.1878911576784 15.55
			vertex -0.911411919265035 8.21043099632054 15.55
		endloop
	endfacet
	facet normal -0.715326045926894 0.677250058450638 -0.172165636371499
		outer loop
			vertex -0.935710985125324 4.74461005501001 2.01741748537378
			vertex -0.911411919265035 8.21043099632054 15.55
			vertex -0.900199351073775 4.74907243851713 1.88742495172335
		endloop
	endfacet
	facet normal -0.652122275271067 0.73476862105015 -0.186685863458776
		outer loop
			vertex -0.900199351073775 4.74907243851713 1.88742495172335
			vertex -0.911411919265035 8.21043099632054 15.55
			vertex -0.878848862476475 8.23933137948114 15.55
		endloop
	endfacet
	facet normal -0.608123249299113 0.769369347039872 -0.19559376650939
		outer loop
			vertex -0.900199351073775 4.74907243851713 1.88742495172335
			vertex -0.878848862476475 8.23933137948114 15.55
			vertex -0.876175170910045 4.75240307363266 1.82583212004035
		endloop
	endfacet
	facet normal -0.537162392227828 0.817480409155292 -0.207803621295142
		outer loop
			vertex -0.876175170910045 4.75240307363266 1.82583212004035
			vertex -0.878848862476475 8.23933137948114 15.55
			vertex -0.842619650620923 8.26313741800011 15.55
		endloop
	endfacet
	facet normal -0.533717627362438 0.819594180882403 -0.208352760736001
		outer loop
			vertex -0.876175170910045 4.75240307363266 1.82583212004035
			vertex -0.842619650620923 8.26313741800011 15.55
			vertex -0.846371170687785 4.75671634801086 1.76645308584899
		endloop
	endfacet
	facet normal -0.455901094802435 0.862587305921488 -0.219311038073897
		outer loop
			vertex -0.846371170687785 4.75671634801086 1.76645308584899
			vertex -0.842619650620923 8.26313741800011 15.55
			vertex -0.826995707115483 4.75960046659084 1.73751933479484
		endloop
	endfacet
	facet normal -0.436998370334664 0.871734749669622 -0.221609906239072
		outer loop
			vertex -0.842619650620923 8.26313741800011 15.55
			vertex -0.81933417446472 8.27481036683757 15.55
			vertex -0.826995707115483 4.75960046659084 1.73751933479484
		endloop
	endfacet
	facet normal -0.40583414658434 0.885767624618694 -0.225198491654621
		outer loop
			vertex -0.826995707115483 4.75960046659084 1.73751933479484
			vertex -0.81933417446472 8.27481036683757 15.55
			vertex -0.815978964415921 4.76126184160721 1.72420051481641
		endloop
	endfacet
	facet normal -0.367498530521404 0.901351918183445 -0.229149622848552
		outer loop
			vertex -0.815978964415921 4.76126184160721 1.72420051481641
			vertex -0.81933417446472 8.27481036683757 15.55
			vertex -0.804023068702329 4.76307921126271 1.71217481542174
		endloop
	endfacet
	facet normal -0.357825265552176 0.905003271419407 -0.230065551642757
		outer loop
			vertex -0.804023068702329 4.76307921126271 1.71217481542174
			vertex -0.81933417446472 8.27481036683757 15.55
			vertex -0.795160058338023 8.28436846435578 15.55
		endloop
	endfacet
	facet normal -0.324850634879518 0.916605096901901 -0.233038969599144
		outer loop
			vertex -0.804023068702329 4.76307921126271 1.71217481542174
			vertex -0.795160058338023 8.28436846435578 15.55
			vertex -0.791029507880364 4.76506846428774 1.70188637729177
		endloop
	endfacet
	facet normal -0.27598678258089 0.931530352862126 -0.236817435036383
		outer loop
			vertex -0.791029507880364 4.76506846428774 1.70188637729177
			vertex -0.795160058338023 8.28436846435578 15.55
			vertex -0.770277318451091 8.29174053473663 15.55
		endloop
	endfacet
	facet normal -0.279096226127638 0.930660959149671 -0.23659136855753
		outer loop
			vertex -0.791029507880364 4.76506846428774 1.70188637729177
			vertex -0.770277318451091 8.29174053473663 15.55
			vertex -0.776898038516556 4.7672457586699 1.69378076928622
		endloop
	endfacet
	facet normal -0.24357843126104 0.93997815393499 -0.238978279241817
		outer loop
			vertex -0.776898038516556 4.7672457586699 1.69378076928622
			vertex -0.770277318451091 8.29174053473663 15.55
			vertex -0.769364130667528 4.76841154719661 1.69068725923894
		endloop
	endfacet
	facet normal -0.192093166879667 0.951119407990011 -0.241810022502939
		outer loop
			vertex -0.744871247888139 8.29687168074354 15.55
			vertex -0.744871247888139 8.2782899566225 15.4769118861886
			vertex -0.770277318451091 8.29174053473663 15.55
		endloop
	endfacet
	facet normal -0.192043327883441 0.95113323004187 -0.241795241734763
		outer loop
			vertex -0.770277318451091 8.29174053473663 15.55
			vertex -0.744871247888139 8.2782899566225 15.4769118861886
			vertex -0.761452580669541 4.76963906124239 1.68834391866282
		endloop
	endfacet
	facet normal -0.217981262854726 0.94586312988298 -0.240472677392321
		outer loop
			vertex -0.770277318451091 8.29174053473663 15.55
			vertex -0.761452580669541 4.76963906124239 1.68834391866282
			vertex -0.769364130667528 4.76841154719661 1.69068725923894
		endloop
	endfacet
	facet normal -0.191287722685501 0.951276015161987 -0.241832483606579
		outer loop
			vertex -0.761452580669541 4.76963906124239 1.68834391866282
			vertex -0.744871247888139 8.2782899566225 15.4769118861886
			vertex -0.753249674181962 4.7709149690225 1.68687441040099
		endloop
	endfacet
	facet normal -0.163552658920421 0.956118293596163 -0.243080925641691
		outer loop
			vertex -0.753249674181962 4.7709149690225 1.68687441040099
			vertex -0.744871247888139 8.2782899566225 15.4769118861886
			vertex -0.744871247888136 5.03279558350736 2.7113008712263
		endloop
	endfacet
	facet normal -0.163552658920446 0.956118293596159 -0.24308092564169
		outer loop
			vertex -0.753249674181962 4.7709149690225 1.68687441040099
			vertex -0.744871247888136 5.03279558350736 2.7113008712263
			vertex -0.744871247888136 4.7722211847652 1.68637491777062
		endloop
	endfacet
	facet normal -0.732145563984896 -0.661233191218852 -0.163503944807982
		outer loop
			vertex -3.58565882281149 -3.2387577935889 1.78710492136586
			vertex -3.81199039475779 -3.36943038757821 3.32904149674751
			vertex -3.58667619600589 -3.23763131463853 1.78710492136587
		endloop
	endfacet
	facet normal -0.759282653651635 -0.629558084770353 -0.164761857734175
		outer loop
			vertex -3.58667619600589 -3.23763131463853 1.78710492136587
			vertex -3.81199039475779 -3.36943038757821 3.32904149674751
			vertex -3.84633853064466 -2.92446385437183 1.78710492136587
		endloop
	endfacet
	facet normal -0.759179130232365 -0.629673592672501 -0.164797496675573
		outer loop
			vertex -3.81199039475779 -3.36943038757821 3.32904149674751
			vertex -5.60583120046476 -4.40510485963648 15.55
			vertex -3.84633853064466 -2.92446385437183 1.78710492136587
		endloop
	endfacet
	facet normal -0.776573209816642 -0.608117782641587 -0.164702192548122
		outer loop
			vertex -3.84633853064466 -2.92446385437183 1.78710492136587
			vertex -5.60583120046476 -4.40510485963648 15.55
			vertex -6.0245556707288 -3.87038902796121 15.55
		endloop
	endfacet
	facet normal -0.791219821356281 -0.588659802363808 -0.165682924207465
		outer loop
			vertex -3.84633853064466 -2.92446385437183 1.78710492136587
			vertex -6.0245556707288 -3.87038902796121 15.55
			vertex -3.90682358927778 -2.84316566296441 1.78710492136587
		endloop
	endfacet
	facet normal -0.807327161043261 -0.566133578278738 -0.16648010868311
		outer loop
			vertex -3.90682358927778 -2.84316566296441 1.78710492136587
			vertex -6.0245556707288 -3.87038902796121 15.55
			vertex -4.00438329307553 -2.70404196191363 1.78710492136587
		endloop
	endfacet
	facet normal -0.8939496412464 -0.416099041489275 -0.16648010868311
		outer loop
			vertex -4.41566548593368 -1.9618256449367 1.78710492136587
			vertex -4.34396067845406 -2.11587667733662 1.78710492136587
			vertex -6.36413305610733 -3.2822237433842 15.55
		endloop
	endfacet
	facet normal -0.870675802315456 -0.462636009927001 -0.167007693179567
		outer loop
			vertex -6.36413305610733 -3.2822237433842 15.55
			vertex -4.34396067845406 -2.11587667733662 1.78710492136587
			vertex -4.18452345806573 -2.41593574494458 1.78710492136587
		endloop
	endfacet
	facet normal -0.853969727153258 -0.493039651851733 -0.166275695180358
		outer loop
			vertex -6.36413305610733 -3.2822237433842 15.55
			vertex -4.18452345806573 -2.41593574494458 1.78710492136587
			vertex -6.0245556707288 -3.87038902796121 15.55
		endloop
	endfacet
	facet normal -0.842165739306922 -0.512776921809609 -0.16678338045827
		outer loop
			vertex -6.0245556707288 -3.87038902796121 15.55
			vertex -4.18452345806573 -2.41593574494458 1.78710492136587
			vertex -4.06736950187094 -2.60834504406695 1.78710492136587
		endloop
	endfacet
	facet normal -0.823599720996712 -0.542080405072725 -0.166830255080809
		outer loop
			vertex -6.0245556707288 -3.87038902796121 15.55
			vertex -4.06736950187094 -2.60834504406695 1.78710492136587
			vertex -4.00438329307553 -2.70404196191363 1.78710492136587
		endloop
	endfacet
	facet normal -0.914905019472507 -0.36846234891995 -0.164876628945418
		outer loop
			vertex -6.36413305610733 -3.2822237433842 15.55
			vertex -6.61784831501183 -2.65223979911173 15.55
			vertex -4.41566548593368 -1.9618256449367 1.78710492136587
		endloop
	endfacet
	facet normal -0.921214230855804 -0.352298851023763 -0.165075317464744
		outer loop
			vertex -4.41566548593368 -1.9618256449367 1.78710492136587
			vertex -6.61784831501183 -2.65223979911173 15.55
			vertex -4.82400750930483 -1.61656532705344 3.32904149674732
		endloop
	endfacet
	facet normal -0.921214230855804 -0.352298851023763 -0.165075317464744
		outer loop
			vertex -4.41566548593368 -1.9618256449367 1.78710492136587
			vertex -4.82400750930483 -1.61656532705344 3.32904149674732
			vertex -4.59767593735856 -1.48589273306415 1.78710492136586
		endloop
	endfacet
	facet normal -0.500000000000004 0.866025403784436 1.5308549148406E-16
		outer loop
			vertex -4.69237769913451 -1.26576985476067 3.37809107335285
			vertex -6.47901881326296 -2.29728758294799 15.55
			vertex -4.71823231881612 -1.28069702639364 5.00000000000464
		endloop
	endfacet
	facet normal -0.500000000000017 0.866025403784429 -2.69214536913167E-15
		outer loop
			vertex -4.71823231881612 -1.28069702639364 5.00000000000464
			vertex -6.47901881326296 -2.29728758294799 15.55
			vertex -4.71925814454726 -1.28128928715565 5.06436587238342
		endloop
	endfacet
	facet normal -0.500000000000004 0.866025403784436 -3.74830111015173E-15
		outer loop
			vertex -6.52998301654241 -2.32671177943042 15.55
			vertex -4.77740697378829 -1.31486152937102 16.3
			vertex -6.47901881326296 -2.29728758294799 15.55
		endloop
	endfacet
	facet normal -0.500000000000005 0.866025403784436 -1.43534812098609E-15
		outer loop
			vertex -6.47901881326296 -2.29728758294799 15.55
			vertex -4.77740697378829 -1.31486152937102 16.3
			vertex -3.87556702188498 -0.794183990373686 15.3459636401865
		endloop
	endfacet
	facet normal -0.500000000000005 0.866025403784436 5.98648141230597E-17
		outer loop
			vertex -6.47901881326296 -2.29728758294799 15.55
			vertex -3.87556702188498 -0.794183990373686 15.3459636401865
			vertex -4.73416784560347 -1.28989740707399 6
		endloop
	endfacet
	facet normal -0.500000000000006 0.866025403784436 1.56499254760403E-16
		outer loop
			vertex -4.73416784560347 -1.28989740707399 6
			vertex -3.87556702188498 -0.794183990373686 15.3459636401865
			vertex -3.48034960701804 -0.566005109511824 5.99999999999999
		endloop
	endfacet
	facet normal -0.500000000000007 0.866025403784434 6.5442651502746E-15
		outer loop
			vertex -6.52998301654241 -2.32671177943042 15.55
			vertex -6.57902275050453 -2.35502488303444 15.55
			vertex -4.77740697378829 -1.31486152937102 16.3
		endloop
	endfacet
	facet normal -0.500000000000002 0.866025403784437 -7.41662998346126E-15
		outer loop
			vertex -4.77740697378829 -1.31486152937102 16.3
			vertex -6.57902275050453 -2.35502488303444 15.55
			vertex -6.6449603395713 -2.39309396783185 15.55
		endloop
	endfacet
	facet normal -0.500000000000005 0.866025403784436 -2.6232782204583E-16
		outer loop
			vertex -4.77740697378829 -1.31486152937102 16.3
			vertex -6.6449603395713 -2.39309396783185 15.55
			vertex -8.50583117443837 -3.46746824526949 16.3
		endloop
	endfacet
	facet normal -0.500000000000003 0.866025403784437 0
		outer loop
			vertex -8.50583117443837 -3.46746824526949 16.3
			vertex -6.6449603395713 -2.39309396783185 15.55
			vertex -6.68939138423101 -2.41874624342651 15.55
		endloop
	endfacet
	facet normal -0.500000000000005 0.866025403784436 0
		outer loop
			vertex -8.50583117443837 -3.46746824526949 16.3
			vertex -6.68939138423101 -2.41874624342651 15.55
			vertex -6.7368397577383 -2.44614057464356 15.55
		endloop
	endfacet
	facet normal -0.500000000000006 0.866025403784435 -1.45625936381227E-15
		outer loop
			vertex -6.7368397577383 -2.44614057464356 15.55
			vertex -7.49242499385067 -2.88237791410874 15.55
			vertex -8.50583117443837 -3.46746824526949 16.3
		endloop
	endfacet
	facet normal -0.500000000000005 0.866025403784436 0
		outer loop
			vertex -8.50583117443837 -3.46746824526949 16.3
			vertex -7.49242499385067 -2.88237791410874 15.55
			vertex -8.50583117443837 -3.46746824526949 15.55
		endloop
	endfacet
	facet normal -0.500000000000008 0.866025403784434 -5.11462017172436E-15
		outer loop
			vertex -4.77740697378829 -1.31486152937102 16.3
			vertex -4.69533625082409 -1.26747797537505 16.2951807601816
			vertex -3.87556702188498 -0.794183990373686 15.3459636401865
		endloop
	endfacet
	facet normal -0.5 0.866025403784439 3.97252234299925E-15
		outer loop
			vertex -3.87556702188498 -0.794183990373686 15.3459636401865
			vertex -4.69533625082409 -1.26747797537505 16.2951807601816
			vertex -4.61039176115919 -1.21843525140085 16.2812932196381
		endloop
	endfacet
	facet normal -0.5 0.866025403784438 2.20603375122855E-15
		outer loop
			vertex -3.87556702188498 -0.794183990373686 15.3459636401865
			vertex -4.61039176115919 -1.21843525140085 16.2812932196381
			vertex -4.52637036961002 -1.16992547837225 16.2591926467367
		endloop
	endfacet
	facet normal -0.499999999999996 0.866025403784441 2.55753649427232E-14
		outer loop
			vertex -4.44706894099303 -1.12414077721311 16.2297343098449
			vertex -4.37259512828278 -1.08114330139726 16.1921795324904
			vertex -4.52637036961002 -1.16992547837225 16.2591926467367
		endloop
	endfacet
	facet normal -0.499999999999998 0.86602540378444 2.09118273111083E-14
		outer loop
			vertex -4.52637036961002 -1.16992547837225 16.2591926467367
			vertex -4.37259512828278 -1.08114330139726 16.1921795324904
			vertex -4.29798545275987 -1.03806738514996 16.1445174561836
		endloop
	endfacet
	facet normal -0.500000000000006 0.866025403784435 -2.39612401472192E-15
		outer loop
			vertex -4.52637036961002 -1.16992547837225 16.2591926467367
			vertex -4.29798545275987 -1.03806738514996 16.1445174561836
			vertex -3.87556702188498 -0.794183990373686 15.3459636401865
		endloop
	endfacet
	facet normal -0.50000000000001 0.866025403784433 -5.08084176901817E-15
		outer loop
			vertex -3.87556702188498 -0.794183990373686 15.3459636401865
			vertex -4.29798545275987 -1.03806738514996 16.1445174561836
			vertex -4.22625135562309 -0.996651684857966 16.0890146891522
		endloop
	endfacet
	facet normal -0.500000000000003 0.866025403784437 -8.48742438024499E-16
		outer loop
			vertex -3.87556702188498 -0.794183990373686 15.3459636401865
			vertex -4.22625135562309 -0.996651684857966 16.0890146891522
			vertex -4.04913830759479 -0.894395418901831 15.8870259936753
		endloop
	endfacet
	facet normal -0.500000000000042 0.866025403784414 -4.63813778943475E-14
		outer loop
			vertex -4.04913830759479 -0.894395418901831 15.8870259936753
			vertex -4.22625135562309 -0.996651684857966 16.0890146891522
			vertex -4.1031630583219 -0.925586623277033 15.9624168008994
		endloop
	endfacet
	facet normal -0.499999999999958 0.866025403784463 6.30450002420715E-14
		outer loop
			vertex -4.22625135562309 -0.996651684857966 16.0890146891522
			vertex -4.16074269361483 -0.958830241213249 16.0281001127234
			vertex -4.1031630583219 -0.925586623277033 15.9624168008994
		endloop
	endfacet
	facet normal -0.500000000000035 0.866025403784419 -1.41803180381389E-14
		outer loop
			vertex -4.04913830759479 -0.894395418901831 15.8870259936753
			vertex -4.00026559135108 -0.866178743022494 15.8048212625734
			vertex -3.87556702188498 -0.794183990373686 15.3459636401865
		endloop
	endfacet
	facet normal -0.499999999999994 0.866025403784442 5.00846034258469E-16
		outer loop
			vertex -3.87556702188498 -0.794183990373686 15.3459636401865
			vertex -4.00026559135108 -0.866178743022494 15.8048212625734
			vertex -3.88439430305292 -0.799280423532205 15.4429647156723
		endloop
	endfacet
	facet normal -0.499999999999885 0.866025403784505 6.80514522002325E-14
		outer loop
			vertex -3.95899847300479 -0.842353161136589 15.7196978291047
			vertex -3.92707098310613 -0.823919816249046 15.6338152621976
			vertex -4.00026559135108 -0.866178743022494 15.8048212625734
		endloop
	endfacet
	facet normal -0.500000000000041 0.866025403784415 -2.08791075987279E-14
		outer loop
			vertex -4.00026559135108 -0.866178743022494 15.8048212625734
			vertex -3.92707098310613 -0.823919816249046 15.6338152621976
			vertex -3.90200558457931 -0.809448301662239 15.5405670853223
		endloop
	endfacet
	facet normal -0.500000000000024 0.866025403784425 -1.21895115404188E-14
		outer loop
			vertex -4.00026559135108 -0.866178743022494 15.8048212625734
			vertex -3.90200558457931 -0.809448301662239 15.5405670853223
			vertex -3.88439430305292 -0.799280423532205 15.4429647156723
		endloop
	endfacet
	facet normal -0.499999999999978 0.866025403784451 6.54486203677072E-15
		outer loop
			vertex -4.73416784560347 -1.28989740707399 6
			vertex -4.73175059478757 -1.28850180666473 5.84829431708728
			vertex -6.47901881326296 -2.29728758294799 15.55
		endloop
	endfacet
	facet normal -0.500000000000029 0.866025403784422 -6.81461576978761E-15
		outer loop
			vertex -6.47901881326296 -2.29728758294799 15.55
			vertex -4.73175059478757 -1.28850180666473 5.84829431708728
			vertex -4.72932744175399 -1.28710279860851 5.69622403603426
		endloop
	endfacet
	facet normal -0.499999999999991 0.866025403784444 3.17051001847214E-15
		outer loop
			vertex -6.47901881326296 -2.29728758294799 15.55
			vertex -4.72932744175399 -1.28710279860851 5.69622403603426
			vertex -4.72701256176923 -1.28576630202617 5.5509541212041
		endloop
	endfacet
	facet normal -0.500000000000022 0.866025403784426 -3.87356310573217E-15
		outer loop
			vertex -4.72701256176923 -1.28576630202617 5.5509541212041
			vertex -4.72489848858256 -1.28454574130276 5.41829046710184
			vertex -6.47901881326296 -2.29728758294799 15.55
		endloop
	endfacet
	facet normal -0.499999999999962 0.86602540378446 1.06757041307028E-14
		outer loop
			vertex -6.47901881326296 -2.29728758294799 15.55
			vertex -4.72489848858256 -1.28454574130276 5.41829046710184
			vertex -4.72369531432971 -1.28385108832399 5.34279010769599
		endloop
	endfacet
	facet normal -0.500000000000036 0.866025403784418 -6.79889225872304E-15
		outer loop
			vertex -6.47901881326296 -2.29728758294799 15.55
			vertex -4.72369531432971 -1.28385108832399 5.34279010769599
			vertex -4.72261572758729 -1.28322778862764 5.27504621539855
		endloop
	endfacet
	facet normal -0.499999999999987 0.866025403784446 4.14683974239744E-15
		outer loop
			vertex -4.72261572758729 -1.28322778862764 5.27504621539855
			vertex -4.7215997617128 -1.28264122045652 5.21129558570403
			vertex -6.47901881326296 -2.29728758294799 15.55
		endloop
	endfacet
	facet normal -0.500000000000028 0.866025403784423 -8.06917786115965E-15
		outer loop
			vertex -6.47901881326296 -2.29728758294799 15.55
			vertex -4.7215997617128 -1.28264122045652 5.21129558570403
			vertex -4.72069009614877 -1.28211602479825 5.15421604752262
		endloop
	endfacet
	facet normal -0.499999999999971 0.866025403784455 6.40769257782499E-15
		outer loop
			vertex -6.47901881326296 -2.29728758294799 15.55
			vertex -4.72069009614877 -1.28211602479825 5.15421604752262
			vertex -4.71925814454726 -1.28128928715565 5.06436587238342
		endloop
	endfacet
	facet normal -0.5 -0.866025403784439 -1.55830572142823E-16
		outer loop
			vertex 3.60956363028892 -3.23868307198365 2.78437045193734
			vertex 4.06989250891666 -3.50445407397513 4.87510230381447
			vertex 3.64444517587112 -3.25882194171529 5.00000000000327
		endloop
	endfacet
	facet normal -0.5 -0.866025403784439 -7.3745543792855E-17
		outer loop
			vertex 3.64444517587112 -3.25882194171529 5.00000000000327
			vertex 4.06989250891666 -3.50445407397513 4.87510230381447
			vertex 3.66018453717397 -3.26790906620036 6
		endloop
	endfacet
	facet normal -0.5 -0.866025403784439 -1.56797719932419E-16
		outer loop
			vertex 4.06989250891666 -3.50445407397513 4.87510230381447
			vertex 6.42024828578914 -4.86143261444385 15.55
			vertex 3.66018453717397 -3.26790906620036 6
		endloop
	endfacet
	facet normal -0.500000000000001 -0.866025403784438 1.46196471963192E-16
		outer loop
			vertex 3.66018453717397 -3.26790906620036 6
			vertex 6.42024828578914 -4.86143261444385 15.55
			vertex 2.81482442427448 -2.77984017745566 15.3459636401865
		endloop
	endfacet
	facet normal -0.500000000000001 -0.866025403784438 1.19463555683287E-16
		outer loop
			vertex 3.66018453717397 -3.26790906620036 6
			vertex 2.81482442427448 -2.77984017745566 15.3459636401865
			vertex 2.42829239972687 -2.55667580903269 6
		endloop
	endfacet
	facet normal -0.499999999999998 -0.86602540378444 -3.42244410546119E-15
		outer loop
			vertex 6.4983915200923 -4.90654863180413 15.55
			vertex 7.38083117443839 -5.41602540378444 16.3
			vertex 6.42024828578914 -4.86143261444385 15.55
		endloop
	endfacet
	facet normal -0.5 -0.866025403784439 7.9778743474105E-16
		outer loop
			vertex 6.42024828578914 -4.86143261444385 15.55
			vertex 7.38083117443839 -5.41602540378444 16.3
			vertex 3.7028988419858 -3.29257018158172 16.3
		endloop
	endfacet
	facet normal -0.5 -0.866025403784438 -1.125595677196E-15
		outer loop
			vertex 6.42024828578914 -4.86143261444385 15.55
			vertex 3.7028988419858 -3.29257018158172 16.3
			vertex 2.81482442427448 -2.77984017745566 15.3459636401865
		endloop
	endfacet
	facet normal -0.499999999999999 -0.866025403784439 -2.49914824937959E-15
		outer loop
			vertex 2.81482442427448 -2.77984017745566 15.3459636401865
			vertex 3.7028988419858 -3.29257018158172 16.3
			vertex 3.62145647971559 -3.24554941180157 16.2951369287551
		endloop
	endfacet
	facet normal -0.499999999999998 -0.86602540378444 -4.00499606627834E-15
		outer loop
			vertex 2.81482442427448 -2.77984017745566 15.3459636401865
			vertex 3.62145647971559 -3.24554941180157 16.2951369287551
			vertex 3.53718924311585 -3.19689770006685 16.2811286908582
		endloop
	endfacet
	facet normal -0.500000000000005 -0.866025403784436 7.84100891023134E-15
		outer loop
			vertex 6.4983915200923 -4.90654863180413 15.55
			vertex 6.54711718331176 -4.93468040658033 15.55
			vertex 7.38083117443839 -5.41602540378444 16.3
		endloop
	endfacet
	facet normal -0.500000000000005 -0.866025403784436 6.97693698811859E-15
		outer loop
			vertex 7.38083117443839 -5.41602540378444 16.3
			vertex 6.54711718331176 -4.93468040658033 15.55
			vertex 6.59092533122669 -4.95997305257171 15.55
		endloop
	endfacet
	facet normal -0.499999999999998 -0.86602540378444 -2.74439379529155E-15
		outer loop
			vertex 7.38083117443839 -5.41602540378444 16.3
			vertex 6.59092533122669 -4.95997305257171 15.55
			vertex 6.63547384873069 -4.98569315114465 15.55
		endloop
	endfacet
	facet normal -0.499999999999999 -0.866025403784439 -2.30012438339725E-16
		outer loop
			vertex 6.63547384873069 -4.98569315114465 15.55
			vertex 6.68530485294314 -5.0144630948407 15.55
			vertex 7.38083117443839 -5.41602540378444 16.3
		endloop
	endfacet
	facet normal -0.499999999999998 -0.86602540378444 -1.27805503656212E-15
		outer loop
			vertex 7.38083117443839 -5.41602540378444 16.3
			vertex 6.68530485294314 -5.0144630948407 15.55
			vertex 6.90053973011376 -5.13872900911415 15.55
		endloop
	endfacet
	facet normal -0.5 -0.866025403784439 0
		outer loop
			vertex 7.38083117443839 -5.41602540378444 16.3
			vertex 6.90053973011376 -5.13872900911415 15.55
			vertex 7.38083117443839 -5.41602540378444 15.55
		endloop
	endfacet
	facet normal -0.5 -0.866025403784439 -1.6942784058903E-15
		outer loop
			vertex 2.81482442427448 -2.77984017745566 15.3459636401865
			vertex 3.53718924311585 -3.19689770006685 16.2811286908582
			vertex 3.22802397928015 -3.01840105176722 16.1431080514719
		endloop
	endfacet
	facet normal -0.500000000000005 -0.866025403784436 1.24549514740278E-14
		outer loop
			vertex 3.22802397928015 -3.01840105176722 16.1431080514719
			vertex 3.53718924311585 -3.19689770006685 16.2811286908582
			vertex 3.45394020913906 -3.14883384789057 16.2588467500665
		endloop
	endfacet
	facet normal -0.500000000000014 -0.86602540378443 3.70012831224589E-14
		outer loop
			vertex 3.22802397928015 -3.01840105176722 16.1431080514719
			vertex 3.45394020913906 -3.14883384789057 16.2588467500665
			vertex 3.30179814961622 -3.06099458886999 16.1911868183896
		endloop
	endfacet
	facet normal -0.499999999999976 -0.866025403784452 -7.73215469934605E-14
		outer loop
			vertex 3.30179814961622 -3.06099458886999 16.1911868183896
			vertex 3.45394020913906 -3.14883384789057 16.2588467500665
			vertex 3.3755524547377 -3.10357665678578 16.2291625701369
		endloop
	endfacet
	facet normal -0.500000000000006 -0.866025403784435 2.15232574979039E-15
		outer loop
			vertex 3.22802397928015 -3.01840105176722 16.1431080514719
			vertex 3.15733996744864 -2.9775916185089 16.0872940374585
			vertex 2.81482442427448 -2.77984017745566 15.3459636401865
		endloop
	endfacet
	facet normal -0.499999999999995 -0.866025403784442 -4.63612561390593E-15
		outer loop
			vertex 2.81482442427448 -2.77984017745566 15.3459636401865
			vertex 3.15733996744864 -2.9775916185089 16.0872940374585
			vertex 2.98361566565541 -2.87729184610379 15.8845217980579
		endloop
	endfacet
	facet normal -0.500000000000001 -0.866025403784438 -2.17857460771456E-15
		outer loop
			vertex 2.81482442427448 -2.77984017745566 15.3459636401865
			vertex 2.98361566565541 -2.87729184610379 15.8845217980579
			vertex 2.93588777095819 -2.8497361332525 15.8023687294713
		endloop
	endfacet
	facet normal -0.500000000000007 -0.866025403784435 8.58293494381477E-15
		outer loop
			vertex 3.09308864380863 -2.94049609950955 16.0262245492255
			vertex 3.03660045885904 -2.90788263072287 15.9601931441718
			vertex 3.15733996744864 -2.9775916185089 16.0872940374585
		endloop
	endfacet
	facet normal -0.500000000000011 -0.866025403784432 1.37181811749336E-14
		outer loop
			vertex 3.15733996744864 -2.9775916185089 16.0872940374585
			vertex 3.03660045885904 -2.90788263072287 15.9601931441718
			vertex 2.98361566565541 -2.87729184610379 15.8845217980579
		endloop
	endfacet
	facet normal -0.5 -0.866025403784439 3.99799357077133E-15
		outer loop
			vertex 2.89578340675957 -2.82658186778675 15.7176113045218
			vertex 2.86481073037322 -2.80869978473757 15.6320477214742
			vertex 2.93588777095819 -2.8497361332525 15.8023687294713
		endloop
	endfacet
	facet normal -0.499999999999909 -0.866025403784491 -4.61298174306666E-14
		outer loop
			vertex 2.93588777095819 -2.8497361332525 15.8023687294713
			vertex 2.86481073037322 -2.80869978473757 15.6320477214742
			vertex 2.8404594779044 -2.79464058256959 15.5391746317472
		endloop
	endfacet
	facet normal -0.500000000000017 -0.866025403784429 5.72135646486462E-15
		outer loop
			vertex 2.93588777095819 -2.8497361332525 15.8023687294713
			vertex 2.8404594779044 -2.79464058256959 15.5391746317472
			vertex 2.82338260395967 -2.78478124480068 15.442217692007
		endloop
	endfacet
	facet normal -0.499999999999981 -0.86602540378445 -9.15464562339913E-15
		outer loop
			vertex 2.82338260395967 -2.78478124480068 15.442217692007
			vertex 2.81482442427448 -2.77984017745566 15.3459636401865
			vertex 2.93588777095819 -2.8497361332525 15.8023687294713
		endloop
	endfacet
	facet normal 1 9.03498967671976E-16 8.14447309147747E-17
		outer loop
			vertex 1 4.74531567337033 2.78438898503802
			vertex 1 5.27685323115439 4.8751033485332
			vertex 1 4.78559307586168 5.00000000000327
		endloop
	endfacet
	facet normal 1 8.78732433512988E-16 -1.5970302024861E-17
		outer loop
			vertex 1 4.78559307586168 5.00000000000327
			vertex 1 5.27685323115439 4.8751033485332
			vertex 1 4.80376732483183 6
		endloop
	endfacet
	facet normal 1 9.32557772632995E-16 6.66645247832326E-18
		outer loop
			vertex 1 5.27685323115439 4.8751033485332
			vertex 0.999999999999999 7.99081004648537 15.55
			vertex 1 4.80376732483183 6
		endloop
	endfacet
	facet normal 1 7.25480362934567E-16 7.57726882268306E-17
		outer loop
			vertex 1 4.80376732483183 6
			vertex 0.999999999999999 7.99081004648537 15.55
			vertex 1 3.82762954734244 15.3459636401865
		endloop
	endfacet
	facet normal 1 9.14638477511384E-16 9.55292792714554E-17
		outer loop
			vertex 1 4.80376732483183 6
			vertex 1 3.82762954734244 15.3459636401865
			vertex 1 3.38130081049649 6
		endloop
	endfacet
	facet normal 1 0 1.44560289664734E-15
		outer loop
			vertex 0.999999999999999 8.08104220610719 15.55
			vertex 0.999999999999998 9.1 16.3
			vertex 0.999999999999999 7.99081004648537 15.55
		endloop
	endfacet
	facet normal 1 9.70109520645117E-16 1.0888584502732E-17
		outer loop
			vertex 0.999999999999999 7.99081004648537 15.55
			vertex 0.999999999999998 9.1 16.3
			vertex 1 4.85308955559455 16.3
		endloop
	endfacet
	facet normal 1 7.6974313020315E-16 -8.27369720798055E-16
		outer loop
			vertex 0.999999999999999 7.99081004648537 15.55
			vertex 1 4.85308955559455 16.3
			vertex 1 3.82762954734244 15.3459636401865
		endloop
	endfacet
	facet normal 1 0 0
		outer loop
			vertex 1 3.82762954734244 15.3459636401865
			vertex 1 4.85308955559455 16.3
			vertex 1 4.75904801603425 16.295136928755
		endloop
	endfacet
	facet normal 1 0 0
		outer loop
			vertex 1 3.82762954734244 15.3459636401865
			vertex 1 4.75904801603425 16.295136928755
			vertex 1 4.6617445925648 16.2811286908582
		endloop
	endfacet
	facet normal 1 0 1.44560289664734E-15
		outer loop
			vertex 0.999999999999999 8.08104220610719 15.55
			vertex 0.999999999999999 8.13730582246422 15.55
			vertex 0.999999999999998 9.1 16.3
		endloop
	endfacet
	facet normal 1 4.28662642204517E-15 -4.05667750038455E-15
		outer loop
			vertex 0.999999999999998 9.1 16.3
			vertex 0.999999999999999 8.13730582246422 15.55
			vertex 0.999999999999999 8.1878911576784 15.55
		endloop
	endfacet
	facet normal 1 0 1.15648231731787E-15
		outer loop
			vertex 0.999999999999998 9.1 16.3
			vertex 0.999999999999999 8.1878911576784 15.55
			vertex 0.999999999999999 8.23933137948114 15.55
		endloop
	endfacet
	facet normal 1 0 1.15648231731787E-15
		outer loop
			vertex 0.999999999999999 8.23933137948114 15.55
			vertex 0.999999999999999 8.29687168074354 15.55
			vertex 0.999999999999998 9.1 16.3
		endloop
	endfacet
	facet normal 1 8.72480256840561E-16 2.22197514303461E-16
		outer loop
			vertex 0.999999999999998 9.1 16.3
			vertex 0.999999999999999 8.29687168074354 15.55
			vertex 0.999999999999998 8.54540502324269 15.55
		endloop
	endfacet
	facet normal 1 1.17296645435713E-15 0
		outer loop
			vertex 0.999999999999998 9.1 16.3
			vertex 0.999999999999998 8.54540502324269 15.55
			vertex 0.999999999999998 9.1 15.55
		endloop
	endfacet
	facet normal 1 3.70847147457723E-15 -3.30774963146968E-15
		outer loop
			vertex 1 3.82762954734244 15.3459636401865
			vertex 1 4.6617445925648 16.2811286908582
			vertex 1 4.30475129596555 16.1431080514719
		endloop
	endfacet
	facet normal 1 7.62838635875239E-15 -1.34466922063812E-14
		outer loop
			vertex 1 4.30475129596555 16.1431080514719
			vertex 1 4.6617445925648 16.2811286908582
			vertex 1 4.56561688821225 16.2588467500665
		endloop
	endfacet
	facet normal 1 -1.09379771346564E-14 2.84003776793914E-14
		outer loop
			vertex 1 4.30475129596555 16.1431080514719
			vertex 1 4.56561688821225 16.2588467500665
			vertex 1 4.3899383701711 16.1911868183896
		endloop
	endfacet
	facet normal 1 0 0
		outer loop
			vertex 1 4.3899383701711 16.1911868183896
			vertex 1 4.56561688821225 16.2588467500665
			vertex 1 4.47510250600266 16.2291625701369
		endloop
	endfacet
	facet normal 1 1.25965371504446E-15 -1.84203752843495E-15
		outer loop
			vertex 1 4.30475129596555 16.1431080514719
			vertex 1 4.22313242944891 16.0872940374585
			vertex 1 3.82762954734244 15.3459636401865
		endloop
	endfacet
	facet normal 1 2.56703849232778E-15 -2.53953280090785E-15
		outer loop
			vertex 1 3.82762954734244 15.3459636401865
			vertex 1 4.22313242944891 16.0872940374585
			vertex 1 4.0225328846387 15.8845217980579
		endloop
	endfacet
	facet normal 1 5.21307099900016E-15 -3.49712773955501E-15
		outer loop
			vertex 1 3.82762954734244 15.3459636401865
			vertex 1 4.0225328846387 15.8845217980579
			vertex 1 3.96742145893612 15.8023687294713
		endloop
	endfacet
	facet normal 1 0 0
		outer loop
			vertex 1 4.1489413914502 16.0262245492255
			vertex 1 4.08371445387685 15.9601931441718
			vertex 1 4.22313242944891 16.0872940374585
		endloop
	endfacet
	facet normal 1 0 0
		outer loop
			vertex 1 4.22313242944891 16.0872940374585
			vertex 1 4.08371445387685 15.9601931441718
			vertex 1 4.0225328846387 15.8845217980579
		endloop
	endfacet
	facet normal 1 1.99277589978643E-14 -8.32947449584854E-15
		outer loop
			vertex 1 3.92111292800461 15.7176113045218
			vertex 1 3.88534876190624 15.6320477214742
			vertex 1 3.96742145893612 15.8023687294713
		endloop
	endfacet
	facet normal 1 3.31794212045516E-14 -1.47150617479524E-14
		outer loop
			vertex 1 3.96742145893612 15.8023687294713
			vertex 1 3.88534876190624 15.6320477214742
			vertex 1 3.85723035757029 15.5391746317472
		endloop
	endfacet
	facet normal 1 2.73371802990126E-14 -1.22690989950164E-14
		outer loop
			vertex 1 3.96742145893612 15.8023687294713
			vertex 1 3.85723035757029 15.5391746317472
			vertex 1 3.83751168203248 15.442217692007
		endloop
	endfacet
	facet normal 1 -9.33308618581245E-15 9.58201894023753E-16
		outer loop
			vertex 1 3.83751168203248 15.442217692007
			vertex 1 3.82762954734244 15.3459636401865
			vertex 1 3.96742145893612 15.8023687294713
		endloop
	endfacet
	facet normal -0.042043322347631 0.0728211704250919 0.996458446792385
		outer loop
			vertex -3.42418360472182 0.62112288541246 5
			vertex -4.88392947736458 -0.221661787106294 5
			vertex -3.45603484009055 0.412173294658913 5.01392614217623
		endloop
	endfacet
	facet normal -0.0450192453812321 0.0795394332123053 0.995814614328174
		outer loop
			vertex -3.45603484009055 0.412173294658913 5.01392614217623
			vertex -4.88392947736458 -0.221661787106294 5
			vertex -4.87090286074454 -0.42188366143498 5.01658138233094
		endloop
	endfacet
	facet normal -0.113252707257472 0.195219719754965 0.974198688829772
		outer loop
			vertex -3.45603484009055 0.412173294658913 5.01392614217623
			vertex -4.87090286074454 -0.42188366143498 5.01658138233094
			vertex -4.86152107774809 -0.522786836825375 5.03789202684668
		endloop
	endfacet
	facet normal -0.129085672660251 0.218840951189398 0.967184329482426
		outer loop
			vertex -3.45603484009055 0.412173294658913 5.01392614217623
			vertex -4.86152107774809 -0.522786836825375 5.03789202684668
			vertex -3.47705954243064 0.198761220399177 5.05940797241411
		endloop
	endfacet
	facet normal -0.157576602251859 0.274058290654584 0.948715799249832
		outer loop
			vertex -3.47705954243064 0.198761220399177 5.05940797241411
			vertex -4.86152107774809 -0.522786836825375 5.03789202684668
			vertex -4.85046795231534 -0.621843125557365 5.06834256971871
		endloop
	endfacet
	facet normal -0.192078520764643 0.331530059633706 0.923684827969009
		outer loop
			vertex -3.47705954243064 0.198761220399177 5.05940797241411
			vertex -4.85046795231534 -0.621843125557365 5.06834256971871
			vertex -3.48315857918407 0.0947688568888344 5.09546475229169
		endloop
	endfacet
	facet normal -0.203847381796789 0.354404708662394 0.912602622948519
		outer loop
			vertex -3.48315857918407 0.0947688568888344 5.09546475229169
			vertex -4.85046795231534 -0.621843125557365 5.06834256971871
			vertex -4.83797864192443 -0.717300255055935 5.10820260132348
		endloop
	endfacet
	facet normal -0.236347742461161 0.408143595191073 0.881792804653122
		outer loop
			vertex -3.48315857918407 0.0947688568888344 5.09546475229169
			vertex -4.83797864192443 -0.717300255055935 5.10820260132348
			vertex -3.48646981201696 -0.00510889591406746 5.14080631381588
		endloop
	endfacet
	facet normal -0.247862685079947 0.430634733379399 0.867823608662621
		outer loop
			vertex -3.48646981201696 -0.00510889591406746 5.14080631381588
			vertex -4.83797864192443 -0.717300255055935 5.10820260132348
			vertex -4.82454940879009 -0.807758078810392 5.15692550558162
		endloop
	endfacet
	facet normal -0.277416974333059 0.479198927080658 0.832711360938854
		outer loop
			vertex -3.48646981201696 -0.00510889591406746 5.14080631381588
			vertex -4.82454940879009 -0.807758078810392 5.15692550558162
			vertex -3.48751429344848 -0.0994799760242728 5.19476590361554
		endloop
	endfacet
	facet normal -0.288243141256233 0.500510616258177 0.81633633664783
		outer loop
			vertex -3.48751429344848 -0.0994799760242728 5.19476590361554
			vertex -4.82454940879009 -0.807758078810392 5.15692550558162
			vertex -4.81071563247539 -0.892014961075609 5.21346954648085
		endloop
	endfacet
	facet normal -0.315808275067707 0.545587350986084 0.776272874601932
		outer loop
			vertex -3.48751429344848 -0.0994799760242728 5.19476590361554
			vertex -4.81071563247539 -0.892014961075609 5.21346954648085
			vertex -3.48680967560959 -0.186995226099315 5.25656084605534
		endloop
	endfacet
	facet normal -0.32581480992802 0.565516034694075 0.757651848895954
		outer loop
			vertex -3.48680967560959 -0.186995226099315 5.25656084605534
			vertex -4.81071563247539 -0.892014961075609 5.21346954648085
			vertex -4.79700935525615 -0.968902100964321 5.27675272680399
		endloop
	endfacet
	facet normal -0.35224880618448 0.608605328902289 0.710999530360847
		outer loop
			vertex -3.48680967560959 -0.186995226099315 5.25656084605534
			vertex -4.79700935525615 -0.968902100964321 5.27675272680399
			vertex -3.48487361063127 -0.266305488796727 5.32540846549997
		endloop
	endfacet
	facet normal -0.361412117758541 0.627175968612931 0.68995042251724
		outer loop
			vertex -3.48487361063127 -0.266305488796727 5.32540846549997
			vertex -4.79700935525615 -0.968902100964321 5.27675272680399
			vertex -4.78426224138247 -1.03565399541072 5.34410850188564
		endloop
	endfacet
	facet normal -0.386607239989805 0.668403989813454 0.635429735209899
		outer loop
			vertex -3.48487361063127 -0.266305488796727 5.32540846549997
			vertex -4.78426224138247 -1.03565399541072 5.34410850188564
			vertex -3.48218737206762 -0.338076976666221 5.40253873720134
		endloop
	endfacet
	facet normal -0.392083214188655 0.679948739004038 0.619629296820536
		outer loop
			vertex -3.48218737206762 -0.338076976666221 5.40253873720134
			vertex -4.78426224138247 -1.03565399541072 5.34410850188564
			vertex -4.77193890662121 -1.09703807052599 5.41926601527508
		endloop
	endfacet
	facet normal -0.41682035263843 0.720542938704916 0.554146792022528
		outer loop
			vertex -3.48218737206762 -0.338076976666221 5.40253873720134
			vertex -4.77193890662121 -1.09703807052599 5.41926601527508
			vertex -3.47927926057389 -0.402912209410812 5.48902977149353
		endloop
	endfacet
	facet normal -0.426734999679683 0.742860308732418 0.51580597297662
		outer loop
			vertex -3.47927926057389 -0.402912209410812 5.48902977149353
			vertex -4.77193890662121 -1.09703807052599 5.41926601527508
			vertex -4.75477077789026 -1.17898864531543 5.55149416746919
		endloop
	endfacet
	facet normal -0.443174581563871 0.765861299655657 0.465889214240291
		outer loop
			vertex -3.47927926057389 -0.402912209410812 5.48902977149353
			vertex -4.75477077789026 -1.17898864531543 5.55149416746919
			vertex -3.47675096343698 -0.458788260763874 5.58328776457931
		endloop
	endfacet
	facet normal -0.461731727233426 0.802694815592456 0.377471648057215
		outer loop
			vertex -3.47675096343698 -0.458788260763874 5.58328776457931
			vertex -4.75477077789026 -1.17898864531543 5.55149416746919
			vertex -4.74196869609979 -1.2397945029235 5.69645783369042
		endloop
	endfacet
	facet normal -0.464488658456049 0.805718418954425 0.367516143214528
		outer loop
			vertex -3.47675096343698 -0.458788260763874 5.58328776457931
			vertex -4.74196869609979 -1.2397945029235 5.69645783369042
			vertex -3.47521429762555 -0.503705188245539 5.68370283563791
		endloop
	endfacet
	facet normal -0.482818702417913 0.835443768974969 0.262525826303587
		outer loop
			vertex -3.47521429762555 -0.503705188245539 5.68370283563791
			vertex -4.74196869609979 -1.2397945029235 5.69645783369042
			vertex -3.47520312336845 -0.536559237208619 5.78827580668104
		endloop
	endfacet
	facet normal -0.485192023679955 0.844290217769379 0.227514237656207
		outer loop
			vertex -4.74196869609979 -1.2397945029235 5.69645783369042
			vertex -4.73498390283814 -1.27671184532341 5.84835125973667
			vertex -3.47520312336845 -0.536559237208619 5.78827580668104
		endloop
	endfacet
	facet normal -0.494460985823381 0.854513942899016 0.159104540757792
		outer loop
			vertex -3.47520312336845 -0.536559237208619 5.78827580668104
			vertex -4.73498390283814 -1.27671184532341 5.84835125973667
			vertex -3.47687924824753 -0.557314715643393 5.89453969628125
		endloop
	endfacet
	facet normal -0.497034861369411 0.864234160867699 0.0778181326735188
		outer loop
			vertex -4.73498390283814 -1.27671184532341 5.84835125973667
			vertex -4.73416784560347 -1.28989740707399 6
			vertex -3.47687924824753 -0.557314715643393 5.89453969628125
		endloop
	endfacet
	facet normal -0.499247898053032 0.864722724999806 0.0548283244184888
		outer loop
			vertex -3.47687924824753 -0.557314715643393 5.89453969628125
			vertex -4.73416784560347 -1.28989740707399 6
			vertex -3.48034960701804 -0.566005109511824 5.99999999999999
		endloop
	endfacet
	facet normal -0.998579691277423 -6.31231481171702E-17 0.0532785150720847
		outer loop
			vertex -1 3.3813008104965 5.99999999999998
			vertex -1 4.80376732483183 6
			vertex -1.00547066029836 3.37479547982064 5.8974654180127
		endloop
	endfacet
	facet normal -0.996981937387209 -0.00175229353594408 0.0776140837155944
		outer loop
			vertex -1.00547066029836 3.37479547982064 5.8974654180127
			vertex -1 4.80376732483183 6
			vertex -1.01176854216643 4.79858808572371 5.84871174206537
		endloop
	endfacet
	facet normal -0.98790899505552 0.000938794116263973 0.155032048796371
		outer loop
			vertex -1.00547066029836 3.37479547982064 5.8974654180127
			vertex -1.01176854216643 4.79858808572371 5.84871174206537
			vertex -1.02172745055241 3.36494361667269 5.79393211263381
		endloop
	endfacet
	facet normal -0.973875436863785 -0.00191144946697986 0.227074833115226
		outer loop
			vertex -1.02172745055241 3.36494361667269 5.79393211263381
			vertex -1.01176854216643 4.79858808572371 5.84871174206537
			vertex -1.04712142281629 4.7882141779731 5.69700346680161
		endloop
	endfacet
	facet normal -0.966721159414817 0.000174660250590644 0.255832307251193
		outer loop
			vertex -1.02172745055241 3.36494361667269 5.79393211263381
			vertex -1.04712142281629 4.7882141779731 5.69700346680161
			vertex -1.04879116535172 3.35163859067405 5.69167473094979
		endloop
	endfacet
	facet normal -0.933689457093823 -0.000243017123540163 0.358083703419353
		outer loop
			vertex -1.04879116535172 3.35163859067405 5.69167473094979
			vertex -1.04712142281629 4.7882141779731 5.69700346680161
			vertex -1.0866461438813 3.33476153701793 5.59295787947885
		endloop
	endfacet
	facet normal -0.926252945802045 -0.00179208276267629 0.376898220786998
		outer loop
			vertex -1.04712142281629 4.7882141779731 5.69700346680161
			vertex -1.10610564637875 4.77226169943729 5.55196988484882
			vertex -1.0866461438813 3.33476153701793 5.59295787947885
		endloop
	endfacet
	facet normal -0.8900445761321 0.000949895932010171 0.455872515288593
		outer loop
			vertex -1.0866461438813 3.33476153701793 5.59295787947885
			vertex -1.10610564637875 4.77226169943729 5.55196988484882
			vertex -1.13443033783593 3.31425282328158 5.49970684967394
		endloop
	endfacet
	facet normal -0.881423201901839 0.000192578134765663 0.472327325128213
		outer loop
			vertex -1.10610564637875 4.77226169943729 5.55196988484882
			vertex -1.13371818927544 4.76484230361303 5.50044437305964
			vertex -1.13443033783593 3.31425282328158 5.49970684967394
		endloop
	endfacet
	facet normal -0.8412240811154 0.000138086957735667 0.540686624842471
		outer loop
			vertex -1.13443033783593 3.31425282328158 5.49970684967394
			vertex -1.13371818927544 4.76484230361303 5.50044437305964
			vertex -1.18580858046489 4.75066052412284 5.41940346852965
		endloop
	endfacet
	facet normal -0.839138910299233 0.000393268545439631 0.543917029115348
		outer loop
			vertex -1.13443033783593 3.31425282328158 5.49970684967394
			vertex -1.18580858046489 4.75066052412284 5.41940346852965
			vertex -1.19036088194478 3.29035787628815 5.4134361572832
		endloop
	endfacet
	facet normal -0.785822253044926 -7.75169466817307E-05 0.618452407716648
		outer loop
			vertex -1.19036088194478 3.29035787628815 5.4134361572832
			vertex -1.18580858046489 4.75066052412284 5.41940346852965
			vertex -1.24324817309908 4.73460359692004 5.3464171655926
		endloop
	endfacet
	facet normal -0.780898123470249 0.000390779574097167 0.624658281024088
		outer loop
			vertex -1.19036088194478 3.29035787628815 5.4134361572832
			vertex -1.24324817309908 4.73460359692004 5.3464171655926
			vertex -1.25260859111615 3.26335911704586 5.33563591002012
		endloop
	endfacet
	facet normal -0.727039732766618 -0.000405753942319516 0.68659526822021
		outer loop
			vertex -1.25260859111615 3.26335911704586 5.33563591002012
			vertex -1.24324817309908 4.73460359692004 5.3464171655926
			vertex -1.30529057891056 4.7166699662525 5.28070950218318
		endloop
	endfacet
	facet normal -0.713621846038252 0.0006073212621194 0.700530864429143
		outer loop
			vertex -1.25260859111615 3.26335911704586 5.33563591002012
			vertex -1.30529057891056 4.7166699662525 5.28070950218318
			vertex -1.32066060009739 3.23294685563587 5.26633856321102
		endloop
	endfacet
	facet normal -0.657223834222028 -0.000491846997013414 0.753695289767044
		outer loop
			vertex -1.32066060009739 3.23294685563587 5.26633856321102
			vertex -1.30529057891056 4.7166699662525 5.28070950218318
			vertex -1.37821315188154 4.69466599486993 5.21710651003579
		endloop
	endfacet
	facet normal -0.641339000081052 0.000590374538841893 0.767257413410219
		outer loop
			vertex -1.32066060009739 3.23294685563587 5.26633856321102
			vertex -1.37821315188154 4.69466599486993 5.21710651003579
			vertex -1.39576872771053 3.19803677582531 5.20358366427157
		endloop
	endfacet
	facet normal -0.582195483873689 -0.000517132021247203 0.813048676975465
		outer loop
			vertex -1.39576872771053 3.19803677582531 5.20358366427157
			vertex -1.37821315188154 4.69466599486993 5.21710651003579
			vertex -1.45788918154479 4.66946207915562 5.1600372844054
		endloop
	endfacet
	facet normal -0.565215224868858 0.000551756140129433 0.824943298137277
		outer loop
			vertex -1.39576872771053 3.19803677582531 5.20358366427157
			vertex -1.45788918154479 4.66946207915562 5.1600372844054
			vertex -1.47662736467931 3.15871158680272 5.14820914960427
		endloop
	endfacet
	facet normal -0.5016443691511 -0.00055092160003458 0.865073767596952
		outer loop
			vertex -1.47662736467931 3.15871158680272 5.14820914960427
			vertex -1.45788918154479 4.66946207915562 5.1600372844054
			vertex -1.54303560815185 4.64112190391035 5.11064399532884
		endloop
	endfacet
	facet normal -0.483594545869022 0.000516600478685503 0.875291978901715
		outer loop
			vertex -1.47662736467931 3.15871158680272 5.14820914960427
			vertex -1.54303560815185 4.64112190391035 5.11064399532884
			vertex -1.561835911726 3.1150970034009 5.10115758476506
		endloop
	endfacet
	facet normal -0.413644058291423 -0.00056366026808049 0.91043850716416
		outer loop
			vertex -1.561835911726 3.1150970034009 5.10115758476506
			vertex -1.54303560815185 4.64112190391035 5.11064399532884
			vertex -1.63235066492193 4.60971592910139 5.07004559735003
		endloop
	endfacet
	facet normal -0.394772385136339 0.000500299880165408 0.91877881649165
		outer loop
			vertex -1.561835911726 3.1150970034009 5.10115758476506
			vertex -1.63235066492193 4.60971592910139 5.07004559735003
			vertex -1.64997027718204 3.0673210009714 5.06331484099346
		endloop
	endfacet
	facet normal -0.320209327568267 -0.000476139787259534 0.947346694631475
		outer loop
			vertex -1.64997027718204 3.0673210009714 5.06331484099346
			vertex -1.63235066492193 4.60971592910139 5.07004559735003
			vertex -1.72438438085929 4.57541710694946 5.03892036569526
		endloop
	endfacet
	facet normal -0.262371617419961 0.00266271031155397 0.964963234712199
		outer loop
			vertex -1.64997027718204 3.0673210009714 5.06331484099346
			vertex -1.72438438085929 4.57541710694946 5.03892036569526
			vertex -1.82861539860009 2.96153120226167 5.01503349701391
		endloop
	endfacet
	facet normal -0.228667661455329 0.000359560373627876 0.973504479353274
		outer loop
			vertex -1.82861539860009 2.96153120226167 5.01503349701391
			vertex -1.72438438085929 4.57541710694946 5.03892036569526
			vertex -1.81746095744909 4.53879394730205 5.01707102106541
		endloop
	endfacet
	facet normal -0.13781953204258 -0.000304819684452509 0.990457310373609
		outer loop
			vertex -1.82861539860009 2.96153120226167 5.01503349701391
			vertex -1.81746095744909 4.53879394730205 5.01707102106541
			vertex -1.90988977715362 4.50049349758007 5.00419800647267
		endloop
	endfacet
	facet normal -0.0465369864118072 1.25106367881825E-17 0.9989165675349
		outer loop
			vertex -2 4.46115468099166 5
			vertex -2 2.84795136855053 5
			vertex -1.90988977715362 4.50049349758007 5.00419800647267
		endloop
	endfacet
	facet normal -0.0889062397250078 0.00231763533375221 0.996037303068725
		outer loop
			vertex -1.90988977715362 4.50049349758007 5.00419800647267
			vertex -2 2.84795136855053 5
			vertex -1.82861539860009 2.96153120226167 5.01503349701391
		endloop
	endfacet
	facet normal 0.499289845638712 0.86479538034947 0.0532785150720946
		outer loop
			vertex 3.42829239972688 -0.824625001463817 5.99999999999998
			vertex 4.66018453717398 -1.53585825863148 6
			vertex 3.42539394825075 -0.816634605332029 5.8974654180127
		endloop
	endfacet
	facet normal 0.496973437976591 0.864287831659521 0.0776140837155939
		outer loop
			vertex 3.42539394825075 -0.816634605332029 5.8974654180127
			vertex 4.66018453717398 -1.53585825863148 6
			vertex 4.66158345561729 -1.52307678259578 5.84871174206537
		endloop
	endfacet
	facet normal 0.494767517081369 0.855084889287103 0.155032048796367
		outer loop
			vertex 3.42539394825075 -0.816634605332029 5.8974654180127
			vertex 4.66158345561729 -1.52307678259578 5.84871174206537
			vertex 3.42499037961704 -0.79762988041405 5.79393211263381
		endloop
	endfacet
	facet normal 0.485282354635439 0.844356593179196 0.227074833115221
		outer loop
			vertex 3.42499037961704 -0.79762988041405 5.79393211263381
			vertex 4.66158345561729 -1.52307678259578 5.84871174206537
			vertex 4.67027582829367 -1.48727333598074 5.69700346680161
		endloop
	endfacet
	facet normal 0.483511839921453 0.837117752303881 0.255832307251196
		outer loop
			vertex 3.42499037961704 -0.79762988041405 5.79393211263381
			vertex 4.67027582829367 -1.48727333598074 5.69700346680161
			vertex 3.42699974650386 -0.767539502877749 5.69167473094979
		endloop
	endfacet
	facet normal 0.466634269544373 0.808720297650721 0.358083703419354
		outer loop
			vertex 3.42699974650386 -0.767539502877749 5.69167473094979
			vertex 4.67027582829367 -1.48727333598074 5.69700346680161
			vertex 3.43131127856141 -0.72631760298336 5.59295787947885
		endloop
	endfacet
	facet normal 0.461574483702862 0.803054622776079 0.376898220786999
		outer loop
			vertex 4.67027582829367 -1.48727333598074 5.69700346680161
			vertex 4.68595268840956 -1.42821526068525 5.55196988484882
			vertex 3.43131127856141 -0.72631760298336 5.59295787947885
		endloop
	endfacet
	facet normal 0.445844922074124 0.770326265464946 0.455872515288592
		outer loop
			vertex 3.43131127856141 -0.72631760298336 5.59295787947885
			vertex 4.68595268840956 -1.42821526068525 5.55196988484882
			vertex 3.43744230844411 -0.674680920251111 5.49970684967394
		endloop
	endfacet
	facet normal 0.44087837850784 0.763238595264627 0.472327325128217
		outer loop
			vertex 4.68595268840956 -1.42821526068525 5.55196988484882
			vertex 4.69333357459336 -1.40059239916149 5.50044437305963
			vertex 3.43744230844411 -0.674680920251111 5.49970684967394
		endloop
	endfacet
	facet normal 0.420731627371028 0.728452381042282 0.540686624842483
		outer loop
			vertex 3.43744230844411 -0.674680920251111 5.49970684967394
			vertex 4.69333357459336 -1.40059239916149 5.50044437305963
			vertex 4.70709698887872 -1.34838990735327 5.41940346852965
		endloop
	endfacet
	facet normal 0.419910035700479 0.726518979350411 0.543917029115342
		outer loop
			vertex 3.43744230844411 -0.674680920251111 5.49970684967394
			vertex 4.70709698887872 -1.34838990735327 5.41940346852965
			vertex 3.44471394938015 -0.614296174708653 5.4134361572832
		endloop
	endfacet
	facet normal 0.392843994877417 0.680580792469378 0.618452407716638
		outer loop
			vertex 3.44471394938015 -0.614296174708653 5.4134361572832
			vertex 4.70709698887872 -1.34838990735327 5.41940346852965
			vertex 4.72191107833147 -1.29061729734763 5.3464171655926
		endloop
	endfacet
	facet normal 0.390787486773573 0.676082222905782 0.62465828102409
		outer loop
			vertex 3.44471394938015 -0.614296174708653 5.4134361572832
			vertex 4.72191107833147 -1.29061729734763 5.3464171655926
			vertex 3.45245619259135 -0.546888697617717 5.33563591002012
		endloop
	endfacet
	facet normal 0.363168473161574 0.629837755107698 0.686595268220213
		outer loop
			vertex 3.45245619259135 -0.546888697617717 5.33563591002012
			vertex 4.72191107833147 -1.29061729734763 5.3464171655926
			vertex 4.73740130149703 -1.22792018246922 5.28070950218318
		endloop
	endfacet
	facet normal 0.357336878660374 0.6177109867336 0.700530864429158
		outer loop
			vertex 3.45245619259135 -0.546888697617717 5.33563591002012
			vertex 4.73740130149703 -1.22792018246922 5.28070950218318
			vertex 3.46014440611439 -0.472747798356397 5.26633856321102
		endloop
	endfacet
	facet normal 0.328185965116825 0.56941845990739 0.753695289767048
		outer loop
			vertex 3.46014440611439 -0.472747798356397 5.26633856321102
			vertex 4.73740130149703 -1.22792018246922 5.28070950218318
			vertex 4.75480658978107 -1.15376539607573 5.21710651003579
		endloop
	endfacet
	facet normal 0.32118077938892 0.555120679238495 0.767257413410205
		outer loop
			vertex 3.46014440611439 -0.472747798356397 5.26633856321102
			vertex 4.75480658978107 -1.15376539607573 5.21710651003579
			vertex 3.46746545395686 -0.390247211907452 5.20358366427157
		endloop
	endfacet
	facet normal 0.290649892469332 0.504454645013809 0.813048676975467
		outer loop
			vertex 3.46746545395686 -0.390247211907452 5.20358366427157
			vertex 4.75480658978107 -1.15376539607573 5.21710651003579
			vertex 4.77281737332927 -1.07216197245753 5.1600372844054
		endloop
	endfacet
	facet normal 0.283085447268471 0.489214865272093 0.824943298137283
		outer loop
			vertex 3.46746545395686 -0.390247211907452 5.20358366427157
			vertex 4.77281737332927 -1.07216197245753 5.1600372844054
			vertex 3.47383815973907 -0.30055898366581 5.14820914960427
		endloop
	endfacet
	facet normal 0.250345072474422 0.43471222815028 0.865073767596958
		outer loop
			vertex 3.47383815973907 -0.30055898366581 5.14820914960427
			vertex 4.77281737332927 -1.07216197245753 5.1600372844054
			vertex 4.79084727492268 -0.984252916351703 5.11064399532885
		endloop
	endfacet
	facet normal 0.242244662072658 0.418546861614826 0.875291978901717
		outer loop
			vertex 3.47383815973907 -0.30055898366581 5.14820914960427
			vertex 4.79084727492268 -0.984252916351703 5.11064399532885
			vertex 3.47867109606096 -0.20495892560291 5.10115758476506
		endloop
	endfacet
	facet normal 0.206333885034458 0.358508092738918 0.910438507164152
		outer loop
			vertex 3.47867109606096 -0.20495892560291 5.10115758476506
			vertex 4.79084727492268 -0.984252916351703 5.11064399532885
			vertex 4.80830643129255 -0.891200820843882 5.07004559735003
		endloop
	endfacet
	facet normal 0.197819464973901 0.341632764300555 0.918778816491652
		outer loop
			vertex 3.47867109606096 -0.20495892560291 5.10115758476506
			vertex 4.80830643129255 -0.891200820843882 5.07004559735003
			vertex 3.48136304699377 -0.104744324956801 5.06331484099346
		endloop
	endfacet
	facet normal 0.159692314632619 0.277547482096488 0.947346694631472
		outer loop
			vertex 3.48136304699377 -0.104744324956801 5.06331484099346
			vertex 4.80830643129255 -0.891200820843882 5.07004559735003
			vertex 4.82461963795778 -0.794347873761489 5.03892036569525
		endloop
	endfacet
	facet normal 0.133491783482709 0.225889130761925 0.964963234712197
		outer loop
			vertex 3.48136304699377 -0.104744324956801 5.06331484099346
			vertex 4.82461963795778 -0.794347873761489 5.03892036569525
			vertex 3.47906895455893 0.102861787808249 5.01503349701391
		endloop
	endfacet
	facet normal 0.114645219145412 0.197852223657466 0.973504479353278
		outer loop
			vertex 3.47906895455893 0.102861787808249 5.01503349701391
			vertex 4.82461963795778 -0.794347873761489 5.03892036569525
			vertex 4.83944133963117 -0.695429614113727 5.01707102106541
		endloop
	endfacet
	facet normal 0.0686457844309819 0.119507625728786 0.990457310373609
		outer loop
			vertex 3.47906895455893 0.102861787808249 5.01503349701391
			vertex 4.83944133963117 -0.695429614113727 5.01707102106541
			vertex 4.85248658704783 -0.59623368334681 5.00419800647267
		endloop
	endfacet
	facet normal 0.0232684932059037 0.0403022124481963 0.9989165675349
		outer loop
			vertex 4.86347328395064 -0.49852653292696 5
			vertex 3.46639823390741 0.308075123293611 5
			vertex 4.85248658704783 -0.59623368334681 5.00419800647267
		endloop
	endfacet
	facet normal 0.046460250938242 0.07583624448993 0.996037303068725
		outer loop
			vertex 4.85248658704783 -0.59623368334681 5.00419800647267
			vertex 3.46639823390741 0.308075123293611 5
			vertex 3.47906895455893 0.102861787808249 5.01503349701391
		endloop
	endfacet
	facet normal 0.0465369864118071 5.00425471527297E-17 0.9989165675349
		outer loop
			vertex 2 4.46115468099166 5
			vertex 1.90988977715362 4.50049349758007 5.00419800647267
			vertex 2 2.84795136855052 5
		endloop
	endfacet
	facet normal 0.088906239725002 0.00231763533375197 0.996037303068726
		outer loop
			vertex 2 2.84795136855052 5
			vertex 1.90988977715362 4.50049349758007 5.00419800647267
			vertex 1.8286153986001 2.96153120226167 5.01503349701391
		endloop
	endfacet
	facet normal 0.137819532042564 -0.00030481968445216 0.990457310373612
		outer loop
			vertex 1.90988977715362 4.50049349758007 5.00419800647267
			vertex 1.8174609574491 4.53879394730205 5.0170710210654
			vertex 1.8286153986001 2.96153120226167 5.01503349701391
		endloop
	endfacet
	facet normal 0.228667661455349 0.000359560373628429 0.973504479353269
		outer loop
			vertex 1.8286153986001 2.96153120226167 5.01503349701391
			vertex 1.8174609574491 4.53879394730205 5.0170710210654
			vertex 1.72438438085929 4.57541710694946 5.03892036569526
		endloop
	endfacet
	facet normal 0.262371617419969 0.00266271031155376 0.964963234712197
		outer loop
			vertex 1.8286153986001 2.96153120226167 5.01503349701391
			vertex 1.72438438085929 4.57541710694946 5.03892036569526
			vertex 1.64997027718204 3.0673210009714 5.06331484099346
		endloop
	endfacet
	facet normal 0.320209327568259 -0.000476139787258894 0.947346694631478
		outer loop
			vertex 1.64997027718204 3.0673210009714 5.06331484099346
			vertex 1.72438438085929 4.57541710694946 5.03892036569526
			vertex 1.63235066492194 4.60971592910138 5.07004559735003
		endloop
	endfacet
	facet normal 0.394772385136329 0.000500299880165924 0.918778816491654
		outer loop
			vertex 1.64997027718204 3.0673210009714 5.06331484099346
			vertex 1.63235066492194 4.60971592910138 5.07004559735003
			vertex 1.561835911726 3.1150970034009 5.10115758476506
		endloop
	endfacet
	facet normal 0.413644058291428 -0.000563660268080877 0.910438507164158
		outer loop
			vertex 1.561835911726 3.1150970034009 5.10115758476506
			vertex 1.63235066492194 4.60971592910138 5.07004559735003
			vertex 1.54303560815185 4.64112190391034 5.11064399532884
		endloop
	endfacet
	facet normal 0.483594545869033 0.000516600478685124 0.875291978901709
		outer loop
			vertex 1.561835911726 3.1150970034009 5.10115758476506
			vertex 1.54303560815185 4.64112190391034 5.11064399532884
			vertex 1.47662736467931 3.15871158680272 5.14820914960428
		endloop
	endfacet
	facet normal 0.501644369151107 -0.000550921600034822 0.865073767596948
		outer loop
			vertex 1.47662736467931 3.15871158680272 5.14820914960428
			vertex 1.54303560815185 4.64112190391034 5.11064399532884
			vertex 1.45788918154479 4.66946207915562 5.1600372844054
		endloop
	endfacet
	facet normal 0.565215224868853 0.000551756140128839 0.824943298137281
		outer loop
			vertex 1.47662736467931 3.15871158680272 5.14820914960428
			vertex 1.45788918154479 4.66946207915562 5.1600372844054
			vertex 1.39576872771053 3.19803677582531 5.20358366427157
		endloop
	endfacet
	facet normal 0.582195483873675 -0.000517132021247306 0.813048676975475
		outer loop
			vertex 1.39576872771053 3.19803677582531 5.20358366427157
			vertex 1.45788918154479 4.66946207915562 5.1600372844054
			vertex 1.37821315188155 4.69466599486993 5.21710651003579
		endloop
	endfacet
	facet normal 0.64133900008107 0.000590374538842175 0.767257413410204
		outer loop
			vertex 1.39576872771053 3.19803677582531 5.20358366427157
			vertex 1.37821315188155 4.69466599486993 5.21710651003579
			vertex 1.32066060009739 3.23294685563588 5.26633856321103
		endloop
	endfacet
	facet normal 0.657425761200758 -0.000505729983110926 0.753519152209676
		outer loop
			vertex 1.32066060009739 3.23294685563588 5.26633856321103
			vertex 1.37821315188155 4.69466599486993 5.21710651003579
			vertex 1.30530751115406 4.71666195740198 5.28072953836662
		endloop
	endfacet
	facet normal 0.713617975592838 0.000589642193893883 0.700534822284276
		outer loop
			vertex 1.32066060009739 3.23294685563588 5.26633856321103
			vertex 1.30530751115406 4.71666195740198 5.28072953836662
			vertex 1.25260859111615 3.26335911704586 5.33563591002012
		endloop
	endfacet
	facet normal 0.728847223352922 -0.000561740612701951 0.684676134722264
		outer loop
			vertex 1.25260859111615 3.26335911704586 5.33563591002012
			vertex 1.30530751115406 4.71666195740198 5.28072953836662
			vertex 1.23953063254827 4.73565713678766 5.35076552073047
		endloop
	endfacet
	facet normal 0.780919583444384 0.000517833095513975 0.624631360117258
		outer loop
			vertex 1.25260859111615 3.26335911704586 5.33563591002012
			vertex 1.23953063254827 4.73565713678766 5.35076552073047
			vertex 1.19036088194478 3.29035787628815 5.41343615728321
		endloop
	endfacet
	facet normal 0.7927345562807 -0.000537344476750562 0.609566759706724
		outer loop
			vertex 1.19036088194478 3.29035787628815 5.41343615728321
			vertex 1.23953063254827 4.73565713678766 5.35076552073047
			vertex 1.17925445282786 4.75244993826791 5.42916880198398
		endloop
	endfacet
	facet normal 0.839155128943194 0.00052196368800876 0.543891898378933
		outer loop
			vertex 1.19036088194478 3.29035787628815 5.41343615728321
			vertex 1.17925445282786 4.75244993826791 5.42916880198398
			vertex 1.13443033783593 3.31425282328158 5.49970684967395
		endloop
	endfacet
	facet normal 0.848367673005684 -0.000475577618488357 0.529407277268504
		outer loop
			vertex 1.13443033783593 3.31425282328158 5.49970684967395
			vertex 1.17925445282786 4.75244993826791 5.42916880198398
			vertex 1.12578833329849 4.76697212542702 5.51486054780022
		endloop
	endfacet
	facet normal 0.890008133112441 0.000538446462142779 0.455944331107554
		outer loop
			vertex 1.13443033783593 3.31425282328158 5.49970684967395
			vertex 1.12578833329849 4.76697212542702 5.51486054780022
			vertex 1.0866461438813 3.33476153701793 5.59295787947886
		endloop
	endfacet
	facet normal 0.897196481693669 -0.000438484267277471 0.441631385850292
		outer loop
			vertex 1.0866461438813 3.33476153701793 5.59295787947886
			vertex 1.12578833329849 4.76697212542702 5.51486054780022
			vertex 1.08067790331071 4.77908560659105 5.60651669349219
		endloop
	endfacet
	facet normal 0.933731710486998 0.000497840356551128 0.357973246187483
		outer loop
			vertex 1.0866461438813 3.33476153701793 5.59295787947886
			vertex 1.08067790331071 4.77908560659105 5.60651669349219
			vertex 1.04879116535172 3.35163859067405 5.6916747309498
		endloop
	endfacet
	facet normal 0.938655632063889 -0.00039471321476508 0.344855692422525
		outer loop
			vertex 1.04879116535172 3.35163859067405 5.6916747309498
			vertex 1.08067790331071 4.77908560659105 5.60651669349219
			vertex 1.04532687100315 4.78871274351307 5.70274896183552
		endloop
	endfacet
	facet normal 0.966727048381222 0.000359153065816067 0.255809860906895
		outer loop
			vertex 1.04879116535172 3.35163859067405 5.6916747309498
			vertex 1.04532687100315 4.78871274351307 5.70274896183552
			vertex 1.02172745055241 3.36494361667269 5.79393211263382
		endloop
	endfacet
	facet normal 0.969088460866373 -0.000262559268122331 0.246713368260162
		outer loop
			vertex 1.02172745055241 3.36494361667269 5.79393211263382
			vertex 1.04532687100315 4.78871274351307 5.70274896183552
			vertex 1.02012791626623 4.79596601538377 5.80173800668307
		endloop
	endfacet
	facet normal 0.987899476948949 0.000258222015130239 0.155095315098116
		outer loop
			vertex 1.02172745055241 3.36494361667269 5.79393211263382
			vertex 1.02012791626623 4.79596601538377 5.80173800668307
			vertex 1.00547066029836 3.37479547982064 5.89746541801272
		endloop
	endfacet
	facet normal 0.988744901328755 -0.000119898324212459 0.149611181803976
		outer loop
			vertex 1.00547066029836 3.37479547982064 5.89746541801272
			vertex 1.02012791626623 4.79596601538377 5.80173800668307
			vertex 1.00503502402678 4.80094993737736 5.90148735450594
		endloop
	endfacet
	facet normal 0.998580201799895 0.000154803950538237 0.053268720737582
		outer loop
			vertex 1.00547066029836 3.37479547982064 5.89746541801272
			vertex 1.00503502402678 4.80094993737736 5.90148735450594
			vertex 1 3.38130081049649 6
		endloop
	endfacet
	facet normal 0.99869641522593 8.51197329040974E-16 0.0510438068219467
		outer loop
			vertex 1 3.38130081049649 6
			vertex 1.00503502402678 4.80094993737736 5.90148735450594
			vertex 1 4.80376732483183 6
		endloop
	endfacet
	facet normal 0.49924789805303 -0.864722724999808 0.0548283244184768
		outer loop
			vertex -2.23034960701806 -2.73106861897294 6
			vertex -3.48416784560346 -3.45496091653509 6
			vertex -2.22108832577382 -2.73240839705163 5.89453969628126
		endloop
	endfacet
	facet normal 0.499931307445059 -0.862561896946228 0.0778181326735554
		outer loop
			vertex -2.22108832577382 -2.73240839705163 5.89453969628126
			vertex -3.48416784560346 -3.45496091653509 6
			vertex -3.47315684278161 -3.46226042370655 5.84835125973659
		endloop
	endfacet
	facet normal 0.492800289526871 -0.855472746352849 0.159104540757788
		outer loop
			vertex -2.22108832577382 -2.73240839705163 5.89453969628126
			vertex -3.47315684278161 -3.46226042370655 5.84835125973659
			vertex -2.20227549174207 -2.74133456954381 5.78827580668105
		endloop
	endfacet
	facet normal 0.488580764914996 -0.842333727105084 0.227514237656317
		outer loop
			vertex -2.20227549174207 -2.74133456954381 5.78827580668105
			vertex -3.47315684278161 -3.46226042370655 5.84835125973659
			vertex -3.44467788305388 -3.48676810331131 5.69645783369028
		endloop
	endfacet
	facet normal 0.482106176156798 -0.835855146203632 0.262525826303576
		outer loop
			vertex -2.20227549174207 -2.74133456954381 5.78827580668105
			vertex -3.44467788305388 -3.48676810331131 5.69645783369028
			vertex -2.17382863785141 -2.75777127121587 5.68370283563791
		endloop
	endfacet
	facet normal 0.465528289883542 -0.805118187469904 0.367516143214526
		outer loop
			vertex -2.17382863785141 -2.75777127121587 5.68370283563791
			vertex -3.44467788305388 -3.48676810331131 5.69645783369028
			vertex -2.13569777049806 -2.78156052658653 5.58328776457932
		endloop
	endfacet
	facet normal 0.464288238172396 -0.801218813313567 0.377471648057403
		outer loop
			vertex -3.44467788305388 -3.48676810331131 5.69645783369028
			vertex -3.39841950656158 -3.52825796016725 5.55149416746898
			vertex -2.13569777049806 -2.78156052658653 5.58328776457932
		endloop
	endfacet
	facet normal 0.441668050495237 -0.766731095773681 0.465889214240283
		outer loop
			vertex -2.13569777049806 -2.78156052658653 5.58328776457932
			vertex -3.39841950656158 -3.52825796016725 5.55149416746898
			vertex -2.0885718391316 -2.81168812181194 5.48902977149354
		endloop
	endfacet
	facet normal 0.440395456845085 -0.763897228225567 0.471712694655874
		outer loop
			vertex -3.39841950656158 -3.52825796016725 5.55149416746898
			vertex -3.37758654954145 -3.54699415191317 5.501702705775
			vertex -2.0885718391316 -2.81168812181194 5.48902977149354
		endloop
	endfacet
	facet normal 0.420975347443287 -0.728672795218992 0.540199698586314
		outer loop
			vertex -2.0885718391316 -2.81168812181194 5.48902977149354
			vertex -3.37758654954145 -3.54699415191317 5.501702705775
			vertex -3.3360322913046 -3.58410128317846 5.41926601527483
		endloop
	endfacet
	facet normal 0.415598313116749 -0.72124848355172 0.554146792022526
		outer loop
			vertex -2.0885718391316 -2.81168812181194 5.48902977149354
			vertex -3.3360322913046 -3.58410128317846 5.41926601527483
			vertex -2.03387693626137 -2.84662423661484 5.40253873720134
		endloop
	endfacet
	facet normal 0.392811274154302 -0.679528393386741 0.619629296820694
		outer loop
			vertex -2.03387693626137 -2.84662423661484 5.40253873720134
			vertex -3.3360322913046 -3.58410128317846 5.41926601527483
			vertex -3.28903379024766 -3.62546564169864 5.34410850188553
		endloop
	endfacet
	facet normal 0.385551215174438 -0.669013686024892 0.635429735209883
		outer loop
			vertex -2.03387693626137 -2.84662423661484 5.40253873720134
			vertex -3.28903379024766 -3.62546564169864 5.34410850188553
			vertex -1.97306412378081 -2.88483633138633 5.32540846549997
		endloop
	endfacet
	facet normal 0.362444262582607 -0.626580059520832 0.689950422517315
		outer loop
			vertex -1.97306412378081 -2.88483633138633 5.32540846549997
			vertex -3.28903379024766 -3.62546564169864 5.34410850188553
			vertex -3.23759851084326 -3.66988091336131 5.27675272680399
		endloop
	endfacet
	facet normal 0.350943272615729 -0.609359079059636 0.710999530360854
		outer loop
			vertex -1.97306412378081 -2.88483633138633 5.32540846549997
			vertex -3.23759851084326 -3.66988091336131 5.27675272680399
			vertex -1.90534745399319 -2.92616814418964 5.25656084605535
		endloop
	endfacet
	facet normal 0.326843847328513 -0.56492191967391 0.757651848895942
		outer loop
			vertex -1.90534745399319 -2.92616814418964 5.25656084605535
			vertex -3.23759851084326 -3.66988091336131 5.27675272680399
			vertex -3.17786543308493 -3.72019446756883 5.21346954648085
		endloop
	endfacet
	facet normal 0.314588368403562 -0.546291664427027 0.776272874601924
		outer loop
			vertex -1.90534745399319 -2.92616814418964 5.25656084605535
			vertex -3.17786543308493 -3.72019446756883 5.21346954648085
			vertex -1.8299093331291 -2.9705359861756 5.19476590361554
		endloop
	endfacet
	facet normal 0.289333337915275 -0.499881190923613 0.816336336647828
		outer loop
			vertex -1.8299093331291 -2.9705359861756 5.19476590361554
			vertex -3.17786543308493 -3.72019446756883 5.21346954648085
			vertex -3.11181372075692 -3.77430331042024 5.15692550558162
		endloop
	endfacet
	facet normal 0.276289957151574 -0.479849610753776 0.832711360938849
		outer loop
			vertex -1.8299093331291 -2.9705359861756 5.19476590361554
			vertex -3.11181372075692 -3.77430331042024 5.15692550558162
			vertex -1.74765933965533 -3.01681697877723 5.14080631381588
		endloop
	endfacet
	facet normal 0.249009276318524 -0.429972748619146 0.867823608662625
		outer loop
			vertex -1.74765933965533 -3.01681697877723 5.14080631381588
			vertex -3.11181372075692 -3.77430331042024 5.15692550558162
			vertex -3.04018956398168 -3.83116227934516 5.10820260132348
		endloop
	endfacet
	facet normal 0.235288850596806 -0.408754946694004 0.88179280465312
		outer loop
			vertex -1.74765933965533 -3.01681697877723 5.14080631381588
			vertex -3.04018956398168 -3.83116227934516 5.10820260132348
			vertex -1.65950705203867 -3.06388824342755 5.0954647522917
		endloop
	endfacet
	facet normal 0.204999790024063 -0.353739365462158 0.912602622948521
		outer loop
			vertex -1.65950705203867 -3.06388824342755 5.0954647522917
			vertex -3.04018956398168 -3.83116227934516 5.10820260132348
			vertex -2.96376592005903 -3.88970690416872 5.06834256971871
		endloop
	endfacet
	facet normal 0.191074193378648 -0.33210990832038 0.923684827969004
		outer loop
			vertex -1.65950705203867 -3.06388824342755 5.0954647522917
			vertex -2.96376592005903 -3.88970690416872 5.06834256971871
			vertex -1.56639750506241 -3.11060250441563 5.05940797241411
		endloop
	endfacet
	facet normal 0.158553140698686 -0.273494485919441 0.94871579924983
		outer loop
			vertex -1.56639750506241 -3.11060250441563 5.05940797241411
			vertex -2.96376592005903 -3.88970690416872 5.06834256971871
			vertex -2.88350722032889 -3.94880733595069 5.03789202684668
		endloop
	endfacet
	facet normal 0.124978986788242 -0.221211947383071 0.967184329482428
		outer loop
			vertex -1.56639750506241 -3.11060250441563 5.05940797241411
			vertex -2.88350722032889 -3.94880733595069 5.03789202684668
			vertex -1.3710648761091 -3.19910061521197 5.01392614217623
		endloop
	endfacet
	facet normal 0.112438882998732 -0.19568958140979 0.974198688829778
		outer loop
			vertex -1.3710648761091 -3.19910061521197 5.01392614217623
			vertex -2.88350722032889 -3.94880733595069 5.03789202684668
			vertex -2.80081339861652 -4.0073837860536 5.01658138233094
		endloop
	endfacet
	facet normal 0.0463735470738618 -0.0787575267655121 0.995814614328173
		outer loop
			vertex -1.3710648761091 -3.19910061521197 5.01392614217623
			vertex -2.80081339861652 -4.0073837860536 5.01658138233094
			vertex -2.63392947736456 -4.11877610413626 5
		endloop
	endfacet
	facet normal 0.0420433223476335 -0.0728211704250965 0.996458446792385
		outer loop
			vertex -2.63392947736456 -4.11877610413626 5
			vertex -1.1741836047218 -3.27599143161751 5
			vertex -1.3710648761091 -3.19910061521197 5.01392614217623
		endloop
	endfacet
	facet normal -0.0232684932059037 -0.0403022124481965 0.9989165675349
		outer loop
			vertex 2.86347328395064 -3.96262814806471 5
			vertex 2.94259680989421 -3.90425981423327 5.00419800647267
			vertex 1.46639823390741 -3.15602649184414 5
		endloop
	endfacet
	facet normal -0.0424459887867655 -0.0781538798236809 0.996037303068725
		outer loop
			vertex 1.46639823390741 -3.15602649184414 5
			vertex 2.94259680989421 -3.90425981423327 5.00419800647267
			vertex 1.65045355595883 -3.06439299006993 5.01503349701391
		endloop
	endfacet
	facet normal -0.0691737476115958 -0.119202806044325 0.99045731037361
		outer loop
			vertex 2.94259680989421 -3.90425981423327 5.00419800647267
			vertex 3.02198038218207 -3.84336433318833 5.01707102106541
			vertex 1.65045355595883 -3.06439299006993 5.01503349701391
		endloop
	endfacet
	facet normal -0.114022442309914 -0.198211784031118 0.973504479353271
		outer loop
			vertex 1.65045355595883 -3.06439299006993 5.01503349701391
			vertex 3.02198038218207 -3.84336433318833 5.01707102106541
			vertex 3.10023525709848 -3.78106923318798 5.03892036569526
		endloop
	endfacet
	facet normal -0.128879833937259 -0.228551841073479 0.964963234712198
		outer loop
			vertex 1.65045355595883 -3.06439299006993 5.01503349701391
			vertex 3.10023525709848 -3.78106923318798 5.03892036569526
			vertex 1.83139276981172 -2.9625766760146 5.06331484099346
		endloop
	endfacet
	facet normal -0.16051701293565 -0.277071342309217 0.947346694631477
		outer loop
			vertex 1.83139276981172 -2.9625766760146 5.06331484099346
			vertex 3.10023525709848 -3.78106923318798 5.03892036569526
			vertex 3.17595576637061 -3.71851510825751 5.07004559735003
		endloop
	endfacet
	facet normal -0.196952920162437 -0.342133064180728 0.918778816491649
		outer loop
			vertex 1.83139276981172 -2.9625766760146 5.06331484099346
			vertex 3.17595576637061 -3.71851510825751 5.07004559735003
			vertex 1.91683518433496 -2.910138077798 5.10115758476506
		endloop
	endfacet
	facet normal -0.207310173256976 -0.357944432470827 0.910438507164158
		outer loop
			vertex 1.91683518433496 -2.910138077798 5.10115758476506
			vertex 3.17595576637061 -3.71851510825751 5.07004559735003
			vertex 3.24781166677083 -3.65686898755865 5.11064399532884
		endloop
	endfacet
	facet normal -0.24134988379637 -0.419063462093527 0.875291978901707
		outer loop
			vertex 1.91683518433496 -2.910138077798 5.10115758476506
			vertex 3.24781166677083 -3.65686898755865 5.11064399532884
			vertex 1.99721079505975 -2.85815260313691 5.14820914960428
		endloop
	endfacet
	facet normal -0.251299296676669 -0.434161306550247 0.865073767596957
		outer loop
			vertex 1.99721079505975 -2.85815260313691 5.14820914960428
			vertex 3.24781166677083 -3.65686898755865 5.11064399532884
			vertex 3.31492819178447 -3.59730010669811 5.1600372844054
		endloop
	endfacet
	facet normal -0.282129777600387 -0.489766621412236 0.824943298137272
		outer loop
			vertex 1.99721079505975 -2.85815260313691 5.14820914960428
			vertex 3.31492819178447 -3.59730010669811 5.1600372844054
			vertex 2.07169672624633 -2.80778956391786 5.20358366427158
		endloop
	endfacet
	facet normal -0.291545591404357 -0.503937512992568 0.813048676975462
		outer loop
			vertex 2.07169672624633 -2.80778956391786 5.20358366427158
			vertex 3.31492819178447 -3.59730010669811 5.1600372844054
			vertex 3.37659343789953 -3.54090059879421 5.21710651003579
		endloop
	endfacet
	facet normal -0.320158220692145 -0.555711053777328 0.767257413410213
		outer loop
			vertex 2.07169672624633 -2.80778956391786 5.20358366427158
			vertex 3.37659343789953 -3.54090059879421 5.21710651003579
			vertex 2.13948380601699 -2.76019905727948 5.26633856321103
		endloop
	endfacet
	facet normal -0.329150855613199 -0.569094545310606 0.753519152209693
		outer loop
			vertex 2.13948380601699 -2.76019905727948 5.26633856321103
			vertex 3.37659343789953 -3.54090059879421 5.21710651003579
			vertex 3.43209532059672 -3.48876044311105 5.28072953836662
		endloop
	endfacet
	facet normal -0.35629834267737 -0.61830611655758 0.700534822284263
		outer loop
			vertex 2.13948380601699 -2.76019905727948 5.26633856321103
			vertex 3.43209532059672 -3.48876044311105 5.28072953836662
			vertex 2.1998476014752 -2.71647041942815 5.33563591002013
		endloop
	endfacet
	facet normal -0.364910093317402 -0.630919340595037 0.684676134722256
		outer loop
			vertex 2.1998476014752 -2.71647041942815 5.33563591002013
			vertex 3.43209532059672 -3.48876044311105 5.28072953836662
			vertex 3.48143406779705 -3.44129358494963 5.35076552073047
		endloop
	endfacet
	facet normal -0.390011335106554 -0.676555114123352 0.624631360117263
		outer loop
			vertex 2.1998476014752 -2.71647041942815 5.33563591002013
			vertex 3.48143406779705 -3.44129358494963 5.35076552073047
			vertex 2.25435306743537 -2.6760617015795 5.41343615728321
		endloop
	endfacet
	facet normal -0.396832632107794 -0.686259591958488 0.609566759706736
		outer loop
			vertex 2.25435306743537 -2.6760617015795 5.41343615728321
			vertex 3.48143406779705 -3.44129358494963 5.35076552073047
			vertex 3.52611515033986 -3.39748928280881 5.42916880198398
		endloop
	endfacet
	facet normal -0.419125530657927 -0.726990641224815 0.543891898378937
		outer loop
			vertex 2.25435306743537 -2.6760617015795 5.41343615728321
			vertex 3.52611515033986 -3.39748928280881 5.42916880198398
			vertex 2.30301197060818 -2.63957190303047 5.49970684967395
		endloop
	endfacet
	facet normal -0.424595698801931 -0.734470167763177 0.529407277268485
		outer loop
			vertex 2.30301197060818 -2.63957190303047 5.49970684967395
			vertex 3.52611515033986 -3.39748928280881 5.42916880198398
			vertex 3.56542479310285 -3.35844735863416 5.51486054780022
		endloop
	endfacet
	facet normal -0.444537758241428 -0.771038876081206 0.455944331107555
		outer loop
			vertex 2.30301197060818 -2.63957190303047 5.49970684967395
			vertex 3.56542479310285 -3.35844735863416 5.51486054780022
			vertex 2.34466513468011 -2.60844393403457 5.59295787947886
		endloop
	endfacet
	facet normal -0.448977979361458 -0.776775703199097 0.441631385850294
		outer loop
			vertex 2.34466513468011 -2.60844393403457 5.59295787947886
			vertex 3.56542479310285 -3.35844735863416 5.51486054780022
			vertex 3.59847059051306 -3.32543732087111 5.60651669349219
		endloop
	endfacet
	facet normal -0.466434712847699 -0.808884301779113 0.357973246187478
		outer loop
			vertex 2.34466513468011 -2.60844393403457 5.59295787947886
			vertex 3.59847059051306 -3.32543732087111 5.60651669349219
			vertex 2.37820858115214 -2.5840990877963 5.6916747309498
		endloop
	endfacet
	facet normal -0.469669647703139 -0.812702266165281 0.344855692422536
		outer loop
			vertex 2.37820858115214 -2.5840990877963 5.6916747309498
			vertex 3.59847059051306 -3.32543732087111 5.60651669349219
			vertex 3.62448345180702 -3.29963599730376 5.70274896183552
		endloop
	endfacet
	facet normal -0.48305248851177 -0.837389758956597 0.255809860906882
		outer loop
			vertex 2.37820858115214 -2.5840990877963 5.6916747309498
			vertex 3.62448345180702 -3.29963599730376 5.70274896183552
			vertex 2.40326292906463 -2.56731373625864 5.79393211263382
		endloop
	endfacet
	facet normal -0.484771613429384 -0.839123945990584 0.246713368260142
		outer loop
			vertex 2.40326292906463 -2.56731373625864 5.79393211263382
			vertex 3.62448345180702 -3.29963599730376 5.70274896183552
			vertex 3.64336444687606 -3.28143969828813 5.80173800668307
		endloop
	endfacet
	facet normal -0.493726111649557 -0.855675154430713 0.155095315098117
		outer loop
			vertex 2.40326292906463 -2.56731373625864 5.79393211263382
			vertex 3.64336444687606 -3.28143969828813 5.80173800668307
			vertex 2.41992328795238 -2.55816087448862 5.89746541801272
		endloop
	endfacet
	facet normal -0.494476285659018 -0.856218253250933 0.14961118180398
		outer loop
			vertex 2.41992328795238 -2.55816087448862 5.89746541801272
			vertex 3.64336444687606 -3.28143969828813 5.80173800668307
			vertex 3.65522709605271 -3.27086083118898 5.90148735450594
		endloop
	endfacet
	facet normal -0.499156036746177 -0.864873224450168 0.0532687207375807
		outer loop
			vertex 2.41992328795238 -2.55816087448862 5.89746541801272
			vertex 3.65522709605271 -3.27086083118898 5.90148735450594
			vertex 2.42829239972687 -2.55667580903269 6
		endloop
	endfacet
	facet normal -0.499348207612966 -0.864896466254107 0.0510438068219482
		outer loop
			vertex 2.42829239972687 -2.55667580903269 6
			vertex 3.65522709605271 -3.27086083118898 5.90148735450594
			vertex 3.66018453717397 -3.26790906620036 6
		endloop
	endfacet
	facet normal 0 0 1
		outer loop
			vertex 4.86347328395064 -0.49852653292696 5
			vertex 4.88175419730548 0.265286721914596 5
			vertex 3.46639823390741 0.308075123293611 5
		endloop
	endfacet
	facet normal 0 0 1
		outer loop
			vertex 3.46639823390741 0.308075123293611 5
			vertex 4.88175419730548 0.265286721914596 5
			vertex 4.78081032565465 1.02262100401259 5
		endloop
	endfacet
	facet normal 0 0 1
		outer loop
			vertex 3.46639823390741 0.308075123293611 5
			vertex 4.78081032565465 1.02262100401259 5
			vertex 3.36073671998809 0.903479770970292 5
		endloop
	endfacet
	facet normal 0 0 1
		outer loop
			vertex 3.36073671998809 0.903479770970292 5
			vertex 4.78081032565465 1.02262100401259 5
			vertex 4.563106973663 1.75498029465915 5
		endloop
	endfacet
	facet normal 0 0 1
		outer loop
			vertex 3.36073671998809 0.903479770970292 5
			vertex 4.563106973663 1.75498029465915 5
			vertex 3.15360202629269 1.47160499366898 5
		endloop
	endfacet
	facet normal 0 0 1
		outer loop
			vertex 3.15360202629269 1.47160499366898 5
			vertex 4.563106973663 1.75498029465915 5
			vertex 4.23396100782711 2.44447852760736 5
		endloop
	endfacet
	facet normal 0 0 1
		outer loop
			vertex 3.15360202629269 1.47160499366898 5
			vertex 4.23396100782711 2.44447852760736 5
			vertex 2.85124832199972 1.99529697136105 5
		endloop
	endfacet
	facet normal 0 0 1
		outer loop
			vertex 2.85124832199972 1.99529697136105 5
			vertex 4.23396100782711 2.44447852760736 5
			vertex 3.80141100514743 3.0742764120485 5
		endloop
	endfacet
	facet normal 0 0 1
		outer loop
			vertex 2.85124832199972 1.99529697136105 5
			vertex 3.80141100514743 3.0742764120485 5
			vertex 2.46280479345967 2.45874348945572 5
		endloop
	endfacet
	facet normal 0 0 1
		outer loop
			vertex 2.46280479345967 2.45874348945572 5
			vertex 3.80141100514743 3.0742764120485 5
			vertex 3.27602093074578 3.62899269068558 5
		endloop
	endfacet
	facet normal 0 0 1
		outer loop
			vertex 2.46280479345967 2.45874348945572 5
			vertex 3.27602093074578 3.62899269068558 5
			vertex 2 2.84795136855052 5
		endloop
	endfacet
	facet normal 0 0 1
		outer loop
			vertex 2 2.84795136855052 5
			vertex 3.27602093074578 3.62899269068558 5
			vertex 2.67062213911748 4.09507978894055 5
		endloop
	endfacet
	facet normal 0 0 1
		outer loop
			vertex 2 2.84795136855052 5
			vertex 2.67062213911748 4.09507978894055 5
			vertex 2 4.46115468099166 5
		endloop
	endfacet
	facet normal 0 0 1
		outer loop
			vertex -2.63392947736456 -4.11877610413626 5
			vertex -1.8961114337334 -4.50629143737944 5
			vertex -1.1741836047218 -3.27599143161751 5
		endloop
	endfacet
	facet normal 0 0 1
		outer loop
			vertex -1.1741836047218 -3.27599143161751 5
			vertex -1.8961114337334 -4.50629143737944 5
			vertex -1.1031960129326 -4.76286254733258 5
		endloop
	endfacet
	facet normal 0 0 1
		outer loop
			vertex -1.1741836047218 -3.27599143161751 5
			vertex -1.1031960129326 -4.76286254733258 5
			vertex -0.651546610479881 -3.41852512232995 5
		endloop
	endfacet
	facet normal 0 0 1
		outer loop
			vertex -0.651546610479881 -3.41852512232995 5
			vertex -1.1031960129326 -4.76286254733258 5
			vertex -0.278223822822147 -4.88103396752656 5
		endloop
	endfacet
	facet normal 0 0 1
		outer loop
			vertex -0.651546610479881 -3.41852512232995 5
			vertex -0.278223822822147 -4.88103396752656 5
			vertex -0.113121568981071 -3.47822232013137 5
		endloop
	endfacet
	facet normal 0 0 1
		outer loop
			vertex -0.113121568981071 -3.47822232013137 5
			vertex -0.278223822822147 -4.88103396752656 5
			vertex 0.55483302024218 -4.85737186216814 5
		endloop
	endfacet
	facet normal 0 0 1
		outer loop
			vertex -0.113121568981071 -3.47822232013137 5
			vertex 0.55483302024218 -4.85737186216814 5
			vertex 0.428044594408514 -3.45363646361722 5
		endloop
	endfacet
	facet normal 0 0 1
		outer loop
			vertex 0.428044594408514 -3.45363646361722 5
			vertex 0.55483302024218 -4.85737186216814 5
			vertex 1.37176747532941 -4.69256380685039 5
		endloop
	endfacet
	facet normal 0 0 1
		outer loop
			vertex 0.428044594408514 -3.45363646361722 5
			vertex 1.37176747532941 -4.69256380685039 5
			vertex 0.958838532425611 -3.34536330857572 5
		endloop
	endfacet
	facet normal 0 0 1
		outer loop
			vertex 0.958838532425611 -3.34536330857572 5
			vertex 1.37176747532941 -4.69256380685039 5
			vertex 1.46639823390741 -3.15602649184414 5
		endloop
	endfacet
	facet normal 0 0 1
		outer loop
			vertex 1.37176747532941 -4.69256380685039 5
			vertex 2.1488409873135 -4.39139880891902 5
			vertex 1.46639823390741 -3.15602649184414 5
		endloop
	endfacet
	facet normal 0 0 1
		outer loop
			vertex 1.46639823390741 -3.15602649184414 5
			vertex 2.1488409873135 -4.39139880891902 5
			vertex 2.86347328395064 -3.96262814806471 5
		endloop
	endfacet
	facet normal -0.724625526019841 0.687579859132762 0.0463873296864661
		outer loop
			vertex 2.81482442427448 -2.77984017745566 15.3459636401865
			vertex 2.92359511471446 -2.66520910191046 15.3459636401865
			vertex 2.42829239972687 -2.55667580903269 6
		endloop
	endfacet
	facet normal -0.723050950349247 0.689239789992552 0.0463231593274185
		outer loop
			vertex 2.42829239972687 -2.55667580903269 6
			vertex 2.92359511471446 -2.66520910191046 15.3459636401865
			vertex 2.48964444013668 -2.08905973148125 0
		endloop
	endfacet
	facet normal -0.708492913405569 0.704108723282944 0.0476308455829991
		outer loop
			vertex 2.42829239972687 -2.55667580903269 6
			vertex 2.48964444013668 -2.08905973148125 0
			vertex 2.41992328795238 -2.55816087448862 5.89746541801272
		endloop
	endfacet
	facet normal -0.706297460385154 0.706297460385152 0.0478308990817334
		outer loop
			vertex 2.41992328795238 -2.55816087448862 5.89746541801272
			vertex 2.48964444013668 -2.08905973148125 0
			vertex 2.08905973148125 -2.48964444013668 0
		endloop
	endfacet
	facet normal -0.689609190090738 0.72264943340849 0.0470846188981581
		outer loop
			vertex 2.41992328795238 -2.55816087448862 5.89746541801272
			vertex 2.08905973148125 -2.48964444013668 0
			vertex 2.40326292906463 -2.56731373625864 5.79393211263382
		endloop
	endfacet
	facet normal -0.680526764085289 0.731233044757594 0.046707147398917
		outer loop
			vertex 2.40326292906463 -2.56731373625864 5.79393211263382
			vertex 2.08905973148125 -2.48964444013668 0
			vertex 2.37820858115214 -2.5840990877963 5.6916747309498
		endloop
	endfacet
	facet normal -0.778272975278476 0.626273933197696 0.0455207265789755
		outer loop
			vertex 2.92359511471446 -2.66520910191046 15.3459636401865
			vertex 3.22895874461712 -2.28573256905729 15.3459636401865
			vertex 2.48964444013668 -2.08905973148125 0
		endloop
	endfacet
	facet normal -0.818255881028066 0.57294893608028 0.0467635521261836
		outer loop
			vertex 2.48964444013668 -2.08905973148125 0
			vertex 3.22895874461712 -2.28573256905729 15.3459636401865
			vertex 2.81458256229943 -1.625 0
		endloop
	endfacet
	facet normal -0.849333639480909 0.525885125160102 0.0455763533145999
		outer loop
			vertex 3.22895874461712 -2.28573256905729 15.3459636401865
			vertex 3.48537465137069 -1.8716066604047 15.3459636401865
			vertex 2.81458256229943 -1.625 0
		endloop
	endfacet
	facet normal -0.905333431800704 0.422163912432414 0.0463573975080362
		outer loop
			vertex 2.81458256229943 -1.625 0
			vertex 3.48537465137069 -1.8716066604047 15.3459636401865
			vertex 3.0540010175542 -1.11156546580842 0
		endloop
	endfacet
	facet normal -0.907495730063297 0.417514284900359 0.0461878969106186
		outer loop
			vertex 3.48537465137069 -1.8716066604047 15.3459636401865
			vertex 3.68895583120478 -1.42910910259115 15.3459636401865
			vertex 3.0540010175542 -1.11156546580842 0
		endloop
	endfacet
	facet normal -0.948610732283518 0.313123838088781 0.0457289909912473
		outer loop
			vertex 3.0540010175542 -1.11156546580842 0
			vertex 3.68895583120478 -1.42910910259115 15.3459636401865
			vertex 3.81482442427451 -1.0477893698868 15.3459636401864
		endloop
	endfacet
	facet normal -0.958568983462044 0.281063392540901 0.0463559415603193
		outer loop
			vertex 3.0540010175542 -1.11156546580842 0
			vertex 3.81482442427451 -1.0477893698868 15.3459636401864
			vertex 3.42829239972688 -0.824625001463817 5.99999999999998
		endloop
	endfacet
	facet normal -0.964022498092353 0.261518499767837 0.047630845583077
		outer loop
			vertex 3.42829239972688 -0.824625001463817 5.99999999999998
			vertex 3.42539394825075 -0.816634605332029 5.8974654180127
			vertex 3.0540010175542 -1.11156546580842 0
		endloop
	endfacet
	facet normal -0.964820273514552 0.2585228131294 0.0478308990817336
		outer loop
			vertex 3.0540010175542 -1.11156546580842 0
			vertex 3.42539394825075 -0.816634605332029 5.8974654180127
			vertex 3.20062519728968 -0.564356577417524 0
		endloop
	endfacet
	facet normal -0.970637362407566 0.23589436059749 0.0470846188981564
		outer loop
			vertex 3.42539394825075 -0.816634605332029 5.8974654180127
			vertex 3.42499037961704 -0.79762988041405 5.79393211263381
			vertex 3.20062519728968 -0.564356577417524 0
		endloop
	endfacet
	facet normal -0.973529774889361 0.223736943274297 0.0467071473989175
		outer loop
			vertex 3.20062519728968 -0.564356577417524 0
			vertex 3.42499037961704 -0.79762988041405 5.79393211263381
			vertex 3.42699974650386 -0.767539502877749 5.69167473094979
		endloop
	endfacet
	facet normal -0.975893183761949 0.21325345578183 0.0464269047436352
		outer loop
			vertex 3.20062519728968 -0.564356577417524 0
			vertex 3.42699974650386 -0.767539502877749 5.69167473094979
			vertex 3.43131127856141 -0.72631760298336 5.59295787947885
		endloop
	endfacet
	facet normal -0.97879831590737 0.199559558946643 0.0461501810388323
		outer loop
			vertex 3.43131127856141 -0.72631760298336 5.59295787947885
			vertex 3.43744230844411 -0.674680920251111 5.49970684967394
			vertex 3.20062519728968 -0.564356577417524 0
		endloop
	endfacet
	facet normal -0.981867130580157 0.183912587754906 0.0459684451725569
		outer loop
			vertex 3.20062519728968 -0.564356577417524 0
			vertex 3.43744230844411 -0.674680920251111 5.49970684967394
			vertex 3.44471394938015 -0.614296174708653 5.4134361572832
		endloop
	endfacet
	facet normal -0.985026293372637 0.16616875783013 0.0459472010655171
		outer loop
			vertex 3.20062519728968 -0.564356577417524 0
			vertex 3.44471394938015 -0.614296174708653 5.4134361572832
			vertex 3.45245619259135 -0.546888697617717 5.33563591002012
		endloop
	endfacet
	facet normal -0.988261187974941 0.145631114715343 0.0461671178342926
		outer loop
			vertex 3.45245619259135 -0.546888697617717 5.33563591002012
			vertex 3.46014440611439 -0.472747798356397 5.26633856321102
			vertex 3.20062519728968 -0.564356577417524 0
		endloop
	endfacet
	facet normal -0.991246993466968 0.123485042166516 0.046699489331594
		outer loop
			vertex 3.20062519728968 -0.564356577417524 0
			vertex 3.46014440611439 -0.472747798356397 5.26633856321102
			vertex 3.46746545395686 -0.390247211907452 5.20358366427157
		endloop
	endfacet
	facet normal -0.993845667957114 0.100016573714389 0.0476179930836245
		outer loop
			vertex 3.20062519728968 -0.564356577417524 0
			vertex 3.46746545395686 -0.390247211907452 5.20358366427157
			vertex 3.47383815973907 -0.30055898366581 5.14820914960427
		endloop
	endfacet
	facet normal -0.995029841795517 0.0870538310271024 0.0483450560025934
		outer loop
			vertex 3.20062519728968 -0.564356577417524 0
			vertex 3.47383815973907 -0.30055898366581 5.14820914960427
			vertex 3.25 0 0
		endloop
	endfacet
	facet normal -0.996135889078472 0.0737950773702488 0.0476190827900122
		outer loop
			vertex 3.25 0 0
			vertex 3.47383815973907 -0.30055898366581 5.14820914960427
			vertex 3.47867109606096 -0.20495892560291 5.10115758476506
		endloop
	endfacet
	facet normal -0.997931486990609 0.0443720599400832 0.0465173899674628
		outer loop
			vertex 3.25 0 0
			vertex 3.47867109606096 -0.20495892560291 5.10115758476506
			vertex 3.48136304699377 -0.104744324956801 5.06331484099346
		endloop
	endfacet
	facet normal -0.998957972416006 -0.000425123693663802 0.0456375789930589
		outer loop
			vertex 3.48136304699377 -0.104744324956801 5.06331484099346
			vertex 3.47906895455893 0.102861787808249 5.01503349701391
			vertex 3.25 0 0
		endloop
	endfacet
	facet normal -0.997213131346647 -0.0581478590075229 0.0467418138571398
		outer loop
			vertex 3.25 0 0
			vertex 3.47906895455893 0.102861787808249 5.01503349701391
			vertex 3.46639823390741 0.308075123293611 5
		endloop
	endfacet
	facet normal -0.995025830852863 -0.0870534801150888 0.0484281688216822
		outer loop
			vertex 3.25 0 0
			vertex 3.46639823390741 0.308075123293611 5
			vertex 3.20062519728968 0.564356577417523 0
		endloop
	endfacet
	facet normal -0.98369093039308 -0.174567453142363 0.0433400249859728
		outer loop
			vertex 3.20062519728968 0.564356577417523 0
			vertex 3.46639823390741 0.308075123293611 5
			vertex 3.36073671998809 0.903479770970292 5
		endloop
	endfacet
	facet normal -0.964792454828314 -0.258515359134888 0.0484285886405527
		outer loop
			vertex 3.20062519728968 0.564356577417523 0
			vertex 3.36073671998809 0.903479770970292 5
			vertex 3.0540010175542 1.11156546580842 0
		endloop
	endfacet
	facet normal -0.938621554630972 -0.342215202646443 0.043339730730492
		outer loop
			vertex 3.0540010175542 1.11156546580842 0
			vertex 3.36073671998809 0.903479770970292 5
			vertex 3.15360202629269 1.47160499366898 5
		endloop
	endfacet
	facet normal -0.905244359325897 -0.422122377255281 0.0484287985500099
		outer loop
			vertex 3.0540010175542 1.11156546580842 0
			vertex 3.15360202629269 1.47160499366898 5
			vertex 2.81458256229943 1.625 0
		endloop
	endfacet
	facet normal -0.865211683451875 -0.499530198346949 0.0433396326453191
		outer loop
			vertex 2.81458256229943 1.625 0
			vertex 3.15360202629269 1.47160499366898 5
			vertex 2.85124832199972 1.99529697136105 5
		endloop
	endfacet
	facet normal -0.8181908818719 -0.572903423181155 0.0484287985500098
		outer loop
			vertex 2.81458256229943 1.625 0
			vertex 2.85124832199972 1.99529697136105 5
			vertex 2.48964444013668 2.08905973148125 0
		endloop
	endfacet
	facet normal -0.765677836368546 -0.641762509526842 0.0433397307304918
		outer loop
			vertex 2.48964444013668 2.08905973148125 0
			vertex 2.85124832199972 1.99529697136105 5
			vertex 2.46280479345967 2.45874348945572 5
		endloop
	endfacet
	facet normal -0.706277095693428 -0.706277095693426 0.0484285886405525
		outer loop
			vertex 2.48964444013668 2.08905973148125 0
			vertex 2.46280479345967 2.45874348945572 5
			vertex 2.08905973148125 2.48964444013668 0
		endloop
	endfacet
	facet normal -0.643025314291779 -0.764617608621574 0.0433400249859728
		outer loop
			vertex 2.08905973148125 2.48964444013668 0
			vertex 2.46280479345967 2.45874348945572 5
			vertex 2 2.84795136855052 5
		endloop
	endfacet
	facet normal -0.572903440693942 -0.818190906882753 0.0484281688216823
		outer loop
			vertex 2.08905973148125 2.48964444013668 0
			vertex 2 2.84795136855052 5
			vertex 1.625 2.81458256229942 0
		endloop
	endfacet
	facet normal -0.548964088749513 -0.834537975229864 0.0467418138571398
		outer loop
			vertex 1.625 2.81458256229942 0
			vertex 2 2.84795136855052 5
			vertex 1.8286153986001 2.96153120226167 5.01503349701391
		endloop
	endfacet
	facet normal -0.499847154126472 -0.86491041957842 0.0456375789930589
		outer loop
			vertex 1.625 2.81458256229942 0
			vertex 1.8286153986001 2.96153120226167 5.01503349701391
			vertex 1.64997027718204 3.0673210009714 5.06331484099346
		endloop
	endfacet
	facet normal -0.460538412368937 -0.886420048940294 0.0465173899674632
		outer loop
			vertex 1.64997027718204 3.0673210009714 5.06331484099346
			vertex 1.561835911726 3.1150970034009 5.10115758476506
			vertex 1.625 2.81458256229942 0
		endloop
	endfacet
	facet normal -0.434159532862374 -0.899576524248473 0.0476190827900117
		outer loop
			vertex 1.625 2.81458256229942 0
			vertex 1.561835911726 3.1150970034009 5.10115758476506
			vertex 1.47662736467931 3.15871158680272 5.14820914960428
		endloop
	endfacet
	facet normal -0.422124091731532 -0.905248036032079 0.0483450560025935
		outer loop
			vertex 1.625 2.81458256229942 0
			vertex 1.47662736467931 3.15871158680272 5.14820914960428
			vertex 1.11156546580842 3.0540010175542 0
		endloop
	endfacet
	facet normal -0.410305940342415 -0.91070388274917 0.0476179930836243
		outer loop
			vertex 1.11156546580842 3.0540010175542 0
			vertex 1.47662736467931 3.15871158680272 5.14820914960428
			vertex 1.39576872771053 3.19803677582531 5.20358366427157
		endloop
	endfacet
	facet normal -0.388682313229876 -0.920187598850605 0.0466994893315933
		outer loop
			vertex 1.11156546580842 3.0540010175542 0
			vertex 1.39576872771053 3.19803677582531 5.20358366427157
			vertex 1.32066060009739 3.23294685563588 5.26633856321103
		endloop
	endfacet
	facet normal -0.368010349062537 -0.928674851718159 0.0461671178342923
		outer loop
			vertex 1.32066060009739 3.23294685563588 5.26633856321103
			vertex 1.25260859111615 3.26335911704586 5.33563591002012
			vertex 1.11156546580842 3.0540010175542 0
		endloop
	endfacet
	facet normal -0.348606781090141 -0.936142172371385 0.0459472010655169
		outer loop
			vertex 1.11156546580842 3.0540010175542 0
			vertex 1.25260859111615 3.26335911704586 5.33563591002012
			vertex 1.19036088194478 3.29035787628815 5.41343615728321
		endloop
	endfacet
	facet normal -0.331660592218611 -0.942278172100796 0.0459684451725568
		outer loop
			vertex 1.11156546580842 3.0540010175542 0
			vertex 1.19036088194478 3.29035787628815 5.41343615728321
			vertex 1.13443033783593 3.31425282328158 5.49970684967395
		endloop
	endfacet
	facet normal -0.31657551033788 -0.947443986230529 0.0461501810388324
		outer loop
			vertex 1.13443033783593 3.31425282328158 5.49970684967395
			vertex 1.0866461438813 3.33476153701793 5.59295787947886
			vertex 1.11156546580842 3.0540010175542 0
		endloop
	endfacet
	facet normal -0.303263681729085 -0.951775016408839 0.0464269047436354
		outer loop
			vertex 1.11156546580842 3.0540010175542 0
			vertex 1.0866461438813 3.33476153701793 5.59295787947886
			vertex 1.04879116535172 3.35163859067405 5.6916747309498
		endloop
	endfacet
	facet normal -0.293003010804024 -0.954969988031892 0.0467071473989186
		outer loop
			vertex 1.11156546580842 3.0540010175542 0
			vertex 1.04879116535172 3.35163859067405 5.6916747309498
			vertex 1.02172745055241 3.36494361667269 5.79393211263382
		endloop
	endfacet
	facet normal -0.281028172316889 -0.958543794006014 0.0470846188981558
		outer loop
			vertex 1.02172745055241 3.36494361667269 5.79393211263382
			vertex 1.00547066029836 3.37479547982064 5.89746541801272
			vertex 1.11156546580842 3.0540010175542 0
		endloop
	endfacet
	facet normal -0.2585228131294 -0.964820273514552 0.0478308990817336
		outer loop
			vertex 1.11156546580842 3.0540010175542 0
			vertex 1.00547066029836 3.37479547982064 5.89746541801272
			vertex 0.564356577417523 3.20062519728968 0
		endloop
	endfacet
	facet normal -0.255529584686391 -0.965627223051965 0.0476308455829937
		outer loop
			vertex 1.00547066029836 3.37479547982064 5.89746541801272
			vertex 1 3.38130081049649 6
			vertex 0.564356577417523 3.20062519728968 0
		endloop
	endfacet
	facet normal -0.23537369225798 -0.970800386229204 0.0463231593274186
		outer loop
			vertex 0.564356577417523 3.20062519728968 0
			vertex 1 3.38130081049649 6
			vertex 0.846341231294732 3.86451219067803 15.3459636401865
		endloop
	endfacet
	facet normal -0.153232648237964 -0.987141134268906 0.0455207265789755
		outer loop
			vertex 0.564356577417523 3.20062519728968 0
			vertex 0.846341231294732 3.86451219067803 15.3459636401865
			vertex 0.365023098752516 3.93922658513898 15.3459636401865
		endloop
	endfacet
	facet normal -0.23314886212958 -0.971334043330224 0.0463873296864661
		outer loop
			vertex 1 3.38130081049649 6
			vertex 1 3.82762954734244 15.3459636401865
			vertex 0.846341231294732 3.86451219067803 15.3459636401865
		endloop
	endfacet
	facet normal -0.0870603932027552 -0.995104847806463 0.0467635521261835
		outer loop
			vertex 0.564356577417523 3.20062519728968 0
			vertex 0.365023098752516 3.93922658513898 15.3459636401865
			vertex 1.98998532496136E-16 3.25 0
		endloop
	endfacet
	facet normal -0.0307630581205529 -0.998487070659212 0.0455763533145999
		outer loop
			vertex 1.98998532496136E-16 3.25 0
			vertex 0.365023098752516 3.93922658513898 15.3459636401865
			vertex -0.121828411882726 3.9542263199957 15.3459636401865
		endloop
	endfacet
	facet normal 0.0870620431728516 -0.995123707050963 0.0463573975080362
		outer loop
			vertex 1.98998532496136E-16 3.25 0
			vertex -0.121828411882726 3.9542263199957 15.3459636401865
			vertex -0.564356577417523 3.20062519728968 0
		endloop
	endfacet
	facet normal 0.0921698878650444 -0.9946714985109 0.0461878969106185
		outer loop
			vertex -0.564356577417523 3.20062519728968 0
			vertex -0.121828411882726 3.9542263199957 15.3459636401865
			vertex -0.606833127978873 3.90928401455765 15.3459636401865
		endloop
	endfacet
	facet normal 0.203132167826387 -0.978082911504477 0.0457289909912473
		outer loop
			vertex -0.564356577417523 3.20062519728968 0
			vertex -0.606833127978873 3.90928401455765 15.3459636401865
			vertex -0.999999999999999 3.82762954734247 15.3459636401864
		endloop
	endfacet
	facet normal 0.235876453716769 -0.970676787228405 0.0463559415603195
		outer loop
			vertex -0.999999999999999 3.82762954734247 15.3459636401864
			vertex -1 3.3813008104965 5.99999999999998
			vertex -0.564356577417523 3.20062519728968 0
		endloop
	endfacet
	facet normal 0.255529584687657 -0.965627223051626 0.0476308455830781
		outer loop
			vertex -0.564356577417523 3.20062519728968 0
			vertex -1 3.3813008104965 5.99999999999998
			vertex -1.00547066029836 3.37479547982064 5.8974654180127
		endloop
	endfacet
	facet normal 0.2585228131294 -0.964820273514552 0.0478308990817335
		outer loop
			vertex -0.564356577417523 3.20062519728968 0
			vertex -1.00547066029836 3.37479547982064 5.8974654180127
			vertex -1.11156546580842 3.0540010175542 0
		endloop
	endfacet
	facet normal 0.281028172316815 -0.958543794006036 0.0470846188981582
		outer loop
			vertex -1.11156546580842 3.0540010175542 0
			vertex -1.00547066029836 3.37479547982064 5.8974654180127
			vertex -1.02172745055241 3.36494361667269 5.79393211263381
		endloop
	endfacet
	facet normal 0.293003010804062 -0.954969988031881 0.0467071473989175
		outer loop
			vertex -1.11156546580842 3.0540010175542 0
			vertex -1.02172745055241 3.36494361667269 5.79393211263381
			vertex -1.04879116535172 3.35163859067405 5.69167473094979
		endloop
	endfacet
	facet normal 0.303263681729068 -0.951775016408844 0.0464269047436358
		outer loop
			vertex -1.04879116535172 3.35163859067405 5.69167473094979
			vertex -1.0866461438813 3.33476153701793 5.59295787947885
			vertex -1.11156546580842 3.0540010175542 0
		endloop
	endfacet
	facet normal 0.316575510337896 -0.947443986230523 0.0461501810388321
		outer loop
			vertex -1.11156546580842 3.0540010175542 0
			vertex -1.0866461438813 3.33476153701793 5.59295787947885
			vertex -1.13443033783593 3.31425282328158 5.49970684967394
		endloop
	endfacet
	facet normal 0.331660592218599 -0.942278172100801 0.0459684451725568
		outer loop
			vertex -1.11156546580842 3.0540010175542 0
			vertex -1.13443033783593 3.31425282328158 5.49970684967394
			vertex -1.19036088194478 3.29035787628815 5.4134361572832
		endloop
	endfacet
	facet normal 0.348606781090148 -0.936142172371382 0.045947201065517
		outer loop
			vertex -1.19036088194478 3.29035787628815 5.4134361572832
			vertex -1.25260859111615 3.26335911704586 5.33563591002012
			vertex -1.11156546580842 3.0540010175542 0
		endloop
	endfacet
	facet normal 0.368010349062538 -0.928674851718158 0.0461671178342923
		outer loop
			vertex -1.11156546580842 3.0540010175542 0
			vertex -1.25260859111615 3.26335911704586 5.33563591002012
			vertex -1.32066060009739 3.23294685563587 5.26633856321102
		endloop
	endfacet
	facet normal 0.388682313229871 -0.920187598850607 0.0466994893315932
		outer loop
			vertex -1.11156546580842 3.0540010175542 0
			vertex -1.32066060009739 3.23294685563587 5.26633856321102
			vertex -1.39576872771053 3.19803677582531 5.20358366427157
		endloop
	endfacet
	facet normal 0.410305940342423 -0.910703882749167 0.0476179930836247
		outer loop
			vertex -1.39576872771053 3.19803677582531 5.20358366427157
			vertex -1.47662736467931 3.15871158680272 5.14820914960427
			vertex -1.11156546580842 3.0540010175542 0
		endloop
	endfacet
	facet normal 0.422124091731531 -0.905248036032079 0.0483450560025934
		outer loop
			vertex -1.11156546580842 3.0540010175542 0
			vertex -1.47662736467931 3.15871158680272 5.14820914960427
			vertex -1.625 2.81458256229942 0
		endloop
	endfacet
	facet normal 0.434159532862366 -0.899576524248477 0.047619082790012
		outer loop
			vertex -1.47662736467931 3.15871158680272 5.14820914960427
			vertex -1.561835911726 3.1150970034009 5.10115758476506
			vertex -1.625 2.81458256229942 0
		endloop
	endfacet
	facet normal 0.46053841236894 -0.886420048940293 0.046517389967463
		outer loop
			vertex -1.625 2.81458256229942 0
			vertex -1.561835911726 3.1150970034009 5.10115758476506
			vertex -1.64997027718204 3.0673210009714 5.06331484099346
		endloop
	endfacet
	facet normal 0.499847154126465 -0.864910419578425 0.045637578993059
		outer loop
			vertex -1.625 2.81458256229942 0
			vertex -1.64997027718204 3.0673210009714 5.06331484099346
			vertex -1.82861539860009 2.96153120226167 5.01503349701391
		endloop
	endfacet
	facet normal 0.548964088749517 -0.834537975229861 0.0467418138571401
		outer loop
			vertex -1.82861539860009 2.96153120226167 5.01503349701391
			vertex -2 2.84795136855053 5
			vertex -1.625 2.81458256229942 0
		endloop
	endfacet
	facet normal 0.572903440693942 -0.818190906882753 0.0484281688216823
		outer loop
			vertex -1.625 2.81458256229942 0
			vertex -2 2.84795136855053 5
			vertex -2.08905973148125 2.48964444013668 0
		endloop
	endfacet
	facet normal 0.636041183191679 -0.77040653106658 0.043879268158073
		outer loop
			vertex -2 2.84795136855053 5
			vertex -2.41775034390213 2.50306018149583 5
			vertex -2.08905973148125 2.48964444013668 0
		endloop
	endfacet
	facet normal 0.706280656361214 -0.706280656361215 0.0483246200186205
		outer loop
			vertex -2.08905973148125 2.48964444013668 0
			vertex -2.41775034390213 2.50306018149583 5
			vertex -2.48964444013668 2.08905973148125 0
		endloop
	endfacet
	facet normal 0.747889759369875 -0.662357174919623 0.0440894620308277
		outer loop
			vertex -2.41775034390213 2.50306018149583 5
			vertex -2.77691461572451 2.09751572451898 5
			vertex -2.48964444013668 2.08905973148125 0
		endloop
	endfacet
	facet normal 0.818208690763782 -0.572915893101497 0.0479783054132951
		outer loop
			vertex -2.48964444013668 2.08905973148125 0
			vertex -2.77691461572451 2.09751572451898 5
			vertex -2.81458256229942 1.625 0
		endloop
	endfacet
	facet normal 0.841605300023604 -0.538254508156608 0.0445264350837553
		outer loop
			vertex -2.77691461572451 2.09751572451898 5
			vertex -3.06878967373436 1.64114500761211 5
			vertex -2.81458256229942 1.625 0
		endloop
	endfacet
	facet normal 0.905289546177883 -0.422143448230412 0.0473893099462417
		outer loop
			vertex -2.81458256229942 1.625 0
			vertex -3.06878967373436 1.64114500761211 5
			vertex -3.0540010175542 1.11156546580843 0
		endloop
	endfacet
	facet normal 0.914914578180414 -0.40110993385481 0.045189994422933
		outer loop
			vertex -3.06878967373436 1.64114500761211 5
			vertex -3.28630290465299 1.14500664473973 5
			vertex -3.0540010175542 1.11156546580843 0
		endloop
	endfacet
	facet normal 0.964878375007915 -0.258538381377624 0.046557779121482
		outer loop
			vertex -3.0540010175542 1.11156546580843 0
			vertex -3.28630290465299 1.14500664473973 5
			vertex -3.20062519728968 0.564356577417523 0
		endloop
	endfacet
	facet normal 0.966039759068051 -0.254251512674623 0.0460798459460104
		outer loop
			vertex -3.28630290465299 1.14500664473973 5
			vertex -3.42418360472182 0.62112288541246 5
			vertex -3.20062519728968 0.564356577417523 0
		endloop
	endfacet
	facet normal 0.987991483388676 -0.147548682309027 0.0458499193054191
		outer loop
			vertex -3.20062519728968 0.564356577417523 0
			vertex -3.42418360472182 0.62112288541246 5
			vertex -3.45603484009055 0.412173294658913 5.01392614217623
		endloop
	endfacet
	facet normal 0.994981033069684 -0.0877886182742699 0.0480198118809242
		outer loop
			vertex -3.20062519728968 0.564356577417523 0
			vertex -3.45603484009055 0.412173294658913 5.01392614217623
			vertex -3.47705954243064 0.198761220399177 5.05940797241411
		endloop
	endfacet
	facet normal 0.995042769251398 -0.0870549620329403 0.0480761993709224
		outer loop
			vertex -3.20062519728968 0.564356577417523 0
			vertex -3.47705954243064 0.198761220399177 5.05940797241411
			vertex -3.25 -3.97997064992273E-16 0
		endloop
	endfacet
	facet normal 0.998018992757806 -0.0424250774911391 0.046456462355258
		outer loop
			vertex -3.25 -3.97997064992273E-16 0
			vertex -3.47705954243064 0.198761220399177 5.05940797241411
			vertex -3.48315857918407 0.0947688568888344 5.09546475229169
		endloop
	endfacet
	facet normal 0.99886919233696 -0.0122625090421629 0.0459343822435968
		outer loop
			vertex -3.25 -3.97997064992273E-16 0
			vertex -3.48315857918407 0.0947688568888344 5.09546475229169
			vertex -3.48646981201696 -0.00510889591406746 5.14080631381588
		endloop
	endfacet
	facet normal 0.998827275668719 0.0152240898213763 0.0459597701181828
		outer loop
			vertex -3.48646981201696 -0.00510889591406746 5.14080631381588
			vertex -3.48751429344848 -0.0994799760242728 5.19476590361554
			vertex -3.25 -3.97997064992273E-16 0
		endloop
	endfacet
	facet normal 0.998088202868572 0.0408105134594673 0.0464159593864001
		outer loop
			vertex -3.25 -3.97997064992273E-16 0
			vertex -3.48751429344848 -0.0994799760242728 5.19476590361554
			vertex -3.48680967560959 -0.186995226099315 5.25656084605534
		endloop
	endfacet
	facet normal 0.996745522679773 0.0653292285708476 0.0472276922172228
		outer loop
			vertex -3.25 -3.97997064992273E-16 0
			vertex -3.48680967560959 -0.186995226099315 5.25656084605534
			vertex -3.48487361063127 -0.266305488796727 5.32540846549997
		endloop
	endfacet
	facet normal 0.995034967010357 0.0870542794252993 0.0482386448860265
		outer loop
			vertex -3.25 -3.97997064992273E-16 0
			vertex -3.48487361063127 -0.266305488796727 5.32540846549997
			vertex -3.20062519728968 -0.564356577417523 0
		endloop
	endfacet
	facet normal 0.994872623839788 0.0889526198300497 0.0481237338483429
		outer loop
			vertex -3.20062519728968 -0.564356577417523 0
			vertex -3.48487361063127 -0.266305488796727 5.32540846549997
			vertex -3.48218737206762 -0.338076976666221 5.40253873720134
		endloop
	endfacet
	facet normal 0.993073511458595 0.107575277070399 0.0472499799208628
		outer loop
			vertex -3.20062519728968 -0.564356577417523 0
			vertex -3.48218737206762 -0.338076976666221 5.40253873720134
			vertex -3.47927926057389 -0.402912209410812 5.48902977149353
		endloop
	endfacet
	facet normal 0.991232697599474 0.123605197565625 0.0466850548295019
		outer loop
			vertex -3.47927926057389 -0.402912209410812 5.48902977149353
			vertex -3.47675096343698 -0.458788260763874 5.58328776457931
			vertex -3.20062519728968 -0.564356577417523 0
		endloop
	endfacet
	facet normal 0.989426724422073 0.13743322562451 0.0463342798999895
		outer loop
			vertex -3.20062519728968 -0.564356577417523 0
			vertex -3.47675096343698 -0.458788260763874 5.58328776457931
			vertex -3.47521429762555 -0.503705188245539 5.68370283563791
		endloop
	endfacet
	facet normal 0.988019218308742 0.147265587316672 0.0461613587847819
		outer loop
			vertex -3.20062519728968 -0.564356577417523 0
			vertex -3.47521429762555 -0.503705188245539 5.68370283563791
			vertex -3.47520312336845 -0.536559237208619 5.78827580668104
		endloop
	endfacet
	facet normal 0.986665154845705 0.156111632960045 0.0460546443678566
		outer loop
			vertex -3.47520312336845 -0.536559237208619 5.78827580668104
			vertex -3.47687924824753 -0.557314715643393 5.89453969628125
			vertex -3.20062519728968 -0.564356577417523 0
		endloop
	endfacet
	facet normal 0.985300637252283 0.16452487536 0.0459806439496197
		outer loop
			vertex -3.20062519728968 -0.564356577417523 0
			vertex -3.47687924824753 -0.557314715643393 5.89453969628125
			vertex -3.48034960701804 -0.566005109511824 5.99999999999999
		endloop
	endfacet
	facet normal 0.973189998219662 0.225470817755729 0.0454327822808237
		outer loop
			vertex -3.20062519728968 -0.564356577417523 0
			vertex -3.48034960701804 -0.566005109511824 5.99999999999999
			vertex -3.7699363460092 -1.19930308876758 15.3459636401865
		endloop
	endfacet
	facet normal 0.966577333549886 0.252025188231982 0.0470272555463927
		outer loop
			vertex -3.7699363460092 -1.19930308876758 15.3459636401865
			vertex -3.48034960701804 -0.566005109511824 5.99999999999999
			vertex -3.87556702188498 -0.794183990373686 15.3459636401865
		endloop
	endfacet
	facet normal 0.964881300080051 0.258539165148341 0.0464927611594539
		outer loop
			vertex -3.20062519728968 -0.564356577417523 0
			vertex -3.7699363460092 -1.19930308876758 15.3459636401865
			vertex -3.0540010175542 -1.11156546580842 0
		endloop
	endfacet
	facet normal 0.93150562351644 0.360867201071211 0.0455207265789756
		outer loop
			vertex -3.0540010175542 -1.11156546580842 0
			vertex -3.7699363460092 -1.19930308876758 15.3459636401865
			vertex -3.59398184336964 -1.6534940160817 15.3459636401865
		endloop
	endfacet
	facet normal 0.905316274230822 0.422155911726183 0.0467635521261836
		outer loop
			vertex -3.0540010175542 -1.11156546580842 0
			vertex -3.59398184336964 -1.6534940160817 15.3459636401865
			vertex -2.81458256229943 -1.625 0
		endloop
	endfacet
	facet normal 0.880096697601462 0.47260194549911 0.0455763533146
		outer loop
			vertex -2.81458256229943 -1.625 0
			vertex -3.59398184336964 -1.6534940160817 15.3459636401865
			vertex -3.36354623948797 -2.08261965959101 15.3459636401865
		endloop
	endfacet
	facet normal 0.818271388627852 0.572959794618548 0.0463573975080363
		outer loop
			vertex -2.81458256229943 -1.625 0
			vertex -3.36354623948797 -2.08261965959101 15.3459636401865
			vertex -2.48964444013668 -2.08905973148125 0
		endloop
	endfacet
	facet normal 0.815325842198253 0.577157213610541 0.0461878969106186
		outer loop
			vertex -2.48964444013668 -2.08905973148125 0
			vertex -3.36354623948797 -2.08261965959101 15.3459636401865
			vertex -3.08212270322591 -2.4801749119665 15.3459636401865
		endloop
	endfacet
	facet normal 0.738238354400513 0.672993182819641 0.0456542218235309
		outer loop
			vertex -2.48964444013668 -2.08905973148125 0
			vertex -3.08212270322591 -2.4801749119665 15.3459636401865
			vertex -2.75397732852583 -2.84013324082769 15.3459636401865
		endloop
	endfacet
	facet normal 0.679332157024347 0.732349353651401 0.0466073453333574
		outer loop
			vertex -2.62556702188495 -2.95924749983477 15.3459636401864
			vertex -2.23034960701806 -2.73106861897294 6
			vertex -2.75397732852583 -2.84013324082769 15.3459636401865
		endloop
	endfacet
	facet normal 0.659758573390547 0.750085674716153 0.0457176707989804
		outer loop
			vertex -2.75397732852583 -2.84013324082769 15.3459636401865
			vertex -2.23034960701806 -2.73106861897294 6
			vertex -2.08905973148125 -2.48964444013668 0
		endloop
	endfacet
	facet normal 0.706334093204382 0.706334093204383 0.0467364692107257
		outer loop
			vertex -2.75397732852583 -2.84013324082769 15.3459636401865
			vertex -2.08905973148125 -2.48964444013668 0
			vertex -2.48964444013668 -2.08905973148125 0
		endloop
	endfacet
	facet normal 0.63513304023928 0.771032944548016 0.0459806439496553
		outer loop
			vertex -2.23034960701806 -2.73106861897294 6
			vertex -2.22108832577382 -2.73240839705163 5.89453969628126
			vertex -2.08905973148125 -2.48964444013668 0
		endloop
	endfacet
	facet normal 0.628529217392515 0.776421272645272 0.0460546443678568
		outer loop
			vertex -2.08905973148125 -2.48964444013668 0
			vertex -2.22108832577382 -2.73240839705163 5.89453969628126
			vertex -2.20227549174207 -2.74133456954381 5.78827580668105
		endloop
	endfacet
	facet normal 0.621545348873834 0.782016948824286 0.0461613587847821
		outer loop
			vertex -2.08905973148125 -2.48964444013668 0
			vertex -2.20227549174207 -2.74133456954381 5.78827580668105
			vertex -2.17382863785141 -2.75777127121587 5.68370283563791
		endloop
	endfacet
	facet normal 0.613734026925897 0.788152065720487 0.0463342798999896
		outer loop
			vertex -2.17382863785141 -2.75777127121587 5.68370283563791
			vertex -2.13569777049806 -2.78156052658653 5.58328776457932
			vertex -2.08905973148125 -2.48964444013668 0
		endloop
	endfacet
	facet normal 0.602661589931361 0.796630098400111 0.0466850548295019
		outer loop
			vertex -2.08905973148125 -2.48964444013668 0
			vertex -2.13569777049806 -2.78156052658653 5.58328776457932
			vertex -2.0885718391316 -2.81168812181194 5.48902977149354
		endloop
	endfacet
	facet normal 0.589699678491414 0.80623925021336 0.0472499799208628
		outer loop
			vertex -2.08905973148125 -2.48964444013668 0
			vertex -2.0885718391316 -2.81168812181194 5.48902977149354
			vertex -2.03387693626137 -2.84662423661484 5.40253873720134
		endloop
	endfacet
	facet normal 0.574471540425875 0.817108655859927 0.0481237338483443
		outer loop
			vertex -2.03387693626137 -2.84662423661484 5.40253873720134
			vertex -1.97306412378081 -2.88483633138633 5.32540846549997
			vertex -2.08905973148125 -2.48964444013668 0
		endloop
	endfacet
	facet normal 0.572908700995636 0.818198419372131 0.0482386448860264
		outer loop
			vertex -2.08905973148125 -2.48964444013668 0
			vertex -1.97306412378081 -2.88483633138633 5.32540846549997
			vertex -1.625 -2.81458256229942 0
		endloop
	endfacet
	facet normal 0.554949532891875 0.830542329463661 0.0472276922172226
		outer loop
			vertex -1.97306412378081 -2.88483633138633 5.32540846549997
			vertex -1.90534745399319 -2.92616814418964 5.25656084605535
			vertex -1.625 -2.81458256229942 0
		endloop
	endfacet
	facet normal 0.534387042831668 0.843964482172008 0.0464159593864001
		outer loop
			vertex -1.625 -2.81458256229942 0
			vertex -1.90534745399319 -2.92616814418964 5.25656084605535
			vertex -1.8299093331291 -2.9705359861756 5.19476590361554
		endloop
	endfacet
	facet normal 0.512598086369157 0.857397749811231 0.0459597701181828
		outer loop
			vertex -1.625 -2.81458256229942 0
			vertex -1.8299093331291 -2.9705359861756 5.19476590361554
			vertex -1.74765933965533 -3.01681697877723 5.14080631381588
		endloop
	endfacet
	facet normal 0.48881495182382 0.871177350142539 0.045934382243597
		outer loop
			vertex -1.74765933965533 -3.01681697877723 5.14080631381588
			vertex -1.65950705203867 -3.06388824342755 5.0954647522917
			vertex -1.625 -2.81458256229942 0
		endloop
	endfacet
	facet normal 0.462268301514045 0.885522339933192 0.0464564623552583
		outer loop
			vertex -1.625 -2.81458256229942 0
			vertex -1.65950705203867 -3.06388824342755 5.0954647522917
			vertex -1.56639750506241 -3.11060250441563 5.05940797241411
		endloop
	endfacet
	facet normal 0.42147742051231 0.905562275287838 0.0481014508492634
		outer loop
			vertex -1.625 -2.81458256229942 0
			vertex -1.56639750506241 -3.11060250441563 5.05940797241411
			vertex -1.3710648761091 -3.19910061521197 5.01392614217623
		endloop
	endfacet
	facet normal 0.422130204389559 0.905261144669521 0.0480452962698406
		outer loop
			vertex -1.625 -2.81458256229942 0
			vertex -1.3710648761091 -3.19910061521197 5.01392614217623
			vertex -1.11156546580842 -3.0540010175542 0
		endloop
	endfacet
	facet normal 0.36621483451979 0.929400064491782 0.0458499193054188
		outer loop
			vertex -1.11156546580842 -3.0540010175542 0
			vertex -1.3710648761091 -3.19910061521197 5.01392614217623
			vertex -1.1741836047218 -3.27599143161751 5
		endloop
	endfacet
	facet normal 0.262831610607174 0.963740728756044 0.0460798459460107
		outer loop
			vertex -1.11156546580842 -3.0540010175542 0
			vertex -1.1741836047218 -3.27599143161751 5
			vertex -0.651546610479881 -3.41852512232995 5
		endloop
	endfacet
	facet normal 0.258538381377623 0.964878375007915 0.0465577791214818
		outer loop
			vertex -1.11156546580842 -3.0540010175542 0
			vertex -0.651546610479881 -3.41852512232995 5
			vertex -0.564356577417524 -3.20062519728968 0
		endloop
	endfacet
	facet normal 0.110085896661639 0.992894233924368 0.0451899944229335
		outer loop
			vertex -0.564356577417524 -3.20062519728968 0
			vertex -0.651546610479881 -3.41852512232995 5
			vertex -0.113121568981071 -3.47822232013137 5
		endloop
	endfacet
	facet normal 0.0870578228802465 0.995075468885738 0.0473893099462414
		outer loop
			vertex -0.564356577417524 -3.20062519728968 0
			vertex -0.113121568981071 -3.47822232013137 5
			vertex 1.98998532496136E-16 -3.25 0
		endloop
	endfacet
	facet normal -0.0453394277533216 0.997978823858369 0.0445264350837553
		outer loop
			vertex 1.98998532496136E-16 -3.25 0
			vertex -0.113121568981071 -3.47822232013137 5
			vertex 0.428044594408514 -3.45363646361722 5
		endloop
	endfacet
	facet normal -0.0870553722758568 0.99504745834939 0.047978305413295
		outer loop
			vertex 1.98998532496136E-16 -3.25 0
			vertex 0.428044594408514 -3.45363646361722 5
			vertex 0.564356577417524 -3.20062519728968 0
		endloop
	endfacet
	facet normal -0.199673260174351 0.978870118304353 0.0440894620308278
		outer loop
			vertex 0.564356577417524 -3.20062519728968 0
			vertex 0.428044594408514 -3.45363646361722 5
			vertex 0.958838532425611 -3.34536330857572 5
		endloop
	endfacet
	facet normal -0.258516662429752 0.964797318790966 0.0483246200186204
		outer loop
			vertex 0.564356577417524 -3.20062519728968 0
			vertex 0.958838532425611 -3.34536330857572 5
			vertex 1.11156546580842 -3.0540010175542 0
		endloop
	endfacet
	facet normal -0.349171035549261 0.936031088030397 0.043879268158073
		outer loop
			vertex 1.11156546580842 -3.0540010175542 0
			vertex 0.958838532425611 -3.34536330857572 5
			vertex 1.46639823390741 -3.15602649184414 5
		endloop
	endfacet
	facet normal -0.42212239015892 0.905244386997842 0.0484281688216823
		outer loop
			vertex 1.11156546580842 -3.0540010175542 0
			vertex 1.46639823390741 -3.15602649184414 5
			vertex 1.625 -2.81458256229943 0
		endloop
	endfacet
	facet normal -0.448249042597137 0.892685834237384 0.0467418138571396
		outer loop
			vertex 1.625 -2.81458256229943 0
			vertex 1.46639823390741 -3.15602649184414 5
			vertex 1.65045355595883 -3.06439299006993 5.01503349701391
		endloop
	endfacet
	facet normal -0.499110818289536 0.865335543272089 0.0456375789930587
		outer loop
			vertex 1.625 -2.81458256229943 0
			vertex 1.65045355595883 -3.06439299006993 5.01503349701391
			vertex 1.83139276981172 -2.9625766760146 5.06331484099346
		endloop
	endfacet
	facet normal -0.537393074621664 0.842047989000205 0.0465173899674627
		outer loop
			vertex 1.83139276981172 -2.9625766760146 5.06331484099346
			vertex 1.91683518433496 -2.910138077798 5.10115758476506
			vertex 1.625 -2.81458256229943 0
		endloop
	endfacet
	facet normal -0.561976356216094 0.825781446878241 0.0476190827900113
		outer loop
			vertex 1.625 -2.81458256229943 0
			vertex 1.91683518433496 -2.910138077798 5.10115758476506
			vertex 1.99721079505975 -2.85815260313691 5.14820914960428
		endloop
	endfacet
	facet normal -0.572905750063986 0.818194205004978 0.0483450560025935
		outer loop
			vertex 1.625 -2.81458256229943 0
			vertex 1.99721079505975 -2.85815260313691 5.14820914960428
			vertex 2.08905973148125 -2.48964444013668 0
		endloop
	endfacet
	facet normal -0.583539727614699 0.810687309034779 0.0476179930836243
		outer loop
			vertex 2.08905973148125 -2.48964444013668 0
			vertex 1.99721079505975 -2.85815260313691 5.14820914960428
			vertex 2.07169672624633 -2.80778956391786 5.20358366427158
		endloop
	endfacet
	facet normal -0.602564680237093 0.796702556684073 0.0466994893315931
		outer loop
			vertex 2.08905973148125 -2.48964444013668 0
			vertex 2.07169672624633 -2.80778956391786 5.20358366427158
			vertex 2.13948380601699 -2.76019905727948 5.26633856321103
		endloop
	endfacet
	facet normal -0.620250838912399 0.783043737002819 0.0461671178342923
		outer loop
			vertex 2.13948380601699 -2.76019905727948 5.26633856321103
			vertex 2.1998476014752 -2.71647041942815 5.33563591002013
			vertex 2.08905973148125 -2.48964444013668 0
		endloop
	endfacet
	facet normal -0.636419512282508 0.769973414541269 0.0459472010655168
		outer loop
			vertex 2.08905973148125 -2.48964444013668 0
			vertex 2.1998476014752 -2.71647041942815 5.33563591002013
			vertex 2.25435306743537 -2.6760617015795 5.41343615728321
		endloop
	endfacet
	facet normal -0.65020653836155 0.758365584345907 0.0459684451725566
		outer loop
			vertex 2.08905973148125 -2.48964444013668 0
			vertex 2.25435306743537 -2.6760617015795 5.41343615728321
			vertex 2.30301197060818 -2.63957190303047 5.49970684967395
		endloop
	endfacet
	facet normal -0.6622228055695 0.747884427283884 0.0461501810388323
		outer loop
			vertex 2.30301197060818 -2.63957190303047 5.49970684967395
			vertex 2.34466513468011 -2.60844393403457 5.59295787947886
			vertex 2.08905973148125 -2.48964444013668 0
		endloop
	endfacet
	facet normal -0.672629502032858 0.73852156062701 0.046426904743635
		outer loop
			vertex 2.08905973148125 -2.48964444013668 0
			vertex 2.34466513468011 -2.60844393403457 5.59295787947886
			vertex 2.37820858115214 -2.5840990877963 5.6916747309498
		endloop
	endfacet
	facet normal -0.686460926820378 -0.726923143595759 -0.0188185879854982
		outer loop
			vertex -3.3360322913046 -3.58410128317846 5.41926601527483
			vertex -3.37758654954145 -3.54699415191317 5.501702705775
			vertex -3.44237769913453 -3.43083336422178 3.37809107335304
		endloop
	endfacet
	facet normal -0.692445116162776 -0.721237793367256 -0.018325024448871
		outer loop
			vertex -3.44237769913453 -3.43083336422178 3.37809107335304
			vertex -3.37758654954145 -3.54699415191317 5.501702705775
			vertex -3.39841950656158 -3.52825796016725 5.55149416746898
		endloop
	endfacet
	facet normal -0.701617892586724 -0.712332516500679 -0.0177403139198293
		outer loop
			vertex -3.44237769913453 -3.43083336422178 3.37809107335304
			vertex -3.39841950656158 -3.52825796016725 5.55149416746898
			vertex -3.46823231881612 -3.44576053585474 5.00000000000469
		endloop
	endfacet
	facet normal -0.699006912806448 -0.714876828831457 -0.0184514348677437
		outer loop
			vertex -3.46823231881612 -3.44576053585474 5.00000000000469
			vertex -3.39841950656158 -3.52825796016725 5.55149416746898
			vertex -3.44467788305388 -3.48676810331131 5.69645783369028
		endloop
	endfacet
	facet normal -0.706432979411549 -0.70755685159959 -0.0177692811953266
		outer loop
			vertex -3.46823231881612 -3.44576053585474 5.00000000000469
			vertex -3.44467788305388 -3.48676810331131 5.69645783369028
			vertex -3.46925814454545 -3.44635279661571 5.06436587238336
		endloop
	endfacet
	facet normal -0.706436166369564 -0.707553677897814 -0.0177689543403677
		outer loop
			vertex -3.46925814454545 -3.44635279661571 5.06436587238336
			vertex -3.44467788305388 -3.48676810331131 5.69645783369028
			vertex -3.470690096147 -3.44717953425833 5.15421604752258
		endloop
	endfacet
	facet normal -0.723554300339031 -0.690043123786381 -0.0175972093250172
		outer loop
			vertex -3.51174533817066 -3.32271209287024 1.94135018061069
			vertex -3.5068600655553 -3.32390111115993 1.78710492136587
			vertex -3.48133319528893 -3.35961727440127 2.13804784550982
		endloop
	endfacet
	facet normal -0.72138157399917 -0.692304233182254 -0.0179853666187531
		outer loop
			vertex -3.48133319528893 -3.35961727440127 2.13804784550982
			vertex -3.5068600655553 -3.32390111115993 1.78710492136587
			vertex -3.46603214809462 -3.36644383435766 1.78710492136587
		endloop
	endfacet
	facet normal -0.717821316797165 -0.696000863729363 -0.0177582330079739
		outer loop
			vertex -3.48133319528893 -3.35961727440127 2.13804784550982
			vertex -3.46603214809462 -3.36644383435766 1.78710492136587
			vertex -3.4495103433289 -3.40289470344897 2.5478862847127
		endloop
	endfacet
	facet normal -0.71208352319219 -0.701859773235051 -0.0181635545155625
		outer loop
			vertex -3.4495103433289 -3.40289470344897 2.5478862847127
			vertex -3.46603214809462 -3.36644383435766 1.78710492136587
			vertex -3.41700544883778 -3.416184688683 1.78710492136585
		endloop
	endfacet
	facet normal -0.705644493758636 -0.708343060356334 -0.0177751870072249
		outer loop
			vertex -3.4495103433289 -3.40289470344897 2.5478862847127
			vertex -3.41700544883778 -3.416184688683 1.78710492136585
			vertex -3.44237769913453 -3.43083336422178 3.37809107335304
		endloop
	endfacet
	facet normal -0.690836537816374 -0.722794974314472 -0.0176721001476325
		outer loop
			vertex -3.44237769913453 -3.43083336422178 3.37809107335304
			vertex -3.41700544883778 -3.416184688683 1.78710492136585
			vertex -3.28903379024766 -3.62546564169864 5.34410850188553
		endloop
	endfacet
	facet normal -0.678225154576189 -0.734586743489763 -0.0198231175451464
		outer loop
			vertex -3.44237769913453 -3.43083336422178 3.37809107335304
			vertex -3.28903379024766 -3.62546564169864 5.34410850188553
			vertex -3.3360322913046 -3.58410128317846 5.41926601527483
		endloop
	endfacet
	facet normal -0.727188795760267 -0.686208190631952 -0.0177418835063931
		outer loop
			vertex -3.51174533817066 -3.32271209287024 1.94135018061069
			vertex -3.52299790633274 -3.30952877658373 1.89266548914629
			vertex -3.5068600655553 -3.32390111115993 1.78710492136587
		endloop
	endfacet
	facet normal -0.729337209350054 -0.68390736114286 -0.0183835913816006
		outer loop
			vertex -3.5068600655553 -3.32390111115993 1.78710492136587
			vertex -3.52299790633274 -3.30952877658373 1.89266548914629
			vertex -3.53705647715509 -3.29332207073356 1.84749223640407
		endloop
	endfacet
	facet normal -0.730200675298408 -0.682960231500152 -0.0192949729983762
		outer loop
			vertex -3.5068600655553 -3.32390111115993 1.78710492136587
			vertex -3.53705647715509 -3.29332207073356 1.84749223640407
			vertex -3.55137348466302 -3.27630869333949 1.78710492136587
		endloop
	endfacet
	facet normal -0.733169406069076 -0.679815526313642 -0.0177051457837846
		outer loop
			vertex -3.55137348466302 -3.27630869333949 1.78710492136587
			vertex -3.53705647715509 -3.29332207073356 1.84749223640407
			vertex -3.54587847854498 -3.28327559353881 1.82706147199275
		endloop
	endfacet
	facet normal -0.735634074857116 -0.677168178900591 -0.0169045968177952
		outer loop
			vertex -3.55137348466302 -3.27630869333949 1.78710492136587
			vertex -3.54587847854498 -3.28327559353881 1.82706147199275
			vertex -3.55632247576332 -3.27146647430363 1.80849850129528
		endloop
	endfacet
	facet normal -0.736727274211082 -0.675965330175993 -0.0174297399169028
		outer loop
			vertex -3.55632247576332 -3.27146647430363 1.80849850129528
			vertex -3.5626124997358 -3.26439370184631 1.80006941663286
			vertex -3.55137348466302 -3.27630869333949 1.78710492136587
		endloop
	endfacet
	facet normal -0.737231586499314 -0.675389646487382 -0.0183960127569481
		outer loop
			vertex -3.55137348466302 -3.27630869333949 1.78710492136587
			vertex -3.5626124997358 -3.26439370184631 1.80006941663286
			vertex -3.56607596248699 -3.26051168844574 1.7963459184848
		endloop
	endfacet
	facet normal -0.737557318853792 -0.675000632768139 -0.0195792535051207
		outer loop
			vertex -3.55137348466302 -3.27630869333949 1.78710492136587
			vertex -3.56607596248699 -3.26051168844574 1.7963459184848
			vertex -3.5697287125074 -3.25642679465629 1.79311835002035
		endloop
	endfacet
	facet normal -0.737836183447522 -0.67463261452556 -0.0216472126150911
		outer loop
			vertex -3.5697287125074 -3.25642679465629 1.79311835002035
			vertex -3.57355032947817 -3.2521629090936 1.7904931166522
			vertex -3.55137348466302 -3.27630869333949 1.78710492136587
		endloop
	endfacet
	facet normal -0.738035503931924 -0.674281648244374 -0.0254529718658053
		outer loop
			vertex -3.55137348466302 -3.27630869333949 1.78710492136587
			vertex -3.57355032947817 -3.2521629090936 1.7904931166522
			vertex -3.57750385627519 -3.24776156476991 1.78853253761283
		endloop
	endfacet
	facet normal -0.738060032026449 -0.673826291369409 -0.0350074018525356
		outer loop
			vertex -3.55137348466302 -3.27630869333949 1.78710492136587
			vertex -3.57750385627519 -3.24776156476991 1.78853253761283
			vertex -3.58154829684545 -3.24326909745914 1.78732985909173
		endloop
	endfacet
	facet normal -0.738203503191652 -0.674006665550384 -0.0277597310726428
		outer loop
			vertex -3.58154829684545 -3.24326909745914 1.78732985909173
			vertex -3.58565882281149 -3.2387577935889 1.78710492136586
			vertex -3.55137348466302 -3.27630869333949 1.78710492136587
		endloop
	endfacet
	facet normal -0.712036953063141 -0.701649836756252 -0.0262846733379617
		outer loop
			vertex -3.46602629299251 -3.3664381474882 1.78710492136587
			vertex -3.67701332697109 -3.08538052649539 0
			vertex -3.41700544883778 -3.416184688683 1.78710492136585
		endloop
	endfacet
	facet normal -0.706829519192887 -0.706829519192889 -0.0280010998909305
		outer loop
			vertex -3.41700544883778 -3.416184688683 1.78710492136585
			vertex -3.67701332697109 -3.08538052649539 0
			vertex -3.08538052649539 -3.67701332697109 0
		endloop
	endfacet
	facet normal -0.677999747919307 -0.734827656246392 -0.0185649518391809
		outer loop
			vertex -3.41700544883778 -3.416184688683 1.78710492136585
			vertex -3.08538052649539 -3.67701332697109 0
			vertex -3.23759851084326 -3.66988091336131 5.27675272680399
		endloop
	endfacet
	facet normal -0.655134702196935 -0.755300542864976 -0.0178776935091458
		outer loop
			vertex -3.23759851084326 -3.66988091336131 5.27675272680399
			vertex -3.08538052649539 -3.67701332697109 0
			vertex -3.17786543308493 -3.72019446756883 5.21346954648085
		endloop
	endfacet
	facet normal -0.721372578020842 -0.692141979712077 -0.0236872032922804
		outer loop
			vertex -3.46602629299251 -3.3664381474882 1.78710492136587
			vertex -3.50684939675714 -3.32389099897142 1.78710492136587
			vertex -3.67701332697109 -3.08538052649539 0
		endloop
	endfacet
	facet normal -0.73023794603736 -0.682851263410517 -0.0216031068552547
		outer loop
			vertex -3.67701332697109 -3.08538052649539 0
			vertex -3.50684939675714 -3.32389099897142 1.78710492136587
			vertex -3.55135764803577 -3.2762940833077 1.78710492136587
		endloop
	endfacet
	facet normal -0.738406225003859 -0.674056872612951 -0.0200892846761061
		outer loop
			vertex -3.67701332697109 -3.08538052649539 0
			vertex -3.55135764803577 -3.2762940833077 1.78710492136587
			vertex -3.58563907375448 -3.23873995519003 1.78710492136587
		endloop
	endfacet
	facet normal -0.776323475156287 -0.630170570494922 -0.0143845056700392
		outer loop
			vertex -3.58563907375448 -3.23873995519003 1.78710492136587
			vertex -3.90677192673658 -2.84312806201939 1.78710492136587
			vertex -3.67701332697109 -3.08538052649539 0
		endloop
	endfacet
	facet normal -0.818468306399067 -0.573896475738114 -0.0274311238489354
		outer loop
			vertex -3.67701332697109 -3.08538052649539 0
			vertex -3.90677192673658 -2.84312806201939 1.78710492136587
			vertex -4.00432459755129 -2.70400232655685 1.78710492136587
		endloop
	endfacet
	facet normal -0.818839666887347 -0.573357707339648 -0.0276141153405614
		outer loop
			vertex -3.67701332697109 -3.08538052649539 0
			vertex -4.00432459755129 -2.70400232655685 1.78710492136587
			vertex -4.1569219381653 -2.4 0
		endloop
	endfacet
	facet normal -0.835115289541871 -0.549627294369488 -0.0221876194638732
		outer loop
			vertex -4.1569219381653 -2.4 0
			vertex -4.00432459755129 -2.70400232655685 1.78710492136587
			vertex -4.06730726609895 -2.60830513316941 1.78710492136587
		endloop
	endfacet
	facet normal -0.853999596046226 -0.519969641135126 -0.017783763681836
		outer loop
			vertex -4.1569219381653 -2.4 0
			vertex -4.06730726609895 -2.60830513316941 1.78710492136587
			vertex -4.18445731827131 -2.41589755911647 1.78710492136587
		endloop
	endfacet
	facet normal -0.882930900468873 -0.469166262573863 -0.0177775999420231
		outer loop
			vertex -4.18445731827131 -2.41589755911647 1.78710492136587
			vertex -4.34389700546608 -2.11584566319994 1.78710492136587
			vertex -4.1569219381653 -2.4 0
		endloop
	endfacet
	facet normal -0.906235422254103 -0.421862542746022 -0.0277372399453969
		outer loop
			vertex -4.1569219381653 -2.4 0
			vertex -4.34389700546608 -2.11584566319994 1.78710492136587
			vertex -4.41560709128948 -1.96179970433611 1.78710492136587
		endloop
	endfacet
	facet normal -0.905963728146485 -0.42245782444536 -0.0275519481673226
		outer loop
			vertex -4.1569219381653 -2.4 0
			vertex -4.41560709128948 -1.96179970433611 1.78710492136587
			vertex -4.51052457977236 -1.64169668796321 0
		endloop
	endfacet
	facet normal -0.933905460344075 -0.35723056579211 -0.0143845056700395
		outer loop
			vertex -4.51052457977236 -1.64169668796321 0
			vertex -4.41560709128948 -1.96179970433611 1.78710492136587
			vertex -4.59765061432346 -1.48588454907852 1.78710492136587
		endloop
	endfacet
	facet normal -0.953919799958475 -0.299367071055621 -0.0204051957785833
		outer loop
			vertex -4.51052457977236 -1.64169668796321 0
			vertex -4.59765061432346 -1.48588454907852 1.78710492136587
			vertex -4.62222660577306 -1.40757425007097 1.78710492136587
		endloop
	endfacet
	facet normal -0.959129674447638 -0.282030447674923 -0.0230020472621608
		outer loop
			vertex -4.62222660577306 -1.40757425007097 1.78710492136587
			vertex -4.64843410249007 -1.3184477461722 1.78710492136587
			vertex -4.51052457977236 -1.64169668796321 0
		endloop
	endfacet
	facet normal -0.963665059723681 -0.265817171407851 -0.0262846733379553
		outer loop
			vertex -4.51052457977236 -1.64169668796321 0
			vertex -4.64843410249007 -1.3184477461722 1.78710492136587
			vertex -4.66700544883779 -1.25112117922191 1.78710492136587
		endloop
	endfacet
	facet normal -0.965547079362226 -0.258717560169337 -0.0280010998909311
		outer loop
			vertex -4.51052457977236 -1.64169668796321 0
			vertex -4.66700544883779 -1.25112117922191 1.78710492136587
			vertex -4.7270772144586 -0.833511252801265 0
		endloop
	endfacet
	facet normal -0.975379291672407 -0.219751177334373 -0.0185649518391814
		outer loop
			vertex -4.7270772144586 -0.833511252801265 0
			vertex -4.66700544883779 -1.25112117922191 1.78710492136587
			vertex -4.79700935525615 -0.968902100964321 5.27675272680399
		endloop
	endfacet
	facet normal -0.981676808711713 -0.189713023570812 -0.017877693509146
		outer loop
			vertex -4.7270772144586 -0.833511252801265 0
			vertex -4.79700935525615 -0.968902100964321 5.27675272680399
			vertex -4.81071563247539 -0.892014961075609 5.21346954648085
		endloop
	endfacet
	facet normal -0.959880438097316 -0.279828527119681 -0.0180427261835483
		outer loop
			vertex -4.63342575097273 -1.37990462804223 1.94135018061087
			vertex -4.65018050426902 -1.3351143489576 2.13804784551021
			vertex -4.64844195501455 -1.31844997340463 1.78710492136587
		endloop
	endfacet
	facet normal -0.961665087444101 -0.273651063859735 -0.0177582330079686
		outer loop
			vertex -4.64844195501455 -1.31844997340463 1.78710492136587
			vertex -4.65018050426902 -1.3351143489576 2.13804784551021
			vertex -4.67174843125479 -1.28591623621549 2.54788628471359
		endloop
	endfacet
	facet normal -0.96387015511204 -0.26575253408322 -0.0181635545155615
		outer loop
			vertex -4.64844195501455 -1.31844997340463 1.78710492136587
			vertex -4.67174843125479 -1.28591623621549 2.54788628471359
			vertex -4.66700544883779 -1.25112117922191 1.78710492136587
		endloop
	endfacet
	facet normal -0.966265331742457 -0.256934527456897 -0.0177751870072029
		outer loop
			vertex -4.66700544883779 -1.25112117922191 1.78710492136587
			vertex -4.67174843125479 -1.28591623621549 2.54788628471359
			vertex -4.69237769913451 -1.26576985476067 3.37809107335285
		endloop
	endfacet
	facet normal -0.971377078392172 -0.236884504454513 -0.0176721001476147
		outer loop
			vertex -4.66700544883779 -1.25112117922191 1.78710492136587
			vertex -4.69237769913451 -1.26576985476067 3.37809107335285
			vertex -4.78426224138247 -1.03565399541072 5.34410850188564
		endloop
	endfacet
	facet normal -0.975283358433502 -0.220066841603772 -0.0198231175451573
		outer loop
			vertex -4.78426224138247 -1.03565399541072 5.34410850188564
			vertex -4.69237769913451 -1.26576985476067 3.37809107335285
			vertex -4.77193890662121 -1.09703807052599 5.41926601527508
		endloop
	endfacet
	facet normal -0.959242054315136 -0.281949605975272 -0.0189499584080238
		outer loop
			vertex -4.64844195501455 -1.31844997340463 1.78710492136587
			vertex -4.62224412632967 -1.40757958548319 1.78710492136587
			vertex -4.63342575097273 -1.37990462804223 1.94135018061087
		endloop
	endfacet
	facet normal -0.958320431245976 -0.285107798765716 -0.0183164991058325
		outer loop
			vertex -4.63342575097273 -1.37990462804223 1.94135018061087
			vertex -4.62224412632967 -1.40757958548319 1.78710492136587
			vertex -4.62763494824352 -1.39624129607166 1.89266548914641
		endloop
	endfacet
	facet normal -0.947848375179343 -0.29735643013573 -0.114728423360618
		outer loop
			vertex -4.59767593735856 -1.48589273306415 1.78710492136586
			vertex -4.59952757813136 -1.48007726121952 1.78732985909171
			vertex -4.62224412632967 -1.40757958548319 1.78710492136587
		endloop
	endfacet
	facet normal -0.952897292236415 -0.298744858714358 -0.0523283846516092
		outer loop
			vertex -4.62224412632967 -1.40757958548319 1.78710492136587
			vertex -4.59952757813136 -1.48007726121952 1.78732985909171
			vertex -4.60139594866302 -1.47432843928618 1.78853253761281
		endloop
	endfacet
	facet normal -0.953693169285533 -0.298640412629996 -0.035822378512618
		outer loop
			vertex -4.62224412632967 -1.40757958548319 1.78710492136587
			vertex -4.60139594866302 -1.47432843928618 1.78853253761281
			vertex -4.60323086125964 -1.46870391248357 1.79049311665218
		endloop
	endfacet
	facet normal -0.95400931852315 -0.298364341801893 -0.029067846705922
		outer loop
			vertex -4.60323086125964 -1.46870391248357 1.79049311665218
			vertex -4.60501268599038 -1.463262352322 1.79311835002033
			vertex -4.62224412632967 -1.40757958548319 1.78710492136587
		endloop
	endfacet
	facet normal -0.954226107801894 -0.298018723284344 -0.0252463019315102
		outer loop
			vertex -4.62224412632967 -1.40757958548319 1.78710492136587
			vertex -4.60501268599038 -1.463262352322 1.79311835002033
			vertex -4.60672393277359 -1.45805653111592 1.79634591848479
		endloop
	endfacet
	facet normal -0.954400888248754 -0.297646735131688 -0.0229208545965375
		outer loop
			vertex -4.62224412632967 -1.40757958548319 1.78710492136587
			vertex -4.60672393277359 -1.45805653111592 1.79634591848479
			vertex -4.60835412362073 -1.45311607768804 1.80006941663286
		endloop
	endfacet
	facet normal -0.954612687948404 -0.297119806033523 -0.0208431492467897
		outer loop
			vertex -4.60835412362073 -1.45311607768804 1.80006941663286
			vertex -4.61133431225772 -1.44413237090879 1.80849850129529
			vertex -4.62224412632967 -1.40757958548319 1.78710492136587
		endloop
	endfacet
	facet normal -0.954956537982414 -0.296137488773197 -0.0189894262089863
		outer loop
			vertex -4.62224412632967 -1.40757958548319 1.78710492136587
			vertex -4.61133431225772 -1.44413237090879 1.80849850129529
			vertex -4.61633931090253 -1.42918304438306 1.82706147199278
		endloop
	endfacet
	facet normal -0.955470418486881 -0.29453453460339 -0.0180468092046322
		outer loop
			vertex -4.62224412632967 -1.40757958548319 1.78710492136587
			vertex -4.61633931090253 -1.42918304438306 1.82706147199278
			vertex -4.62062881467678 -1.41651972846981 1.84749223640413
		endloop
	endfacet
	facet normal -0.956453577926449 -0.291356398326712 -0.0175499978854865
		outer loop
			vertex -4.62062881467678 -1.41651972846981 1.84749223640413
			vertex -4.62763494824352 -1.39624129607166 1.89266548914641
			vertex -4.62224412632967 -1.40757958548319 1.78710492136587
		endloop
	endfacet
	facet normal -0.972146555003398 -0.233636236041444 -0.0185791496956359
		outer loop
			vertex -4.77193890662121 -1.09703807052599 5.41926601527508
			vertex -4.69237769913451 -1.26576985476067 3.37809107335285
			vertex -4.75477077789026 -1.17898864531543 5.55149416746919
		endloop
	endfacet
	facet normal -0.967707001524623 -0.25145266047956 -0.0177403139198397
		outer loop
			vertex -4.75477077789026 -1.17898864531543 5.55149416746919
			vertex -4.69237769913451 -1.26576985476067 3.37809107335285
			vertex -4.71823231881612 -1.28069702639364 5.00000000000464
		endloop
	endfacet
	facet normal -0.968604950748107 -0.247919329495661 -0.0184514348677579
		outer loop
			vertex -4.75477077789026 -1.17898864531543 5.55149416746919
			vertex -4.71823231881612 -1.28069702639364 5.00000000000464
			vertex -4.74196869609979 -1.2397945029235 5.69645783369042
		endloop
	endfacet
	facet normal -0.96597869792738 -0.25801048001057 -0.0177692812245753
		outer loop
			vertex -4.74196869609979 -1.2397945029235 5.69645783369042
			vertex -4.71823231881612 -1.28069702639364 5.00000000000464
			vertex -4.71925814454726 -1.28128928715565 5.06436587238342
		endloop
	endfacet
	facet normal -0.96597754279432 -0.258014827245879 -0.0177689543397028
		outer loop
			vertex -4.74196869609979 -1.2397945029235 5.69645783369042
			vertex -4.71925814454726 -1.28128928715565 5.06436587238342
			vertex -4.72069009614877 -1.28211602479825 5.15421604752262
		endloop
	endfacet
	facet normal -0.965976600305208 -0.258018377418876 -0.0177686402665768
		outer loop
			vertex -4.72069009614877 -1.28211602479825 5.15421604752262
			vertex -4.7215997617128 -1.28264122045652 5.21129558570403
			vertex -4.74196869609979 -1.2397945029235 5.69645783369042
		endloop
	endfacet
	facet normal -0.965975907872839 -0.258020987629614 -0.0177683806769812
		outer loop
			vertex -4.74196869609979 -1.2397945029235 5.69645783369042
			vertex -4.7215997617128 -1.28264122045652 5.21129558570403
			vertex -4.72261572758729 -1.28322778862764 5.27504621539855
		endloop
	endfacet
	facet normal -0.965975254484433 -0.258023453331421 -0.0177680965402107
		outer loop
			vertex -4.74196869609979 -1.2397945029235 5.69645783369042
			vertex -4.72261572758729 -1.28322778862764 5.27504621539855
			vertex -4.72369531432971 -1.28385108832399 5.34279010769599
		endloop
	endfacet
	facet normal -0.965974658497428 -0.258025705991276 -0.0177677851315318
		outer loop
			vertex -4.72369531432971 -1.28385108832399 5.34279010769599
			vertex -4.72489848858256 -1.28454574130276 5.41829046710184
			vertex -4.74196869609979 -1.2397945029235 5.69645783369042
		endloop
	endfacet
	facet normal -0.965973979734134 -0.258028278439736 -0.0177673296256034
		outer loop
			vertex -4.74196869609979 -1.2397945029235 5.69645783369042
			vertex -4.72489848858256 -1.28454574130276 5.41829046710184
			vertex -4.72701256176923 -1.28576630202617 5.5509541212041
		endloop
	endfacet
	facet normal -0.965973511444022 -0.258030073934914 -0.0177667142052002
		outer loop
			vertex -4.74196869609979 -1.2397945029235 5.69645783369042
			vertex -4.72701256176923 -1.28576630202617 5.5509541212041
			vertex -4.72932744175399 -1.28710279860851 5.69622403603426
		endloop
	endfacet
	facet normal -0.965964996346293 -0.258025199258839 -0.018292686548015
		outer loop
			vertex -4.74196869609979 -1.2397945029235 5.69645783369042
			vertex -4.72932744175399 -1.28710279860851 5.69622403603426
			vertex -4.73498390283814 -1.27671184532341 5.84835125973667
		endloop
	endfacet
	facet normal -0.964261114384536 -0.264355389142658 -0.0177969524674093
		outer loop
			vertex -4.73498390283814 -1.27671184532341 5.84835125973667
			vertex -4.72932744175399 -1.28710279860851 5.69622403603426
			vertex -4.73175059478757 -1.28850180666473 5.84829431708728
		endloop
	endfacet
	facet normal -0.96426112523846 -0.264355395409174 -0.0177962712925807
		outer loop
			vertex -4.73498390283814 -1.27671184532341 5.84835125973667
			vertex -4.73175059478757 -1.28850180666473 5.84829431708728
			vertex -4.73416784560347 -1.28989740707399 6
		endloop
	endfacet
	facet normal -0.978204607236063 -0.206704273974603 -0.0197253517781494
		outer loop
			vertex -4.78426224138247 -1.03565399541072 5.34410850188564
			vertex -4.79700935525615 -0.968902100964321 5.27675272680399
			vertex -4.66700544883779 -1.25112117922191 1.78710492136587
		endloop
	endfacet
	facet normal -0.98466071394765 -0.173575378723169 -0.0177444726383298
		outer loop
			vertex -4.81071563247539 -0.892014961075609 5.21346954648085
			vertex -4.82454940879009 -0.807758078810392 5.15692550558162
			vertex -4.7270772144586 -0.833511252801265 0
		endloop
	endfacet
	facet normal -0.987556398718375 -0.156244869499904 -0.0178857514617845
		outer loop
			vertex -4.7270772144586 -0.833511252801265 0
			vertex -4.82454940879009 -0.807758078810392 5.15692550558162
			vertex -4.83797864192443 -0.717300255055935 5.10820260132348
		endloop
	endfacet
	facet normal -0.990365808284548 -0.137250804621123 -0.0183788577378306
		outer loop
			vertex -4.7270772144586 -0.833511252801265 0
			vertex -4.83797864192443 -0.717300255055935 5.10820260132348
			vertex -4.85046795231534 -0.621843125557365 5.06834256971871
		endloop
	endfacet
	facet normal -0.992975777461417 -0.116733215256285 -0.0192992702148409
		outer loop
			vertex -4.85046795231534 -0.621843125557365 5.06834256971871
			vertex -4.86152107774809 -0.522786836825375 5.03789202684668
			vertex -4.7270772144586 -0.833511252801265 0
		endloop
	endfacet
	facet normal -0.995084460302646 -0.0968676806611207 -0.020580799487075
		outer loop
			vertex -4.7270772144586 -0.833511252801265 0
			vertex -4.86152107774809 -0.522786836825375 5.03789202684668
			vertex -4.87090286074454 -0.42188366143498 5.01658138233094
		endloop
	endfacet
	facet normal -0.995966464726834 -0.0871357749155912 -0.02140462261737
		outer loop
			vertex -4.7270772144586 -0.833511252801265 0
			vertex -4.87090286074454 -0.42188366143498 5.01658138233094
			vertex -4.8 5.87811049834741E-16 0
		endloop
	endfacet
	facet normal -0.997589684418409 -0.0665351391808966 -0.0196950957387476
		outer loop
			vertex -4.8 5.87811049834741E-16 0
			vertex -4.87090286074454 -0.42188366143498 5.01658138233094
			vertex -4.88392947736458 -0.221661787106294 5
		endloop
	endfacet
	facet normal -0.999584770891125 -0.0226718836795385 -0.0177840235311918
		outer loop
			vertex -4.8 5.87811049834741E-16 0
			vertex -4.88392947736458 -0.221661787106294 5
			vertex -4.88895705521472 5.98704787338069E-16 5
		endloop
	endfacet
	facet normal -0.997880311523836 0.0626074280914433 -0.0177536987939824
		outer loop
			vertex -4.88895705521472 5.98704787338069E-16 5
			vertex -4.8506185784936 0.611065048670429 5
			vertex -4.8 5.87811049834741E-16 0
		endloop
	endfacet
	facet normal -0.99598057875307 0.0871370097328837 -0.020732300439426
		outer loop
			vertex -4.8 5.87811049834741E-16 0
			vertex -4.8506185784936 0.611065048670429 5
			vertex -4.7270772144586 0.833511252801265 0
		endloop
	endfacet
	facet normal -0.977786788427706 0.209074725305112 -0.014857846910788
		outer loop
			vertex -4.8506185784936 0.611065048670429 5
			vertex -4.67635796718979 1.42603550111293 5
			vertex -4.7270772144586 0.833511252801265 0
		endloop
	endfacet
	facet normal -0.965715474577489 0.258762681531276 -0.0208685602838039
		outer loop
			vertex -4.7270772144586 0.833511252801265 0
			vertex -4.67635796718979 1.42603550111293 5
			vertex -4.51052457977236 1.64169668796321 0
		endloop
	endfacet
	facet normal -0.928072124197819 0.372109022728198 -0.0147311741288305
		outer loop
			vertex -4.67635796718979 1.42603550111293 5
			vertex -4.36621132402383 2.19956808526126 5
			vertex -4.51052457977236 1.64169668796321 0
		endloop
	endfacet
	facet normal -0.906108109564163 0.422525150606117 -0.0209902569621711
		outer loop
			vertex -4.51052457977236 1.64169668796321 0
			vertex -4.36621132402383 2.19956808526126 5
			vertex -4.15692193816531 2.4 0
		endloop
	endfacet
	facet normal -0.851389027860886 0.524331015507446 -0.0146188034745255
		outer loop
			vertex -4.36621132402383 2.19956808526126 5
			vertex -3.92919091814425 2.90918542147223 5
			vertex -4.15692193816531 2.4 0
		endloop
	endfacet
	facet normal -0.818969721784202 0.573448772758807 -0.0210973889883301
		outer loop
			vertex -4.15692193816531 2.4 0
			vertex -3.92919091814425 2.90918542147223 5
			vertex -3.67701332697109 3.08538052649539 0
		endloop
	endfacet
	facet normal -0.749965733339474 0.661317281657 -0.0145207368401546
		outer loop
			vertex -3.92919091814425 2.90918542147223 5
			vertex -3.37799572794715 3.5342673851457 5
			vertex -3.67701332697109 3.08538052649539 0
		endloop
	endfacet
	facet normal -0.706948012871065 0.706948012871066 -0.0211899550566638
		outer loop
			vertex -3.67701332697109 3.08538052649539 0
			vertex -3.37799572794715 3.5342673851457 5
			vertex -3.08538052649539 3.67701332697109 0
		endloop
	endfacet
	facet normal -0.626749410379146 0.779087126268288 -0.0144369758749323
		outer loop
			vertex -3.37799572794715 3.5342673851457 5
			vertex -2.72864243301584 4.05665028816624 5
			vertex -3.08538052649539 3.67701332697109 0
		endloop
	endfacet
	facet normal -0.573446699948572 0.818966761504396 -0.0212679540411128
		outer loop
			vertex -3.08538052649539 3.67701332697109 0
			vertex -2.72864243301584 4.05665028816624 5
			vertex -2.4 4.1569219381653 0
		endloop
	endfacet
	facet normal -0.485320522327381 0.874218259315066 -0.0143675219858709
		outer loop
			vertex -2.72864243301584 4.05665028816624 5
			vertex -2 4.46115468099166 5
			vertex -2.4 4.1569219381653 0
		endloop
	endfacet
	facet normal -0.422522099232102 0.906101565871466 -0.0213313849942987
		outer loop
			vertex -2.4 4.1569219381653 0
			vertex -2 4.46115468099166 5
			vertex -1.64169668796321 4.51052457977236 0
		endloop
	endfacet
	facet normal -0.399256098752599 0.916630769524101 -0.0195601628446532
		outer loop
			vertex -2 4.46115468099166 5
			vertex -1.90988977715362 4.50049349758007 5.00419800647267
			vertex -1.64169668796321 4.51052457977236 0
		endloop
	endfacet
	facet normal -0.380542123195184 0.924577694566056 -0.0185412832624597
		outer loop
			vertex -1.64169668796321 4.51052457977236 0
			vertex -1.90988977715362 4.50049349758007 5.00419800647267
			vertex -1.81746095744909 4.53879394730205 5.01707102106541
		endloop
	endfacet
	facet normal -0.362438973356497 0.931834674856473 -0.0179479616508448
		outer loop
			vertex -1.64169668796321 4.51052457977236 0
			vertex -1.81746095744909 4.53879394730205 5.01707102106541
			vertex -1.72438438085929 4.57541710694946 5.03892036569526
		endloop
	endfacet
	facet normal -0.34388758834691 0.938843351703548 -0.0177337966322741
		outer loop
			vertex -1.72438438085929 4.57541710694946 5.03892036569526
			vertex -1.63235066492193 4.60971592910139 5.07004559735003
			vertex -1.64169668796321 4.51052457977236 0
		endloop
	endfacet
	facet normal -0.324415084016978 0.945745353740638 -0.0179047239647073
		outer loop
			vertex -1.64169668796321 4.51052457977236 0
			vertex -1.63235066492193 4.60971592910139 5.07004559735003
			vertex -1.54303560815185 4.64112190391035 5.11064399532884
		endloop
	endfacet
	facet normal -0.306121037238095 0.951814515884203 -0.0184129821700151
		outer loop
			vertex -1.64169668796321 4.51052457977236 0
			vertex -1.54303560815185 4.64112190391035 5.11064399532884
			vertex -1.45788918154479 4.66946207915562 5.1600372844054
		endloop
	endfacet
	facet normal -0.289026534053017 0.957128818572678 -0.0191856006152794
		outer loop
			vertex -1.45788918154479 4.66946207915562 5.1600372844054
			vertex -1.37821315188154 4.69466599486993 5.21710651003579
			vertex -1.64169668796321 4.51052457977236 0
		endloop
	endfacet
	facet normal -0.263183503162179 0.964522580860484 -0.0207517390479604
		outer loop
			vertex -1.64169668796321 4.51052457977236 0
			vertex -1.37821315188154 4.69466599486993 5.21710651003579
			vertex -0.999544573416379 4.74410576884289 2.71256727560198
		endloop
	endfacet
	facet normal -0.259209239322633 0.96557550742737 -0.0217832437015023
		outer loop
			vertex -1.64169668796321 4.51052457977236 0
			vertex -0.999544573416379 4.74410576884289 2.71256727560198
			vertex -0.959218002705845 4.74233076811477 2.15402250082803
		endloop
	endfacet
	facet normal -0.271170862988796 0.962279690436584 -0.0220036460429599
		outer loop
			vertex -1.37821315188154 4.69466599486993 5.21710651003579
			vertex -1.30529057891056 4.7166699662525 5.28070950218318
			vertex -0.999544573416379 4.74410576884289 2.71256727560198
		endloop
	endfacet
	facet normal -0.257672437665786 0.966017867613935 -0.0203566774793504
		outer loop
			vertex -0.999544573416379 4.74410576884289 2.71256727560198
			vertex -1.30529057891056 4.7166699662525 5.28070950218318
			vertex -1.24324817309908 4.73460359692004 5.3464171655926
		endloop
	endfacet
	facet normal -0.230868652741421 0.972821139600568 -0.0178520454741957
		outer loop
			vertex -0.999544573416379 4.74410576884289 2.71256727560198
			vertex -1.24324817309908 4.73460359692004 5.3464171655926
			vertex -1 4.74531567337023 2.78438898503771
		endloop
	endfacet
	facet normal -0.246310941454646 0.968997992632147 -0.0193341768533065
		outer loop
			vertex -1 4.74531567337023 2.78438898503771
			vertex -1.24324817309908 4.73460359692004 5.3464171655926
			vertex -1.18580858046489 4.75066052412284 5.41940346852965
		endloop
	endfacet
	facet normal -0.235623810283726 0.971666599818578 -0.0185859846223594
		outer loop
			vertex -1 4.74531567337023 2.78438898503771
			vertex -1.18580858046489 4.75066052412284 5.41940346852965
			vertex -1.13371818927544 4.76484230361303 5.50044437305964
		endloop
	endfacet
	facet normal -0.217822209824321 0.975827236641425 -0.0177394795867987
		outer loop
			vertex -1 4.74531567337023 2.78438898503771
			vertex -1.13371818927544 4.76484230361303 5.50044437305964
			vertex -1 4.78559307586162 5.00000000000334
		endloop
	endfacet
	facet normal -0.224964001204903 0.974167570181294 -0.0197165759946861
		outer loop
			vertex -1 4.78559307586162 5.00000000000334
			vertex -1.13371818927544 4.76484230361303 5.50044437305964
			vertex -1.10610564637875 4.77226169943729 5.55196988484882
		endloop
	endfacet
	facet normal -0.218522716578316 0.975657573709275 -0.0184423751985405
		outer loop
			vertex -1 4.78559307586162 5.00000000000334
			vertex -1.10610564637875 4.77226169943729 5.55196988484882
			vertex -1.04712142281629 4.7882141779731 5.69700346680161
		endloop
	endfacet
	facet normal -0.202174721094055 0.979187789369611 -0.0177948110413103
		outer loop
			vertex -1 4.80376732483183 6
			vertex -1 4.80101715624527 5.84866759796316
			vertex -1.01176854216643 4.79858808572371 5.84871174206537
		endloop
	endfacet
	facet normal -0.202174721094055 0.979187781656267 -0.0177952354752469
		outer loop
			vertex -1.01176854216643 4.79858808572371 5.84871174206537
			vertex -1 4.80101715624527 5.84866759796316
			vertex -1 4.79825757625182 5.69682094126437
		endloop
	endfacet
	facet normal -0.208489285146117 0.977853773096389 -0.018281586922834
		outer loop
			vertex -1.01176854216643 4.79858808572371 5.84871174206537
			vertex -1 4.79825757625182 5.69682094126437
			vertex -1.04712142281629 4.7882141779731 5.69700346680161
		endloop
	endfacet
	facet normal -0.208489312291856 0.977863169182143 -0.0177715789148183
		outer loop
			vertex -1.04712142281629 4.7882141779731 5.69700346680161
			vertex -1 4.79825757625182 5.69682094126437
			vertex -1 4.79561735466663 5.5515454168434
		endloop
	endfacet
	facet normal -0.208490463439579 0.977862916735351 -0.0177719646798333
		outer loop
			vertex -1.04712142281629 4.7882141779731 5.69700346680161
			vertex -1 4.79561735466663 5.5515454168434
			vertex -1 4.79320171680669 5.41863030441461
		endloop
	endfacet
	facet normal -0.208492099277327 0.977862562808587 -0.0177722479263393
		outer loop
			vertex -1 4.79320171680669 5.41863030441461
			vertex -1 4.79187035664061 5.34537635987045
			vertex -1.04712142281629 4.7882141779731 5.69700346680161
		endloop
	endfacet
	facet normal -0.208493496684877 0.977862261402927 -0.0177724383264071
		outer loop
			vertex -1.04712142281629 4.7882141779731 5.69700346680161
			vertex -1 4.79187035664061 5.34537635987045
			vertex -1 4.79067060604308 5.27936454928613
		endloop
	endfacet
	facet normal -0.20849504724813 0.977861927585197 -0.0177726152369937
		outer loop
			vertex -1.04712142281629 4.7882141779731 5.69700346680161
			vertex -1 4.79067060604308 5.27936454928613
			vertex -1 4.78950773858816 5.2153827550578
		endloop
	endfacet
	facet normal -0.208496719672233 0.977861568005911 -0.0177727798315365
		outer loop
			vertex -1 4.78950773858816 5.2153827550578
			vertex -1 4.78846251609205 5.15787442385422
			vertex -1.04712142281629 4.7882141779731 5.69700346680161
		endloop
	endfacet
	facet normal -0.208499010804747 0.977861075850936 -0.0177729803097823
		outer loop
			vertex -1.04712142281629 4.7882141779731 5.69700346680161
			vertex -1 4.78846251609205 5.15787442385422
			vertex -1 4.78680769366751 5.06682686693364
		endloop
	endfacet
	facet normal -0.20850185914967 0.977860464677722 -0.0177731919305564
		outer loop
			vertex -1.04712142281629 4.7882141779731 5.69700346680161
			vertex -1 4.78680769366751 5.06682686693364
			vertex -1 4.78559307586162 5.00000000000334
		endloop
	endfacet
	facet normal -0.258756748601626 0.9656933325826 -0.0219392902944974
		outer loop
			vertex -1.64169668796321 4.51052457977236 0
			vertex -0.959218002705845 4.74233076811477 2.15402250082803
			vertex -0.833511252801265 4.7270772144586 0
		endloop
	endfacet
	facet normal -0.204534546282459 0.978677505737223 -0.0188668794715966
		outer loop
			vertex -0.833511252801265 4.7270772144586 0
			vertex -0.959218002705845 4.74233076811477 2.15402250082803
			vertex -0.935710985125324 4.74461005501001 2.01741748537378
		endloop
	endfacet
	facet normal -0.189776671392276 0.981659598530559 -0.0181451814013909
		outer loop
			vertex -0.833511252801265 4.7270772144586 0
			vertex -0.935710985125324 4.74461005501001 2.01741748537378
			vertex -0.900199351073775 4.74907243851713 1.88742495172335
		endloop
	endfacet
	facet normal -0.182168786184265 0.983104453425634 -0.0178932108587665
		outer loop
			vertex -0.900199351073775 4.74907243851713 1.88742495172335
			vertex -0.876175170910045 4.75240307363266 1.82583212004035
			vertex -0.833511252801265 4.7270772144586 0
		endloop
	endfacet
	facet normal -0.177860767817044 0.983894599254363 -0.0178035061049465
		outer loop
			vertex -0.833511252801265 4.7270772144586 0
			vertex -0.876175170910045 4.75240307363266 1.82583212004035
			vertex -0.846371170687785 4.75671634801086 1.76645308584899
		endloop
	endfacet
	facet normal -0.173138288093794 0.984736964299833 -0.0177832600357665
		outer loop
			vertex -0.833511252801265 4.7270772144586 0
			vertex -0.846371170687785 4.75671634801086 1.76645308584899
			vertex -0.826995707115483 4.75960046659084 1.73751933479484
		endloop
	endfacet
	facet normal -0.170107367237812 0.985264676756715 -0.017804503556835
		outer loop
			vertex -0.826995707115483 4.75960046659084 1.73751933479484
			vertex -0.815978964415921 4.76126184160721 1.72420051481641
			vertex -0.833511252801265 4.7270772144586 0
		endloop
	endfacet
	facet normal -0.167767545582903 0.985665216643315 -0.0178362369510867
		outer loop
			vertex -0.833511252801265 4.7270772144586 0
			vertex -0.815978964415921 4.76126184160721 1.72420051481641
			vertex -0.804023068702329 4.76307921126271 1.71217481542174
		endloop
	endfacet
	facet normal -0.165134812260063 0.986108720827349 -0.0178909051778825
		outer loop
			vertex -0.833511252801265 4.7270772144586 0
			vertex -0.804023068702329 4.76307921126271 1.71217481542174
			vertex -0.791029507880364 4.76506846428774 1.70188637729177
		endloop
	endfacet
	facet normal -0.162314121505189 0.98657546227799 -0.017971733109783
		outer loop
			vertex -0.791029507880364 4.76506846428774 1.70188637729177
			vertex -0.776898038516556 4.7672457586699 1.69378076928622
			vertex -0.833511252801265 4.7270772144586 0
		endloop
	endfacet
	facet normal -0.160129440918713 0.986930921947236 -0.0180531840803732
		outer loop
			vertex -0.833511252801265 4.7270772144586 0
			vertex -0.776898038516556 4.7672457586699 1.69378076928622
			vertex -0.769364130667528 4.76841154719661 1.69068725923894
		endloop
	endfacet
	facet normal -0.158533734673381 0.987187277447577 -0.0181199949268748
		outer loop
			vertex -0.833511252801265 4.7270772144586 0
			vertex -0.769364130667528 4.76841154719661 1.69068725923894
			vertex -0.761452580669541 4.76963906124239 1.68834391866282
		endloop
	endfacet
	facet normal -0.156852161137774 0.987454411193319 -0.0181984988739436
		outer loop
			vertex -0.761452580669541 4.76963906124239 1.68834391866282
			vertex -0.753249674181962 4.7709149690225 1.68687441040099
			vertex -0.833511252801265 4.7270772144586 0
		endloop
	endfacet
	facet normal -0.155080145435084 0.987732566500918 -0.0182900400585091
		outer loop
			vertex -0.833511252801265 4.7270772144586 0
			vertex -0.753249674181962 4.7709149690225 1.68687441040099
			vertex -0.744871247888136 4.7722211847652 1.68637491777062
		endloop
	endfacet
	facet normal -0.10301739409667 0.994453468355634 -0.0212065034595972
		outer loop
			vertex -0.833511252801265 4.7270772144586 0
			vertex -0.744871247888136 4.7722211847652 1.68637491777062
			vertex -0.249174626987278 4.82357137704558 1.68637504349731
		endloop
	endfacet
	facet normal -0.0871244549290733 0.995837076688867 -0.0267926490867215
		outer loop
			vertex -0.833511252801265 4.7270772144586 0
			vertex -0.249174626987278 4.82357137704558 1.68637504349731
			vertex 2.93905524917371E-16 4.8 0
		endloop
	endfacet
	facet normal 1.7400118594454E-15 0.999902328479168 -0.01397617622736
		outer loop
			vertex 2.93905524917371E-16 4.8 0
			vertex -0.249174626987278 4.82357137704558 1.68637504349731
			vertex 0.249174626987285 4.82357137704558 1.68637504349731
		endloop
	endfacet
	facet normal 0.0871244549290733 0.995837076688867 -0.0267926490867212
		outer loop
			vertex 2.93905524917371E-16 4.8 0
			vertex 0.249174626987285 4.82357137704558 1.68637504349731
			vertex 0.833511252801266 4.7270772144586 0
		endloop
	endfacet
	facet normal 0.10301739409667 0.994453468355634 -0.021206503459597
		outer loop
			vertex 0.833511252801266 4.7270772144586 0
			vertex 0.249174626987285 4.82357137704558 1.68637504349731
			vertex 0.744871247888142 4.7722211847652 1.68637491777062
		endloop
	endfacet
	facet normal 0.155161614635378 0.98771985747288 -0.0182854176188508
		outer loop
			vertex 0.833511252801266 4.7270772144586 0
			vertex 0.744871247888142 4.7722211847652 1.68637491777062
			vertex 0.753688999331843 4.77084660395507 1.68694782180881
		endloop
	endfacet
	facet normal 0.157019792024318 0.987427927378169 -0.0181899188094214
		outer loop
			vertex 0.753688999331843 4.77084660395507 1.68694782180881
			vertex 0.762675926962143 4.76944907432783 1.68866117328083
			vertex 0.833511252801266 4.7270772144586 0
		endloop
	endfacet
	facet normal 0.158858993204113 0.987135256114524 -0.0181054249850337
		outer loop
			vertex 0.833511252801266 4.7270772144586 0
			vertex 0.762675926962143 4.76944907432783 1.68866117328083
			vertex 0.771542405545365 4.76807415675711 1.69149403982362
		endloop
	endfacet
	facet normal 0.160707061874246 0.986837444196032 -0.0180305018341432
		outer loop
			vertex 0.833511252801266 4.7270772144586 0
			vertex 0.771542405545365 4.76807415675711 1.69149403982362
			vertex 0.780028746940656 4.76676236004612 1.69533668817371
		endloop
	endfacet
	facet normal 0.163103026078 0.98644581856391 -0.0179457494125163
		outer loop
			vertex 0.780028746940656 4.76676236004612 1.69533668817371
			vertex 0.795136521458637 4.76443826800476 1.70489510008978
			vertex 0.833511252801266 4.7270772144586 0
		endloop
	endfacet
	facet normal 0.165706530123093 0.986013050107764 -0.017877664605576
		outer loop
			vertex 0.833511252801266 4.7270772144586 0
			vertex 0.795136521458637 4.76443826800476 1.70489510008978
			vertex 0.808335326492044 4.76242137193206 1.71599511454051
		endloop
	endfacet
	facet normal 0.168154244806594 0.985599373861647 -0.0178332329389369
		outer loop
			vertex 0.833511252801266 4.7270772144586 0
			vertex 0.808335326492044 4.76242137193206 1.71599511454051
			vertex 0.82025718063246 4.76061299666622 1.72846491464465
		endloop
	endfacet
	facet normal 0.170667779040594 0.985167737173667 -0.0178055842214581
		outer loop
			vertex 0.82025718063246 4.76061299666622 1.72846491464465
			vertex 0.831068894803311 4.75898684729156 1.74212250331985
			vertex 0.833511252801266 4.7270772144586 0
		endloop
	endfacet
	facet normal 0.174243595996862 0.984541881741879 -0.0177891076291848
		outer loop
			vertex 0.833511252801266 4.7270772144586 0
			vertex 0.831068894803311 4.75898684729156 1.74212250331985
			vertex 0.850029146930018 4.75617604655303 1.77227305805417
		endloop
	endfacet
	facet normal 0.179361154347615 0.983621859953094 -0.0178216983900825
		outer loop
			vertex 0.833511252801266 4.7270772144586 0
			vertex 0.850029146930018 4.75617604655303 1.77227305805417
			vertex 0.88122737962334 4.7516992704135 1.83917443470326
		endloop
	endfacet
	facet normal 0.185296547678513 0.982518495951653 -0.017960916773017
		outer loop
			vertex 0.88122737962334 4.7516992704135 1.83917443470326
			vertex 0.9052203675508 4.74844321010791 1.9085850540517
			vertex 0.833511252801266 4.7270772144586 0
		endloop
	endfacet
	facet normal 0.193694845083159 0.980891912184101 -0.0182582474522995
		outer loop
			vertex 0.833511252801266 4.7270772144586 0
			vertex 0.9052203675508 4.74844321010791 1.9085850540517
			vertex 0.96555318946716 4.7418544424362 2.19466331472359
		endloop
	endfacet
	facet normal 0.258756002298844 0.965690547342695 -0.0220702978522511
		outer loop
			vertex 0.833511252801266 4.7270772144586 0
			vertex 0.96555318946716 4.7418544424362 2.19466331472359
			vertex 1.64169668796321 4.51052457977236 0
		endloop
	endfacet
	facet normal 0.256540466379801 0.966264218846593 -0.0228133400977821
		outer loop
			vertex 1.64169668796321 4.51052457977236 0
			vertex 0.96555318946716 4.7418544424362 2.19466331472359
			vertex 0.992512901446222 4.74152218677905 2.48375777889665
		endloop
	endfacet
	facet normal 0.26390437066611 0.964326523949579 -0.0207084125573934
		outer loop
			vertex 1.64169668796321 4.51052457977236 0
			vertex 0.992512901446222 4.74152218677905 2.48375777889665
			vertex 1.37821315188155 4.69466599486993 5.21710651003579
		endloop
	endfacet
	facet normal 0.248058029433615 0.96857042530026 -0.0183995996473928
		outer loop
			vertex 1.37821315188155 4.69466599486993 5.21710651003579
			vertex 0.992512901446222 4.74152218677905 2.48375777889665
			vertex 1 4.74531567337033 2.78438898503802
		endloop
	endfacet
	facet normal 0.271044851978763 0.962312900123468 -0.0221036302848845
		outer loop
			vertex 1.37821315188155 4.69466599486993 5.21710651003579
			vertex 1 4.74531567337033 2.78438898503802
			vertex 1.30530751115406 4.71666195740198 5.28072953836662
		endloop
	endfacet
	facet normal 0.257298857136152 0.966116971439777 -0.0203788030184229
		outer loop
			vertex 1.30530751115406 4.71666195740198 5.28072953836662
			vertex 1 4.74531567337033 2.78438898503802
			vertex 1.23953063254827 4.73565713678766 5.35076552073047
		endloop
	endfacet
	facet normal 0.216107091321689 0.976198671569899 -0.0182723481152438
		outer loop
			vertex 1.04532687100315 4.78871274351307 5.70274896183552
			vertex 1.08067790331071 4.77908560659105 5.60651669349219
			vertex 1 4.78559307586168 5.00000000000327
		endloop
	endfacet
	facet normal 0.22277080997708 0.974682248220941 -0.0191750156487038
		outer loop
			vertex 1 4.78559307586168 5.00000000000327
			vertex 1.08067790331071 4.77908560659105 5.60651669349219
			vertex 1.12578833329849 4.76697212542702 5.51486054780022
		endloop
	endfacet
	facet normal 0.217100326037196 0.97598804069331 -0.0177424028298428
		outer loop
			vertex 1 4.78559307586168 5.00000000000327
			vertex 1.12578833329849 4.76697212542702 5.51486054780022
			vertex 1 4.74531567337033 2.78438898503802
		endloop
	endfacet
	facet normal 0.234344857177444 0.971977392818485 -0.018505019974671
		outer loop
			vertex 1 4.74531567337033 2.78438898503802
			vertex 1.12578833329849 4.76697212542702 5.51486054780022
			vertex 1.17925445282786 4.75244993826791 5.42916880198398
		endloop
	endfacet
	facet normal 0.245046266554671 0.969320791773893 -0.0192231600537252
		outer loop
			vertex 1 4.74531567337033 2.78438898503802
			vertex 1.17925445282786 4.75244993826791 5.42916880198398
			vertex 1.23953063254827 4.73565713678766 5.35076552073047
		endloop
	endfacet
	facet normal 0.199823371449787 0.979670153885038 -0.0178047692853877
		outer loop
			vertex 1 4.80376732483183 6
			vertex 1.00503502402678 4.80094993737736 5.90148735450594
			vertex 1 4.78559307586168 5.00000000000327
		endloop
	endfacet
	facet normal 0.205375965607344 0.978520973495678 -0.0178162055421991
		outer loop
			vertex 1 4.78559307586168 5.00000000000327
			vertex 1.00503502402678 4.80094993737736 5.90148735450594
			vertex 1.02012791626623 4.79596601538377 5.80173800668307
		endloop
	endfacet
	facet normal 0.210853284433299 0.977353108590153 -0.0179386056552531
		outer loop
			vertex 1 4.78559307586168 5.00000000000327
			vertex 1.02012791626623 4.79596601538377 5.80173800668307
			vertex 1.04532687100315 4.78871274351307 5.70274896183552
		endloop
	endfacet
	facet normal 0.289026534053016 0.957128818572679 -0.0191856006152798
		outer loop
			vertex 1.37821315188155 4.69466599486993 5.21710651003579
			vertex 1.45788918154479 4.66946207915562 5.1600372844054
			vertex 1.64169668796321 4.51052457977236 0
		endloop
	endfacet
	facet normal 0.306121037238131 0.951814515884191 -0.0184129821700138
		outer loop
			vertex 1.64169668796321 4.51052457977236 0
			vertex 1.45788918154479 4.66946207915562 5.1600372844054
			vertex 1.54303560815185 4.64112190391034 5.11064399532884
		endloop
	endfacet
	facet normal 0.32441508401696 0.945745353740644 -0.0179047239647074
		outer loop
			vertex 1.64169668796321 4.51052457977236 0
			vertex 1.54303560815185 4.64112190391034 5.11064399532884
			vertex 1.63235066492194 4.60971592910138 5.07004559735003
		endloop
	endfacet
	facet normal 0.343887588346909 0.938843351703548 -0.0177337966322741
		outer loop
			vertex 1.63235066492194 4.60971592910138 5.07004559735003
			vertex 1.72438438085929 4.57541710694946 5.03892036569526
			vertex 1.64169668796321 4.51052457977236 0
		endloop
	endfacet
	facet normal 0.362438973356507 0.931834674856469 -0.017947961650845
		outer loop
			vertex 1.64169668796321 4.51052457977236 0
			vertex 1.72438438085929 4.57541710694946 5.03892036569526
			vertex 1.8174609574491 4.53879394730205 5.0170710210654
		endloop
	endfacet
	facet normal 0.380542123195181 0.924577694566057 -0.0185412832624594
		outer loop
			vertex 1.64169668796321 4.51052457977236 0
			vertex 1.8174609574491 4.53879394730205 5.0170710210654
			vertex 1.90988977715362 4.50049349758007 5.00419800647267
		endloop
	endfacet
	facet normal 0.399256098752584 0.916630769524108 -0.0195601628446523
		outer loop
			vertex 1.90988977715362 4.50049349758007 5.00419800647267
			vertex 2 4.46115468099166 5
			vertex 1.64169668796321 4.51052457977236 0
		endloop
	endfacet
	facet normal 0.4225220992321 0.906101565871467 -0.0213313849942988
		outer loop
			vertex 1.64169668796321 4.51052457977236 0
			vertex 2 4.46115468099166 5
			vertex 2.4 4.15692193816531 0
		endloop
	endfacet
	facet normal 0.479081110482773 0.877641176980467 -0.0150749476594023
		outer loop
			vertex 2 4.46115468099166 5
			vertex 2.67062213911748 4.09507978894055 5
			vertex 2.4 4.15692193816531 0
		endloop
	endfacet
	facet normal 0.573451051163841 0.818972975683811 -0.0209083002343696
		outer loop
			vertex 2.4 4.15692193816531 0
			vertex 2.67062213911748 4.09507978894055 5
			vertex 3.08538052649539 3.67701332697109 0
		endloop
	endfacet
	facet normal 0.609961417738037 0.792276608001032 -0.0156475328848766
		outer loop
			vertex 2.67062213911748 4.09507978894055 5
			vertex 3.27602093074578 3.62899269068558 5
			vertex 3.08538052649539 3.67701332697109 0
		endloop
	endfacet
	facet normal 0.706962996719467 0.706962996719466 -0.0201653797103769
		outer loop
			vertex 3.08538052649539 3.67701332697109 0
			vertex 3.27602093074578 3.62899269068558 5
			vertex 3.67701332697109 3.08538052649539 0
		endloop
	endfacet
	facet normal 0.725938780840773 0.687560550799176 -0.0165340695579032
		outer loop
			vertex 3.27602093074578 3.62899269068558 5
			vertex 3.80141100514743 3.0742764120485 5
			vertex 3.67701332697109 3.08538052649539 0
		endloop
	endfacet
	facet normal 0.819002569029871 0.573471772647834 -0.0191028243624463
		outer loop
			vertex 3.67701332697109 3.08538052649539 0
			vertex 3.80141100514743 3.0742764120485 5
			vertex 4.15692193816531 2.4 0
		endloop
	endfacet
	facet normal 0.824178632866004 0.566052186998163 -0.0177342245875482
		outer loop
			vertex 3.80141100514743 3.0742764120485 5
			vertex 4.23396100782711 2.44447852760736 5
			vertex 4.15692193816531 2.4 0
		endloop
	endfacet
	facet normal 0.902304890241151 0.430733539819204 -0.0177342245875483
		outer loop
			vertex 4.15692193816531 2.4 0
			vertex 4.23396100782711 2.44447852760736 5
			vertex 4.563106973663 1.75498029465915 5
		endloop
	endfacet
	facet normal 0.906142407981254 0.422541144220669 -0.0191028243624462
		outer loop
			vertex 4.15692193816531 2.4 0
			vertex 4.563106973663 1.75498029465915 5
			vertex 4.51052457977236 1.64169668796321 0
		endloop
	endfacet
	facet normal 0.958414294052495 0.284901150400825 -0.0165340695579033
		outer loop
			vertex 4.51052457977236 1.64169668796321 0
			vertex 4.563106973663 1.75498029465915 5
			vertex 4.78081032565465 1.02262100401259 5
		endloop
	endfacet
	facet normal 0.965729413054366 0.2587664163349 -0.020165379710377
		outer loop
			vertex 4.51052457977236 1.64169668796321 0
			vertex 4.78081032565465 1.02262100401259 5
			vertex 4.7270772144586 0.833511252801267 0
		endloop
	endfacet
	facet normal 0.991112378222078 0.132103779088995 -0.0156475328848769
		outer loop
			vertex 4.7270772144586 0.833511252801267 0
			vertex 4.78081032565465 1.02262100401259 5
			vertex 4.88175419730548 0.265286721914596 5
		endloop
	endfacet
	facet normal 0.995976927537036 0.0871366902928724 -0.0209083002343696
		outer loop
			vertex 4.7270772144586 0.833511252801267 0
			vertex 4.88175419730548 0.265286721914596 5
			vertex 4.8 0 0
		endloop
	endfacet
	facet normal 0.999600109913745 -0.0239241763388945 -0.0150749476594023
		outer loop
			vertex 4.8 0 0
			vertex 4.88175419730548 0.265286721914596 5
			vertex 4.86347328395064 -0.49852653292696 5
		endloop
	endfacet
	facet normal 0.9959680240696 -0.0871359113404038 -0.0213313849942986
		outer loop
			vertex 4.8 0 0
			vertex 4.86347328395064 -0.49852653292696 5
			vertex 4.7270772144586 -0.833511252801265 0
		endloop
	endfacet
	facet normal 0.993453581674648 -0.112549460626446 -0.0195601628446522
		outer loop
			vertex 4.7270772144586 -0.833511252801265 0
			vertex 4.86347328395064 -0.49852653292696 5
			vertex 4.85248658704783 -0.59623368334681 5.00419800647267
		endloop
	endfacet
	facet normal 0.990978832864248 -0.132729701385916 -0.0185412832624601
		outer loop
			vertex 4.7270772144586 -0.833511252801265 0
			vertex 4.85248658704783 -0.59623368334681 5.00419800647267
			vertex 4.83944133963117 -0.695429614113727 5.01707102106541
		endloop
	endfacet
	facet normal 0.988211987231164 -0.152035979179973 -0.0179479616508444
		outer loop
			vertex 4.83944133963117 -0.695429614113727 5.01707102106541
			vertex 4.82461963795778 -0.794347873761489 5.03892036569525
			vertex 4.7270772144586 -0.833511252801265 0
		endloop
	endfacet
	facet normal 0.985005986922855 -0.171606288297185 -0.0177337966322739
		outer loop
			vertex 4.7270772144586 -0.833511252801265 0
			vertex 4.82461963795778 -0.794347873761489 5.03892036569525
			vertex 4.80830643129255 -0.891200820843882 5.07004559735003
		endloop
	endfacet
	facet normal 0.981247043858983 -0.191920972740749 -0.017904723964707
		outer loop
			vertex 4.7270772144586 -0.833511252801265 0
			vertex 4.80830643129255 -0.891200820843882 5.07004559735003
			vertex 4.79084727492268 -0.984252916351703 5.11064399532885
		endloop
	endfacet
	facet normal 0.977356069065557 -0.210798663061056 -0.0184129821700147
		outer loop
			vertex 4.79084727492268 -0.984252916351703 5.11064399532885
			vertex 4.77281737332927 -1.07216197245753 5.1600372844054
			vertex 4.7270772144586 -0.833511252801265 0
		endloop
	endfacet
	facet normal 0.973411138604631 -0.228260088428677 -0.0191856006152803
		outer loop
			vertex 4.7270772144586 -0.833511252801265 0
			vertex 4.77281737332927 -1.07216197245753 5.1600372844054
			vertex 4.75480658978107 -1.15376539607573 5.21710651003579
		endloop
	endfacet
	facet normal 0.966892837947939 -0.254337581813742 -0.0207517325088286
		outer loop
			vertex 4.7270772144586 -0.833511252801265 0
			vertex 4.75480658978107 -1.15376539607573 5.21710651003579
			vertex 4.60828811324952 -1.50642172242407 2.7125489600316
		endloop
	endfacet
	facet normal 0.968944095620765 -0.246298965513617 -0.0220036167158882
		outer loop
			vertex 4.60828811324952 -1.50642172242407 2.7125489600316
			vertex 4.75480658978107 -1.15376539607573 5.21710651003579
			vertex 4.73740130149703 -1.22792018246922 5.28070950218318
		endloop
	endfacet
	facet normal 0.965432237764434 -0.259858039500485 -0.0203566596503988
		outer loop
			vertex 4.60828811324952 -1.50642172242407 2.7125489600316
			vertex 4.73740130149703 -1.22792018246922 5.28070950218318
			vertex 4.72191107833147 -1.29061729734763 5.3464171655926
		endloop
	endfacet
	facet normal 0.957922148637662 -0.286472444819038 -0.0178520449475039
		outer loop
			vertex 4.60828811324952 -1.50642172242407 2.7125489600316
			vertex 4.72191107833147 -1.29061729734763 5.3464171655926
			vertex 4.6095636302888 -1.5066322644147 2.7843704519367
		endloop
	endfacet
	facet normal 0.962332352469491 -0.271187450717424 -0.0193341657156753
		outer loop
			vertex 4.6095636302888 -1.5066322644147 2.7843704519367
			vertex 4.72191107833147 -1.29061729734763 5.3464171655926
			vertex 4.70709698887872 -1.34838990735327 5.41940346852965
		endloop
	endfacet
	facet normal 0.959299867180037 -0.281777086048335 -0.0185859787601705
		outer loop
			vertex 4.6095636302888 -1.5066322644147 2.7843704519367
			vertex 4.70709698887872 -1.34838990735327 5.41940346852965
			vertex 4.69333357459336 -1.40059239916149 5.50044437305963
		endloop
	endfacet
	facet normal 0.954002281577002 -0.299274051011669 -0.0177394796129689
		outer loop
			vertex 4.6095636302888 -1.5066322644147 2.7843704519367
			vertex 4.69333357459336 -1.40059239916149 5.50044437305963
			vertex 4.64444517587107 -1.52677113414638 5.00000000000335
		endloop
	endfacet
	facet normal 0.9561358639224 -0.292259245110248 -0.0197165759946747
		outer loop
			vertex 4.64444517587107 -1.52677113414638 5.00000000000335
			vertex 4.69333357459336 -1.40059239916149 5.50044437305963
			vertex 4.68595268840956 -1.42821526068525 5.55196988484882
		endloop
	endfacet
	facet normal 0.954205602516079 -0.298582562993827 -0.0184423751985372
		outer loop
			vertex 4.64444517587107 -1.52677113414638 5.00000000000335
			vertex 4.68595268840956 -1.42821526068525 5.55196988484882
			vertex 4.67027582829367 -1.48727333598074 5.69700346680161
		endloop
	endfacet
	facet normal 0.949088861216683 -0.31450545021418 -0.0177948110412921
		outer loop
			vertex 4.66018453717398 -1.53585825863148 6
			vertex 4.65780282131332 -1.5344831743382 5.84866759796315
			vertex 4.66158345561729 -1.52307678259578 5.84871174206537
		endloop
	endfacet
	facet normal 0.949088854536732 -0.314505446357508 -0.017795235475237
		outer loop
			vertex 4.66158345561729 -1.52307678259578 5.84871174206537
			vertex 4.65780282131332 -1.5344831743382 5.84866759796315
			vertex 4.65541295493523 -1.53310338434148 5.69682094126436
		endloop
	endfacet
	facet normal 0.951090851261026 -0.308369869194707 -0.0182815869228203
		outer loop
			vertex 4.66158345561729 -1.52307678259578 5.84871174206537
			vertex 4.65541295493523 -1.53310338434148 5.69682094126436
			vertex 4.67027582829367 -1.48727333598074 5.69700346680161
		endloop
	endfacet
	facet normal 0.951099002082853 -0.308374543728685 -0.017771578914822
		outer loop
			vertex 4.67027582829367 -1.48727333598074 5.69700346680161
			vertex 4.65541295493523 -1.53310338434148 5.69682094126436
			vertex 4.65312645597083 -1.53178327354888 5.5515454168434
		endloop
	endfacet
	facet normal 0.951099359031386 -0.308373420582101 -0.0177719646798423
		outer loop
			vertex 4.67027582829367 -1.48727333598074 5.69700346680161
			vertex 4.65312645597083 -1.53178327354888 5.5515454168434
			vertex 4.65103445221778 -1.53057545461891 5.41863030441461
		endloop
	endfacet
	facet normal 0.951099870440624 -0.308371826941882 -0.0177722479263113
		outer loop
			vertex 4.65103445221778 -1.53057545461891 5.41863030441461
			vertex 4.64988146049237 -1.52990977453587 5.34537635987045
			vertex 4.67027582829367 -1.48727333598074 5.69700346680161
		endloop
	endfacet
	facet normal 0.951100308119529 -0.308370466048342 -0.0177724383264172
		outer loop
			vertex 4.67027582829367 -1.48727333598074 5.69700346680161
			vertex 4.64988146049237 -1.52990977453587 5.34537635987045
			vertex 4.6488424459967 -1.52930989923711 5.27936454928613
		endloop
	endfacet
	facet normal 0.951100794306488 -0.30836895631241 -0.017772615236992
		outer loop
			vertex 4.67027582829367 -1.48727333598074 5.69700346680161
			vertex 4.6488424459967 -1.52930989923711 5.27936454928613
			vertex 4.6478353732395 -1.52872846550965 5.2153827550578
		endloop
	endfacet
	facet normal 0.95110131911374 -0.308367328161015 -0.0177727798315341
		outer loop
			vertex 4.6478353732395 -1.52872846550965 5.2153827550578
			vertex 4.64693018400527 -1.52820585426159 5.15787442385422
			vertex 4.67027582829367 -1.48727333598074 5.69700346680161
		endloop
	endfacet
	facet normal 0.951102038461204 -0.308365097904825 -0.0177729803097566
		outer loop
			vertex 4.67027582829367 -1.48727333598074 5.69700346680161
			vertex 4.64693018400527 -1.52820585426159 5.15787442385422
			vertex 4.64549706574686 -1.52737844304932 5.06682686693364
		endloop
	endfacet
	facet normal 0.951102933342509 -0.308362325577999 -0.0177731919306191
		outer loop
			vertex 4.67027582829367 -1.48727333598074 5.69700346680161
			vertex 4.64549706574686 -1.52737844304932 5.06682686693364
			vertex 4.64444517587107 -1.52677113414638 5.00000000000335
		endloop
	endfacet
	facet normal 0.965817575073631 -0.258305830894082 -0.021783236789069
		outer loop
			vertex 4.60828811324952 -1.50642172242407 2.7125489600316
			vertex 4.58658774778995 -1.54045780870441 2.15400594288688
			vertex 4.7270772144586 -0.833511252801265 0
		endloop
	endfacet
	facet normal 0.965693331704216 -0.258756748366267 -0.0219393317338274
		outer loop
			vertex 4.7270772144586 -0.833511252801265 0
			vertex 4.58658774778995 -1.54045780870441 2.15400594288688
			vertex 4.51052457977236 -1.64169668796321 0
		endloop
	endfacet
	facet normal 0.949826972328453 -0.3122062817673 -0.0188669091904695
		outer loop
			vertex 4.58658774778995 -1.54045780870441 2.15400594288688
			vertex 4.57680823961318 -1.56195491875533 2.01740127602578
			vertex 4.51052457977236 -1.64169668796321 0
		endloop
	endfacet
	facet normal 0.945030573046076 -0.326478127706751 -0.0181451959840438
		outer loop
			vertex 4.51052457977236 -1.64169668796321 0
			vertex 4.57680823961318 -1.56195491875533 2.01740127602578
			vertex 4.56291710169184 -1.59493971547097 1.88740899831072
		endloop
	endfacet
	facet normal 0.942477893937229 -0.333789233210248 -0.0178932175016353
		outer loop
			vertex 4.51052457977236 -1.64169668796321 0
			vertex 4.56291710169184 -1.59493971547097 1.88740899831072
			vertex 4.55378952607543 -1.61741031990061 1.82581625115562
		endloop
	endfacet
	facet normal 0.941008188724698 -0.337915113280932 -0.0178035100302637
		outer loop
			vertex 4.55378952607543 -1.61741031990061 1.82581625115562
			vertex 4.54262311070567 -1.64537750868694 1.76643736839788
			vertex 4.51052457977236 -1.64169668796321 0
		endloop
	endfacet
	facet normal 0.93937650761817 -0.342425952010491 -0.0177832596786611
		outer loop
			vertex 4.51052457977236 -1.64169668796321 0
			vertex 4.54262311070567 -1.64537750868694 1.76643736839788
			vertex 4.53543324280079 -1.66359883397454 1.73750350849172
		endloop
	endfacet
	facet normal 0.938318077374149 -0.345314618106168 -0.017804499292934
		outer loop
			vertex 4.51052457977236 -1.64169668796321 0
			vertex 4.53543324280079 -1.66359883397454 1.73750350849172
			vertex 4.53136374022652 -1.67397010033734 1.72418451849269
		endloop
	endfacet
	facet normal 0.937495070819413 -0.347541164658566 -0.0178362287794361
		outer loop
			vertex 4.53136374022652 -1.67397010033734 1.72418451849269
			vertex 4.52695976487657 -1.68523267219379 1.71215855464166
			vertex 4.51052457977236 -1.64169668796321 0
		endloop
	endfacet
	facet normal 0.936562811262177 -0.350042878132963 -0.0178908923500083
		outer loop
			vertex 4.51052457977236 -1.64169668796321 0
			vertex 4.52695976487657 -1.68523267219379 1.71215855464166
			vertex 4.5221858219419 -1.69747980480118 1.70186975152703
		endloop
	endfacet
	facet normal 0.935556691031815 -0.352719003340819 -0.0179717152175406
		outer loop
			vertex 4.51052457977236 -1.64169668796321 0
			vertex 4.5221858219419 -1.69747980480118 1.70186975152703
			vertex 4.51700578327836 -1.7108063896093 1.6937636738233
		endloop
	endfacet
	facet normal 0.934772204831277 -0.354788681389231 -0.0180531613011046
		outer loop
			vertex 4.51700578327836 -1.7108063896093 1.6937636738233
			vertex 4.51424849446936 -1.71791367457717 1.69066988451921
			vertex 4.51052457977236 -1.64169668796321 0
		endloop
	endfacet
	facet normal 0.934196380777127 -0.35629873549577 -0.0181199676333168
		outer loop
			vertex 4.51052457977236 -1.64169668796321 0
			vertex 4.51424849446936 -1.71791367457717 1.69066988451921
			vertex 4.5113558392776 -1.72537887289442 1.6883262108892
		endloop
	endfacet
	facet normal 0.933586956783804 -0.357888544008197 -0.0181984667169655
		outer loop
			vertex 4.51052457977236 -1.64169668796321 0
			vertex 4.5113558392776 -1.72537887289442 1.6883262108892
			vertex 4.50835939918912 -1.73312063359654 1.68685631136087
		endloop
	endfacet
	facet normal 0.932944362573409 -0.359555705165714 -0.0182896480360252
		outer loop
			vertex 4.50835939918912 -1.73312063359654 1.68685631136087
			vertex 4.50530181302422 -1.74102973067654 1.68637533995098
			vertex 4.51052457977236 -1.64169668796321 0
		endloop
	endfacet
	facet normal 0.91273082511102 -0.40801069733988 -0.0212064081914332
		outer loop
			vertex 4.51052457977236 -1.64169668796321 0
			vertex 4.50530181302422 -1.74102973067654 1.68637533995098
			vertex 4.30192323867324 -2.19599303234369 1.68637533995098
		endloop
	endfacet
	facet normal 0.905982433198837 -0.422466546754517 -0.0267926782615739
		outer loop
			vertex 4.51052457977236 -1.64169668796321 0
			vertex 4.30192323867324 -2.19599303234369 1.68637533995098
			vertex 4.15692193816531 -2.4 0
		endloop
	endfacet
	facet normal 0.865940818162254 -0.499951164468263 -0.013976143506529
		outer loop
			vertex 4.15692193816531 -2.4 0
			vertex 4.30192323867324 -2.19599303234369 1.68637533995098
			vertex 4.05274737187987 -2.62757829364982 1.68637533995098
		endloop
	endfacet
	facet normal 0.818857978337917 -0.573370529155373 -0.0267926782615746
		outer loop
			vertex 4.15692193816531 -2.4 0
			vertex 4.05274737187987 -2.62757829364982 1.68637533995098
			vertex 3.67701332697109 -3.08538052649539 0
		endloop
	endfacet
	facet normal 0.809713041467647 -0.586442732693339 -0.0212064081914322
		outer loop
			vertex 3.67701332697109 -3.08538052649539 0
			vertex 4.05274737187987 -2.62757829364982 1.68637533995098
			vertex 3.76042688202197 -3.0311909564568 1.68637533995098
		endloop
	endfacet
	facet normal 0.777805007829483 -0.628239625458943 -0.0182850430293311
		outer loop
			vertex 3.67701332697109 -3.08538052649539 0
			vertex 3.76042688202197 -3.0311909564568 1.68637533995098
			vertex 3.75482723975066 -3.03813984575884 1.68692977188635
		endloop
	endfacet
	facet normal 0.776627296203198 -0.629697682075788 -0.018189886764041
		outer loop
			vertex 3.75482723975066 -3.03813984575884 1.68692977188635
			vertex 3.74912351163635 -3.04522395117724 1.68864357133165
			vertex 3.67701332697109 -3.08538052649539 0
		endloop
	endfacet
	facet normal 0.77545422398488 -0.631144152440932 -0.0181053954285844
		outer loop
			vertex 3.67701332697109 -3.08538052649539 0
			vertex 3.74912351163635 -3.04522395117724 1.68864357133165
			vertex 3.74349966349108 -3.05221496042609 1.69147685978295
		endloop
	endfacet
	facet normal 0.77427231313602 -0.632595674172595 -0.0180304777839277
		outer loop
			vertex 3.67701332697109 -3.08538052649539 0
			vertex 3.74349966349108 -3.05221496042609 1.69147685978295
			vertex 3.73812060007533 -3.0589082569381 1.69531982761027
		endloop
	endfacet
	facet normal 0.772735249228506 -0.63447473176614 -0.0179457334774167
		outer loop
			vertex 3.73812060007533 -3.0589082569381 1.69531982761027
			vertex 3.72855436662089 -3.07082946256826 1.70487853147414
			vertex 3.67701332697109 -3.08538052649539 0
		endloop
	endfacet
	facet normal 0.771058790862186 -0.636512946031816 -0.017877655552178
		outer loop
			vertex 3.67701332697109 -3.08538052649539 0
			vertex 3.72855436662089 -3.07082946256826 1.70487853147414
			vertex 3.72020849667406 -3.08125124928668 1.71597874405971
		endloop
	endfacet
	facet normal 0.769476676696956 -0.638425892364115 -0.0178332268109643
		outer loop
			vertex 3.67701332697109 -3.08538052649539 0
			vertex 3.72020849667406 -3.08125124928668 1.71597874405971
			vertex 3.71268165652546 -3.09067146142801 1.72844869138735
		endloop
	endfacet
	facet normal 0.767846108011312 -0.640386848473032 -0.0178055809975244
		outer loop
			vertex 3.71268165652546 -3.09067146142801 1.72844869138735
			vertex 3.70586767071591 -3.09922141147204 1.74210637991892
			vertex 3.67701332697109 -3.08538052649539 0
		endloop
	endfacet
	facet normal 0.765516229510981 -0.643170622760144 -0.0177891082862398
		outer loop
			vertex 3.67701332697109 -3.08538052649539 0
			vertex 3.70586767071591 -3.09922141147204 1.74210637991892
			vertex 3.6939535602772 -3.11423577518735 1.7722570064412
		endloop
	endfacet
	facet normal 0.762160790444405 -0.64714242360397 -0.01782170253203
		outer loop
			vertex 3.67701332697109 -3.08538052649539 0
			vertex 3.6939535602772 -3.11423577518735 1.7722570064412
			vertex 3.67447774427985 -3.13901547629728 1.83915816334412
		endloop
	endfacet
	facet normal 0.758237577165961 -0.651730912086609 -0.0179609243707055
		outer loop
			vertex 3.67447774427985 -3.13901547629728 1.83915816334412
			vertex 3.65966164287445 -3.15816570364693 1.90856830498575
			vertex 3.67701332697109 -3.08538052649539 0
		endloop
	endfacet
	facet normal 0.752629823112708 -0.658190690760269 -0.0182582572513068
		outer loop
			vertex 3.67701332697109 -3.08538052649539 0
			vertex 3.65966164287445 -3.15816570364693 1.90856830498575
			vertex 3.62378952197768 -3.20712064392061 2.19464478412333
		endloop
	endfacet
	facet normal 0.706934544446024 -0.706934544446022 -0.0220703361502977
		outer loop
			vertex 3.67701332697109 -3.08538052649539 0
			vertex 3.62378952197768 -3.20712064392061 2.19464478412333
			vertex 3.08538052649539 -3.67701332697109 0
		endloop
	endfacet
	facet normal 0.708539049207729 -0.705302748374369 -0.0228133487977624
		outer loop
			vertex 3.08538052649539 -3.67701332697109 0
			vertex 3.62378952197768 -3.20712064392061 2.19464478412333
			vertex 3.61002192384688 -3.23030231126479 2.48373924626248
		endloop
	endfacet
	facet normal 0.703179004874042 -0.710711227584378 -0.0207084062607034
		outer loop
			vertex 3.08538052649539 -3.67701332697109 0
			vertex 3.61002192384688 -3.23030231126479 2.48373924626248
			vertex 3.37659343789953 -3.54090059879421 5.21710651003579
		endloop
	endfacet
	facet normal 0.714777549589843 -0.699109797754046 -0.0183996001759757
		outer loop
			vertex 3.37659343789953 -3.54090059879421 5.21710651003579
			vertex 3.61002192384688 -3.23030231126479 2.48373924626248
			vertex 3.60956363028892 -3.23868307198365 2.78437045193734
		endloop
	endfacet
	facet normal 0.697864973798909 -0.715888196051208 -0.0221035992362221
		outer loop
			vertex 3.37659343789953 -3.54090059879421 5.21710651003579
			vertex 3.60956363028892 -3.23868307198365 2.78437045193734
			vertex 3.43209532059672 -3.48876044311105 5.28072953836662
		endloop
	endfacet
	facet normal 0.708032398572839 -0.705885846093862 -0.0203787844472007
		outer loop
			vertex 3.43209532059672 -3.48876044311105 5.28072953836662
			vertex 3.60956363028892 -3.23868307198365 2.78437045193734
			vertex 3.48143406779705 -3.44129358494963 5.35076552073047
		endloop
	endfacet
	facet normal 0.737359303059311 -0.675253566807494 -0.0182723481152408
		outer loop
			vertex 3.62448345180702 -3.29963599730376 5.70274896183552
			vertex 3.59847059051306 -3.32543732087111 5.60651669349219
			vertex 3.64444517587112 -3.25882194171529 5.00000000000327
		endloop
	endfacet
	facet normal 0.732714182588523 -0.680266304772259 -0.0191750156487015
		outer loop
			vertex 3.64444517587112 -3.25882194171529 5.00000000000327
			vertex 3.59847059051306 -3.32543732087111 5.60651669349219
			vertex 3.56542479310285 -3.35844735863416 5.51486054780022
		endloop
	endfacet
	facet normal 0.736680273939539 -0.676008417942604 -0.0177424028559654
		outer loop
			vertex 3.64444517587112 -3.25882194171529 5.00000000000327
			vertex 3.56542479310285 -3.35844735863416 5.51486054780022
			vertex 3.60956363028892 -3.23868307198365 2.78437045193734
		endloop
	endfacet
	facet normal 0.724584679918828 -0.688937301979411 -0.0185050146787145
		outer loop
			vertex 3.60956363028892 -3.23868307198365 2.78437045193734
			vertex 3.56542479310285 -3.35844735863416 5.51486054780022
			vertex 3.52611515033986 -3.39748928280881 5.42916880198398
		endloop
	endfacet
	facet normal 0.716933287908402 -0.696876697274713 -0.0192231496986569
		outer loop
			vertex 3.60956363028892 -3.23868307198365 2.78437045193734
			vertex 3.52611515033986 -3.39748928280881 5.42916880198398
			vertex 3.48143406779705 -3.44129358494963 5.35076552073047
		endloop
	endfacet
	facet normal 0.748507554869223 -0.662887192887592 -0.0178047692853866
		outer loop
			vertex 3.66018453717397 -3.26790906620036 6
			vertex 3.65522709605271 -3.27086083118898 5.90148735450594
			vertex 3.64444517587112 -3.25882194171529 5.00000000000327
		endloop
	endfacet
	facet normal 0.744736038379505 -0.667121290290513 -0.0178162055421986
		outer loop
			vertex 3.64444517587112 -3.25882194171529 5.00000000000327
			vertex 3.65522709605271 -3.27086083118898 5.90148735450594
			vertex 3.64336444687606 -3.28143969828813 5.80173800668307
		endloop
	endfacet
	facet normal 0.740985978290052 -0.671280855085768 -0.0179386056552559
		outer loop
			vertex 3.64444517587112 -3.25882194171529 5.00000000000327
			vertex 3.64336444687606 -3.28143969828813 5.80173800668307
			vertex 3.62448345180702 -3.29963599730376 5.70274896183552
		endloop
	endfacet
	facet normal 0.68438460455162 -0.728868730144019 -0.0191856006152798
		outer loop
			vertex 3.37659343789953 -3.54090059879421 5.21710651003579
			vertex 3.31492819178447 -3.59730010669811 5.1600372844054
			vertex 3.08538052649539 -3.67701332697109 0
		endloop
	endfacet
	facet normal 0.671235031827443 -0.741015852823148 -0.0184129821700145
		outer loop
			vertex 3.08538052649539 -3.67701332697109 0
			vertex 3.31492819178447 -3.59730010669811 5.1600372844054
			vertex 3.24781166677083 -3.65686898755865 5.11064399532884
		endloop
	endfacet
	facet normal 0.656831959841997 -0.753824380999891 -0.017904723964707
		outer loop
			vertex 3.08538052649539 -3.67701332697109 0
			vertex 3.24781166677083 -3.65686898755865 5.11064399532884
			vertex 3.17595576637061 -3.71851510825751 5.07004559735003
		endloop
	endfacet
	facet normal 0.641118398575954 -0.767237063406356 -0.0177337966322741
		outer loop
			vertex 3.17595576637061 -3.71851510825751 5.07004559735003
			vertex 3.10023525709848 -3.78106923318798 5.03892036569526
			vertex 3.08538052649539 -3.67701332697109 0
		endloop
	endfacet
	facet normal 0.625773013874661 -0.779798695676521 -0.017947961650845
		outer loop
			vertex 3.08538052649539 -3.67701332697109 0
			vertex 3.10023525709848 -3.78106923318798 5.03892036569526
			vertex 3.02198038218207 -3.84336433318833 5.01707102106541
		endloop
	endfacet
	facet normal 0.610436709669056 -0.79184799318013 -0.0185412832624599
		outer loop
			vertex 3.08538052649539 -3.67701332697109 0
			vertex 3.02198038218207 -3.84336433318833 5.01707102106541
			vertex 2.94259680989421 -3.90425981423327 5.00419800647267
		endloop
	endfacet
	facet normal 0.594197482922051 -0.80408130889767 -0.0195601628446531
		outer loop
			vertex 2.94259680989421 -3.90425981423327 5.00419800647267
			vertex 2.86347328395064 -3.96262814806471 5
			vertex 3.08538052649539 -3.67701332697109 0
		endloop
	endfacet
	facet normal 0.573445924837498 -0.818965654531062 -0.0213313849942985
		outer loop
			vertex 3.08538052649539 -3.67701332697109 0
			vertex 2.86347328395064 -3.96262814806471 5
			vertex 2.4 -4.1569219381653 0
		endloop
	endfacet
	facet normal 0.514434959855369 -0.857409030970977 -0.0143675219858708
		outer loop
			vertex 2.86347328395064 -3.96262814806471 5
			vertex 2.1488409873135 -4.39139880891902 5
			vertex 2.4 -4.1569219381653 0
		endloop
	endfacet
	facet normal 0.422522670343593 -0.906102790624013 -0.0212679540411129
		outer loop
			vertex 2.4 -4.1569219381653 0
			vertex 2.1488409873135 -4.39139880891902 5
			vertex 1.64169668796321 -4.51052457977236 0
		endloop
	endfacet
	facet normal 0.361334537920178 -0.932324474329403 -0.0144369758749323
		outer loop
			vertex 2.1488409873135 -4.39139880891902 5
			vertex 1.37176747532941 -4.69256380685039 5
			vertex 1.64169668796321 -4.51052457977236 0
		endloop
	endfacet
	facet normal 0.258760931865739 -0.965708944736804 -0.0211899550566636
		outer loop
			vertex 1.64169668796321 -4.51052457977236 0
			vertex 1.37176747532941 -4.69256380685039 5
			vertex 0.833511252801265 -4.7270772144586 0
		endloop
	endfacet
	facet normal 0.197734699206897 -0.98014801786831 -0.0145207368401547
		outer loop
			vertex 1.37176747532941 -4.69256380685039 5
			vertex 0.55483302024218 -4.85737186216814 5
			vertex 0.833511252801265 -4.7270772144586 0
		endloop
	endfacet
	facet normal 0.0871363440860349 -0.995972970374796 -0.02109738898833
		outer loop
			vertex 0.833511252801265 -4.7270772144586 0
			vertex 0.55483302024218 -4.85737186216814 5
			vertex 2.93905524917371E-16 -4.8 0
		endloop
	endfacet
	facet normal 0.0283894654911001 -0.999490034384587 -0.0146188034745256
		outer loop
			vertex 0.55483302024218 -4.85737186216814 5
			vertex -0.278223822822147 -4.88103396752656 5
			vertex 2.93905524917371E-16 -4.8 0
		endloop
	endfacet
	facet normal -0.0871365406193368 -0.995975216760717 -0.0209902569621708
		outer loop
			vertex 2.93905524917371E-16 -4.8 0
			vertex -0.278223822822147 -4.88103396752656 5
			vertex -0.833511252801264 -4.7270772144586 0
		endloop
	endfacet
	facet normal -0.141780195438883 -0.989788547463598 -0.0147311741288306
		outer loop
			vertex -0.278223822822147 -4.88103396752656 5
			vertex -1.1031960129326 -4.76286254733258 5
			vertex -0.833511252801264 -4.7270772144586 0
		endloop
	endfacet
	facet normal -0.258762681531277 -0.965715474577489 -0.0208685602838036
		outer loop
			vertex -0.833511252801264 -4.7270772144586 0
			vertex -1.1031960129326 -4.76286254733258 5
			vertex -1.64169668796321 -4.51052457977236 0
		endloop
	endfacet
	facet normal -0.307829370810367 -0.951325560915751 -0.0148578469107881
		outer loop
			vertex -1.1031960129326 -4.76286254733258 5
			vertex -1.8961114337334 -4.50629143737944 5
			vertex -1.64169668796321 -4.51052457977236 0
		endloop
	endfacet
	facet normal -0.422527425338047 -0.906112987742528 -0.0207323004394256
		outer loop
			vertex -1.64169668796321 -4.51052457977236 0
			vertex -1.8961114337334 -4.50629143737944 5
			vertex -2.4 -4.1569219381653 0
		endloop
	endfacet
	facet normal -0.464932899640244 -0.885218862338688 -0.0149988196840563
		outer loop
			vertex -1.8961114337334 -4.50629143737944 5
			vertex -2.63392947736456 -4.11877610413626 5
			vertex -2.4 -4.1569219381653 0
		endloop
	endfacet
	facet normal -0.556415962984187 -0.8306704396692 -0.0196950957387471
		outer loop
			vertex -2.4 -4.1569219381653 0
			vertex -2.63392947736456 -4.11877610413626 5
			vertex -2.80081339861652 -4.0073837860536 5.01658138233094
		endloop
	endfacet
	facet normal -0.573445027018761 -0.818964372313021 -0.02140462261737
		outer loop
			vertex -2.4 -4.1569219381653 0
			vertex -2.80081339861652 -4.0073837860536 5.01658138233094
			vertex -3.08538052649539 -3.67701332697109 0
		endloop
	endfacet
	facet normal -0.581432102409531 -0.813334581202659 -0.0205807994870749
		outer loop
			vertex -3.08538052649539 -3.67701332697109 0
			vertex -2.80081339861652 -4.0073837860536 5.01658138233094
			vertex -2.88350722032889 -3.94880733595069 5.03789202684668
		endloop
	endfacet
	facet normal -0.597581818608081 -0.801575640996053 -0.0192992702148412
		outer loop
			vertex -3.08538052649539 -3.67701332697109 0
			vertex -2.88350722032889 -3.94880733595069 5.03789202684668
			vertex -2.96376592005903 -3.88970690416872 5.06834256971871
		endloop
	endfacet
	facet normal -0.614045587634003 -0.789056546703381 -0.0183788577378313
		outer loop
			vertex -2.96376592005903 -3.88970690416872 5.06834256971871
			vertex -3.04018956398168 -3.83116227934516 5.10820260132348
			vertex -3.08538052649539 -3.67701332697109 0
		endloop
	endfacet
	facet normal -0.629090225557091 -0.777126494210033 -0.0178857514617844
		outer loop
			vertex -3.08538052649539 -3.67701332697109 0
			vertex -3.04018956398168 -3.83116227934516 5.10820260132348
			vertex -3.11181372075692 -3.77430331042024 5.15692550558162
		endloop
	endfacet
	facet normal -0.642651044419586 -0.76595350302561 -0.0177444726383297
		outer loop
			vertex -3.08538052649539 -3.67701332697109 0
			vertex -3.11181372075692 -3.77430331042024 5.15692550558162
			vertex -3.17786543308493 -3.72019446756883 5.21346954648085
		endloop
	endfacet
	facet normal -0.668113455950842 -0.743797902978121 -0.0197253517781502
		outer loop
			vertex -3.23759851084326 -3.66988091336131 5.27675272680399
			vertex -3.28903379024766 -3.62546564169864 5.34410850188553
			vertex -3.41700544883778 -3.416184688683 1.78710492136585
		endloop
	endfacet
	facet normal -0.711069050758593 -0.702896932544861 -0.017796271303226
		outer loop
			vertex -3.48416784560346 -3.45496091653509 6
			vertex -3.48175059478619 -3.45356531612504 5.84829431708723
			vertex -3.47315684278161 -3.46226042370655 5.84835125973659
		endloop
	endfacet
	facet normal -0.711069039904818 -0.702896926278431 -0.0177969524687071
		outer loop
			vertex -3.47315684278161 -3.46226042370655 5.84835125973659
			vertex -3.48175059478619 -3.45356531612504 5.84829431708723
			vertex -3.47932744175251 -3.45216630806876 5.69622403603413
		endloop
	endfacet
	facet normal -0.70643887557128 -0.707537626349398 -0.0182926865562217
		outer loop
			vertex -3.47315684278161 -3.46226042370655 5.84835125973659
			vertex -3.47932744175251 -3.45216630806876 5.69622403603413
			vertex -3.44467788305388 -3.48676810331131 5.69645783369028
		endloop
	endfacet
	facet normal -0.706447354713582 -0.707542563302381 -0.0177667142060507
		outer loop
			vertex -3.44467788305388 -3.48676810331131 5.69645783369028
			vertex -3.47932744175251 -3.45216630806876 5.69622403603413
			vertex -3.47701256176766 -3.45082981148636 5.5509541212039
		endloop
	endfacet
	facet normal -0.706446033914356 -0.707543866600951 -0.0177673296263823
		outer loop
			vertex -3.44467788305388 -3.48676810331131 5.69645783369028
			vertex -3.47701256176766 -3.45082981148636 5.5509541212039
			vertex -3.47489848858092 -3.44960925076291 5.4182904671016
		endloop
	endfacet
	facet normal -0.706444145490239 -0.707545740651484 -0.017767785132322
		outer loop
			vertex -3.47489848858092 -3.44960925076291 5.4182904671016
			vertex -3.47369531432802 -3.44891459778412 5.34279010769587
			vertex -3.44467788305388 -3.48676810331131 5.69645783369028
		endloop
	endfacet
	facet normal -0.706442492623466 -0.707547383120917 -0.0177680965409287
		outer loop
			vertex -3.44467788305388 -3.48676810331131 5.69645783369028
			vertex -3.47369531432802 -3.44891459778412 5.34279010769587
			vertex -3.47261572758558 -3.44829129808775 5.27504621539854
		endloop
	endfacet
	facet normal -0.706440683957381 -0.707549181822664 -0.0177683806776812
		outer loop
			vertex -3.44467788305388 -3.48676810331131 5.69645783369028
			vertex -3.47261572758558 -3.44829129808775 5.27504621539854
			vertex -3.47159976171105 -3.44770472991661 5.211295585704
		endloop
	endfacet
	facet normal -0.706438769665045 -0.707551086591768 -0.0177686402672374
		outer loop
			vertex -3.47159976171105 -3.44770472991661 5.211295585704
			vertex -3.470690096147 -3.44717953425833 5.15421604752258
			vertex -3.44467788305388 -3.48676810331131 5.69645783369028
		endloop
	endfacet
	facet normal 0.500000000000003 -0.866025403784437 -1.8969289162156E-16
		outer loop
			vertex -3.44237769913453 -3.43083336422178 3.37809107335304
			vertex -3.46823231881612 -3.44576053585474 5.00000000000469
			vertex -5.22901881326295 -4.46235109240908 15.55
		endloop
	endfacet
	facet normal 0.500000000000027 -0.866025403784423 8.94470103011611E-15
		outer loop
			vertex -5.22901881326295 -4.46235109240908 15.55
			vertex -3.46823231881612 -3.44576053585474 5.00000000000469
			vertex -3.46925814454545 -3.44635279661571 5.06436587238336
		endloop
	endfacet
	facet normal 0.499999999999964 -0.866025403784459 -7.68923109340186E-15
		outer loop
			vertex -5.22901881326295 -4.46235109240908 15.55
			vertex -3.46925814454545 -3.44635279661571 5.06436587238336
			vertex -3.470690096147 -3.44717953425833 5.15421604752258
		endloop
	endfacet
	facet normal 0.500000000000025 -0.866025403784424 4.77629924912461E-15
		outer loop
			vertex -3.470690096147 -3.44717953425833 5.15421604752258
			vertex -3.47159976171105 -3.44770472991661 5.211295585704
			vertex -5.22901881326295 -4.46235109240908 15.55
		endloop
	endfacet
	facet normal 0.499999999999966 -0.866025403784458 -7.22477906630731E-15
		outer loop
			vertex -5.22901881326295 -4.46235109240908 15.55
			vertex -3.47159976171105 -3.44770472991661 5.211295585704
			vertex -3.47261572758558 -3.44829129808775 5.27504621539854
		endloop
	endfacet
	facet normal 0.500000000000024 -0.866025403784425 5.09916919406186E-15
		outer loop
			vertex -5.22901881326295 -4.46235109240908 15.55
			vertex -3.47261572758558 -3.44829129808775 5.27504621539854
			vertex -3.47369531432802 -3.44891459778412 5.34279010769587
		endloop
	endfacet
	facet normal 0.500000000000023 -0.866025403784425 4.44572779440305E-15
		outer loop
			vertex -3.47369531432802 -3.44891459778412 5.34279010769587
			vertex -3.47489848858092 -3.44960925076291 5.4182904671016
			vertex -5.22901881326295 -4.46235109240908 15.55
		endloop
	endfacet
	facet normal 0.499999999999998 -0.86602540378444 -1.73589873972791E-15
		outer loop
			vertex -5.22901881326295 -4.46235109240908 15.55
			vertex -3.47489848858092 -3.44960925076291 5.4182904671016
			vertex -3.47701256176766 -3.45082981148636 5.5509541212039
		endloop
	endfacet
	facet normal 0.49999999999997 -0.866025403784456 -7.13364754157965E-15
		outer loop
			vertex -5.22901881326295 -4.46235109240908 15.55
			vertex -3.47701256176766 -3.45082981148636 5.5509541212039
			vertex -3.47932744175251 -3.45216630806876 5.69622403603413
		endloop
	endfacet
	facet normal 0.500000000000015 -0.86602540378443 2.72555053466811E-15
		outer loop
			vertex -3.47932744175251 -3.45216630806876 5.69622403603413
			vertex -3.48175059478619 -3.45356531612504 5.84829431708723
			vertex -5.22901881326295 -4.46235109240908 15.55
		endloop
	endfacet
	facet normal 0.500000000000017 -0.866025403784429 2.27698937463647E-15
		outer loop
			vertex -5.22901881326295 -4.46235109240908 15.55
			vertex -3.48175059478619 -3.45356531612504 5.84829431708723
			vertex -3.48416784560346 -3.45496091653509 6
		endloop
	endfacet
	facet normal 0.500000000000004 -0.866025403784436 8.97972211845891E-17
		outer loop
			vertex -5.22901881326295 -4.46235109240908 15.55
			vertex -3.48416784560346 -3.45496091653509 6
			vertex -2.62556702188495 -2.95924749983477 15.3459636401864
		endloop
	endfacet
	facet normal 0.500000000000003 -0.866025403784437 1.74105420920953E-16
		outer loop
			vertex -2.62556702188495 -2.95924749983477 15.3459636401864
			vertex -3.48416784560346 -3.45496091653509 6
			vertex -2.23034960701806 -2.73106861897294 6
		endloop
	endfacet
	facet normal 0.500000000000016 -0.866025403784429 2.29276184573713E-15
		outer loop
			vertex -2.63439430305276 -2.96434393299321 15.4429647156718
			vertex -2.75026559135016 -3.03124225248307 15.8048212625718
			vertex -2.62556702188495 -2.95924749983477 15.3459636401864
		endloop
	endfacet
	facet normal 0.500000000000001 -0.866025403784438 -3.05965368459132E-15
		outer loop
			vertex -2.62556702188495 -2.95924749983477 15.3459636401864
			vertex -2.75026559135016 -3.03124225248307 15.8048212625718
			vertex -2.79913830759384 -3.05945892836239 15.8870259936739
		endloop
	endfacet
	facet normal 0.5 -0.866025403784438 -3.58357918277916E-15
		outer loop
			vertex -2.62556702188495 -2.95924749983477 15.3459636401864
			vertex -2.79913830759384 -3.05945892836239 15.8870259936739
			vertex -2.9762513556222 -3.16171519431856 16.0890146891515
		endloop
	endfacet
	facet normal 0.500000000000003 -0.866025403784437 0
		outer loop
			vertex -2.9762513556222 -3.16171519431856 16.0890146891515
			vertex -2.79913830759384 -3.05945892836239 15.8870259936739
			vertex -2.85316305832099 -3.0906501327376 15.9624168008982
		endloop
	endfacet
	facet normal 0.500000000000024 -0.866025403784425 2.61186429572726E-14
		outer loop
			vertex -2.9762513556222 -3.16171519431856 16.0890146891515
			vertex -2.85316305832099 -3.0906501327376 15.9624168008982
			vertex -2.91074269361394 -3.12389375067383 16.0281001127225
		endloop
	endfacet
	facet normal 0.499999999999999 -0.866025403784439 -5.00640652559185E-15
		outer loop
			vertex -2.63439430305276 -2.96434393299321 15.4429647156718
			vertex -2.65200558457889 -2.9745118111231 15.540567085321
			vertex -2.75026559135016 -3.03124225248307 15.8048212625718
		endloop
	endfacet
	facet normal 0.499999999999951 -0.866025403784467 -2.8497160371605E-14
		outer loop
			vertex -2.75026559135016 -3.03124225248307 15.8048212625718
			vertex -2.65200558457889 -2.9745118111231 15.540567085321
			vertex -2.67707098310548 -2.98898332570977 15.6338152621957
		endloop
	endfacet
	facet normal 0.499999999999966 -0.866025403784458 -2.03720907860003E-14
		outer loop
			vertex -2.75026559135016 -3.03124225248307 15.8048212625718
			vertex -2.67707098310548 -2.98898332570977 15.6338152621957
			vertex -2.70899847300399 -3.00741667059723 15.7196978291028
		endloop
	endfacet
	facet normal 0.500000000000007 -0.866025403784434 8.89147309578414E-16
		outer loop
			vertex -2.9762513556222 -3.16171519431856 16.0890146891515
			vertex -3.04798545275906 -3.20313089461059 16.1445174561831
			vertex -2.62556702188495 -2.95924749983477 15.3459636401864
		endloop
	endfacet
	facet normal 0.500000000000004 -0.866025403784436 -1.71151715337197E-15
		outer loop
			vertex -2.62556702188495 -2.95924749983477 15.3459636401864
			vertex -3.04798545275906 -3.20313089461059 16.1445174561831
			vertex -3.27637036960957 -3.33498898783309 16.2591926467366
		endloop
	endfacet
	facet normal 0.499999999999997 -0.866025403784441 -8.82413500490295E-15
		outer loop
			vertex -2.62556702188495 -2.95924749983477 15.3459636401864
			vertex -3.27637036960957 -3.33498898783309 16.2591926467366
			vertex -3.36039176115887 -3.38349876086176 16.281293219638
		endloop
	endfacet
	facet normal 0.500000000000003 -0.866025403784437 -3.07526872220782E-15
		outer loop
			vertex -3.04798545275906 -3.20313089461059 16.1445174561831
			vertex -3.12259512828209 -3.24620681085797 16.19217953249
			vertex -3.27637036960957 -3.33498898783309 16.2591926467366
		endloop
	endfacet
	facet normal 0.500000000000012 -0.866025403784432 2.37485531609624E-14
		outer loop
			vertex -3.27637036960957 -3.33498898783309 16.2591926467366
			vertex -3.12259512828209 -3.24620681085797 16.19217953249
			vertex -3.19706894099247 -3.28920428667388 16.2297343098446
		endloop
	endfacet
	facet normal 0.50000000000001 -0.866025403784433 5.79326175019826E-15
		outer loop
			vertex -3.36039176115887 -3.38349876086176 16.281293219638
			vertex -3.44533625082392 -3.43254148483606 16.2951807601816
			vertex -2.62556702188495 -2.95924749983477 15.3459636401864
		endloop
	endfacet
	facet normal 0.500000000000005 -0.866025403784436 -1.23990792041581E-15
		outer loop
			vertex -2.62556702188495 -2.95924749983477 15.3459636401864
			vertex -3.44533625082392 -3.43254148483606 16.2951807601816
			vertex -3.52740697378828 -3.47992503883212 16.3
		endloop
	endfacet
	facet normal 0.500000000000004 -0.866025403784436 -1.35560655870907E-15
		outer loop
			vertex -2.62556702188495 -2.95924749983477 15.3459636401864
			vertex -3.52740697378828 -3.47992503883212 16.3
			vertex -5.22901881326295 -4.46235109240908 15.55
		endloop
	endfacet
	facet normal 0.50000000000001 -0.866025403784433 -1.82917094175404E-14
		outer loop
			vertex -5.22901881326295 -4.46235109240908 15.55
			vertex -3.52740697378828 -3.47992503883212 16.3
			vertex -5.2799830165424 -4.49177528889151 15.55
		endloop
	endfacet
	facet normal 0.499999999999999 -0.866025403784439 -1.44937538675298E-14
		outer loop
			vertex -5.48683975773829 -4.61120408410464 15.55
			vertex -5.43939138423099 -4.5838097528876 15.55
			vertex -7.25583117443837 -5.63253175473058 16.3
		endloop
	endfacet
	facet normal 0.50000000000001 -0.866025403784433 2.20131983776326E-14
		outer loop
			vertex -7.25583117443837 -5.63253175473058 16.3
			vertex -5.43939138423099 -4.5838097528876 15.55
			vertex -5.39496033957129 -4.55815747729294 15.55
		endloop
	endfacet
	facet normal 0.500000000000004 -0.866025403784437 -5.24655644091659E-16
		outer loop
			vertex -7.25583117443837 -5.63253175473058 16.3
			vertex -5.39496033957129 -4.55815747729294 15.55
			vertex -3.52740697378828 -3.47992503883212 16.3
		endloop
	endfacet
	facet normal 0.500000000000006 -0.866025403784435 -1.48332599669223E-14
		outer loop
			vertex -3.52740697378828 -3.47992503883212 16.3
			vertex -5.39496033957129 -4.55815747729294 15.55
			vertex -5.32902275050452 -4.52008839249553 15.55
		endloop
	endfacet
	facet normal 0.499999999999991 -0.866025403784444 4.48749610304549E-14
		outer loop
			vertex -3.52740697378828 -3.47992503883212 16.3
			vertex -5.32902275050452 -4.52008839249553 15.55
			vertex -5.2799830165424 -4.49177528889151 15.55
		endloop
	endfacet
	facet normal 0.500000000000004 -0.866025403784437 0
		outer loop
			vertex -7.25583117443837 -5.63253175473058 15.55
			vertex -6.24242499385066 -5.04744142356983 15.55
			vertex -7.25583117443837 -5.63253175473058 16.3
		endloop
	endfacet
	facet normal 0.500000000000004 -0.866025403784436 0
		outer loop
			vertex -7.25583117443837 -5.63253175473058 16.3
			vertex -6.24242499385066 -5.04744142356983 15.55
			vertex -5.48683975773829 -4.61120408410464 15.55
		endloop
	endfacet
	facet normal 0.500000000000002 0.866025403784438 -1.14971320499511E-16
		outer loop
			vertex 4.6095636302888 -1.5066322644147 2.7843704519367
			vertex 4.64444517587107 -1.52677113414638 5.00000000000335
			vertex 7.42024828578914 -3.12938180687498 15.55
		endloop
	endfacet
	facet normal 0.49999999999999 0.866025403784444 4.20612809933424E-15
		outer loop
			vertex 7.42024828578914 -3.12938180687498 15.55
			vertex 4.64444517587107 -1.52677113414638 5.00000000000335
			vertex 4.64549706574686 -1.52737844304932 5.06682686693364
		endloop
	endfacet
	facet normal 0.499999999999978 0.866025403784452 6.17440268740125E-15
		outer loop
			vertex 7.42024828578914 -3.12938180687498 15.55
			vertex 4.64549706574686 -1.52737844304932 5.06682686693364
			vertex 4.64693018400527 -1.52820585426159 5.15787442385422
		endloop
	endfacet
	facet normal 0.500000000000022 0.866025403784426 -7.36730827340095E-15
		outer loop
			vertex 4.64693018400527 -1.52820585426159 5.15787442385422
			vertex 4.6478353732395 -1.52872846550965 5.2153827550578
			vertex 7.42024828578914 -3.12938180687498 15.55
		endloop
	endfacet
	facet normal 0.499999999999992 0.866025403784443 4.39315225781132E-15
		outer loop
			vertex 7.42024828578914 -3.12938180687498 15.55
			vertex 4.6478353732395 -1.52872846550965 5.2153827550578
			vertex 4.6488424459967 -1.52930989923711 5.27936454928613
		endloop
	endfacet
	facet normal 0.499999999999996 0.866025403784441 0
		outer loop
			vertex 7.42024828578914 -3.12938180687498 15.55
			vertex 4.6488424459967 -1.52930989923711 5.27936454928613
			vertex 4.64988146049237 -1.52990977453587 5.34537635987045
		endloop
	endfacet
	facet normal 0.50000000000001 0.866025403784433 -3.20475039221583E-15
		outer loop
			vertex 4.64988146049237 -1.52990977453587 5.34537635987045
			vertex 4.65103445221778 -1.53057545461891 5.41863030441461
			vertex 7.42024828578914 -3.12938180687498 15.55
		endloop
	endfacet
	facet normal 0.500000000000009 0.866025403784433 -4.22948314558489E-15
		outer loop
			vertex 7.42024828578914 -3.12938180687498 15.55
			vertex 4.65103445221778 -1.53057545461891 5.41863030441461
			vertex 4.65312645597083 -1.53178327354888 5.5515454168434
		endloop
	endfacet
	facet normal 0.499999999999988 0.866025403784445 3.86962281143308E-15
		outer loop
			vertex 7.42024828578914 -3.12938180687498 15.55
			vertex 4.65312645597083 -1.53178327354888 5.5515454168434
			vertex 4.65541295493523 -1.53310338434148 5.69682094126436
		endloop
	endfacet
	facet normal 0.500000000000005 0.866025403784436 -1.21296373220496E-15
		outer loop
			vertex 4.65541295493523 -1.53310338434148 5.69682094126436
			vertex 4.65780282131332 -1.5344831743382 5.84866759796315
			vertex 7.42024828578914 -3.12938180687498 15.55
		endloop
	endfacet
	facet normal 0.500000000000008 0.866025403784434 -3.7147359624268E-15
		outer loop
			vertex 7.42024828578914 -3.12938180687498 15.55
			vertex 4.65780282131332 -1.5344831743382 5.84866759796315
			vertex 4.66018453717398 -1.53585825863148 6
		endloop
	endfacet
	facet normal 0.500000000000001 0.866025403784438 1.73269892697118E-16
		outer loop
			vertex 7.42024828578914 -3.12938180687498 15.55
			vertex 4.66018453717398 -1.53585825863148 6
			vertex 3.81482442427451 -1.0477893698868 15.3459636401864
		endloop
	endfacet
	facet normal 0.500000000000001 0.866025403784438 1.83177452047709E-16
		outer loop
			vertex 3.81482442427451 -1.0477893698868 15.3459636401864
			vertex 4.66018453717398 -1.53585825863148 6
			vertex 3.42829239972688 -0.824625001463817 5.99999999999998
		endloop
	endfacet
	facet normal 0.49999999999999 0.866025403784444 1.21368407887127E-15
		outer loop
			vertex 3.82338260395956 -1.05273043723174 15.4422176920065
			vertex 3.93588777095727 -1.11768532568309 15.8023687294696
			vertex 3.81482442427451 -1.0477893698868 15.3459636401864
		endloop
	endfacet
	facet normal 0.500000000000015 0.86602540378443 -7.50397920438372E-15
		outer loop
			vertex 3.81482442427451 -1.0477893698868 15.3459636401864
			vertex 3.93588777095727 -1.11768532568309 15.8023687294696
			vertex 3.98361566565444 -1.14524103853436 15.8845217980564
		endloop
	endfacet
	facet normal 0.499999999999999 0.86602540378444 -6.76101652029664E-16
		outer loop
			vertex 3.81482442427451 -1.0477893698868 15.3459636401864
			vertex 3.98361566565444 -1.14524103853436 15.8845217980564
			vertex 4.15733996744774 -1.2455408109395 16.0872940374577
		endloop
	endfacet
	facet normal 0.500000000000005 0.866025403784436 -7.15731191732233E-15
		outer loop
			vertex 4.15733996744774 -1.2455408109395 16.0872940374577
			vertex 3.98361566565444 -1.14524103853436 15.8845217980564
			vertex 4.03660045885811 -1.17583182315345 15.9601931441706
		endloop
	endfacet
	facet normal 0.499999999999985 0.866025403784447 1.71658698875189E-14
		outer loop
			vertex 4.15733996744774 -1.2455408109395 16.0872940374577
			vertex 4.03660045885811 -1.17583182315345 15.9601931441706
			vertex 4.09308864380772 -1.20844529194014 16.0262245492245
		endloop
	endfacet
	facet normal 0.500000000000011 0.866025403784432 -7.60338161787546E-15
		outer loop
			vertex 3.82338260395956 -1.05273043723174 15.4422176920065
			vertex 3.84045947790401 -1.06258977500049 15.5391746317458
			vertex 3.93588777095727 -1.11768532568309 15.8023687294696
		endloop
	endfacet
	facet normal 0.500000000000051 0.866025403784409 -2.68604000232787E-14
		outer loop
			vertex 3.93588777095727 -1.11768532568309 15.8023687294696
			vertex 3.84045947790401 -1.06258977500049 15.5391746317458
			vertex 3.86481073037256 -1.07664897716831 15.6320477214722
		endloop
	endfacet
	facet normal 0.500000000000016 0.866025403784429 -7.10754412580221E-15
		outer loop
			vertex 3.93588777095727 -1.11768532568309 15.8023687294696
			vertex 3.86481073037256 -1.07664897716831 15.6320477214722
			vertex 3.89578340675876 -1.0945310602174 15.7176113045198
		endloop
	endfacet
	facet normal 0.500000000000006 0.866025403784435 -5.29472134448593E-15
		outer loop
			vertex 4.15733996744774 -1.2455408109395 16.0872940374577
			vertex 4.22802397927932 -1.28635024419786 16.1431080514713
			vertex 3.81482442427451 -1.0477893698868 15.3459636401864
		endloop
	endfacet
	facet normal 0.500000000000003 0.866025403784437 -3.14651703950848E-15
		outer loop
			vertex 3.81482442427451 -1.0477893698868 15.3459636401864
			vertex 4.22802397927932 -1.28635024419786 16.1431080514713
			vertex 4.53718924311553 -1.46484689249778 16.2811286908581
		endloop
	endfacet
	facet normal 0.499999999999999 0.866025403784439 6.67499344378576E-16
		outer loop
			vertex 3.81482442427451 -1.0477893698868 15.3459636401864
			vertex 4.53718924311553 -1.46484689249778 16.2811286908581
			vertex 4.62145647971544 -1.5134986042326 16.295136928755
		endloop
	endfacet
	facet normal 0.500000000000002 0.866025403784438 9.34121360546185E-16
		outer loop
			vertex 4.53718924311553 -1.46484689249778 16.2811286908581
			vertex 4.22802397927932 -1.28635024419786 16.1431080514713
			vertex 4.4539402091386 -1.41678304032142 16.2588467500664
		endloop
	endfacet
	facet normal 0.499999999999992 0.866025403784443 2.5900898185588E-14
		outer loop
			vertex 4.4539402091386 -1.41678304032142 16.2588467500664
			vertex 4.22802397927932 -1.28635024419786 16.1431080514713
			vertex 4.30179814961552 -1.32894378130071 16.1911868183892
		endloop
	endfacet
	facet normal 0.499999999999994 0.866025403784442 2.09223009510535E-14
		outer loop
			vertex 4.4539402091386 -1.41678304032142 16.2588467500664
			vertex 4.30179814961552 -1.32894378130071 16.1911868183892
			vertex 4.37555245473714 -1.37152584921657 16.2291625701367
		endloop
	endfacet
	facet normal 0.500000000000002 0.866025403784437 -2.42104986658205E-15
		outer loop
			vertex 4.62145647971544 -1.5134986042326 16.295136928755
			vertex 4.70289884198581 -1.56051937401284 16.3
			vertex 3.81482442427451 -1.0477893698868 15.3459636401864
		endloop
	endfacet
	facet normal 0.500000000000001 0.866025403784438 -1.35071481263519E-15
		outer loop
			vertex 3.81482442427451 -1.0477893698868 15.3459636401864
			vertex 4.70289884198581 -1.56051937401284 16.3
			vertex 7.42024828578914 -3.12938180687498 15.55
		endloop
	endfacet
	facet normal 0.500000000000001 0.866025403784438 -2.65929144913683E-16
		outer loop
			vertex 4.70289884198581 -1.56051937401284 16.3
			vertex 8.38083117443839 -3.68397459621557 16.3
			vertex 7.42024828578914 -3.12938180687498 15.55
		endloop
	endfacet
	facet normal 0.500000000000003 0.866025403784437 -2.40054713345409E-15
		outer loop
			vertex 7.42024828578914 -3.12938180687498 15.55
			vertex 8.38083117443839 -3.68397459621557 16.3
			vertex 7.47276933687162 -3.15970484985557 15.55
		endloop
	endfacet
	facet normal 0.500000000000001 0.866025403784438 0
		outer loop
			vertex 8.38083117443839 -3.68397459621557 15.55
			vertex 7.90053973011376 -3.40667820154527 15.55
			vertex 8.38083117443839 -3.68397459621557 16.3
		endloop
	endfacet
	facet normal 0.500000000000004 0.866025403784436 -2.55611007312424E-15
		outer loop
			vertex 8.38083117443839 -3.68397459621557 16.3
			vertex 7.90053973011376 -3.40667820154527 15.55
			vertex 7.68530485294314 -3.28241228727182 15.55
		endloop
	endfacet
	facet normal 0.499999999999999 0.866025403784439 3.6801990134356E-15
		outer loop
			vertex 8.38083117443839 -3.68397459621557 16.3
			vertex 7.68530485294314 -3.28241228727182 15.55
			vertex 7.63547384873069 -3.25364234357577 15.55
		endloop
	endfacet
	facet normal 0.500000000000002 0.866025403784438 -4.06899616673132E-16
		outer loop
			vertex 7.63547384873069 -3.25364234357577 15.55
			vertex 7.56974735485755 -3.21569513464522 15.55
			vertex 8.38083117443839 -3.68397459621557 16.3
		endloop
	endfacet
	facet normal 0.499999999999996 0.866025403784441 9.2037078453652E-15
		outer loop
			vertex 8.38083117443839 -3.68397459621557 16.3
			vertex 7.56974735485755 -3.21569513464522 15.55
			vertex 7.52325464020543 -3.18885255332547 15.55
		endloop
	endfacet
	facet normal 0.5 0.866025403784439 0
		outer loop
			vertex 8.38083117443839 -3.68397459621557 16.3
			vertex 7.52325464020543 -3.18885255332547 15.55
			vertex 7.47276933687162 -3.15970484985557 15.55
		endloop
	endfacet
	facet normal -1 1.18898638536794E-15 -2.17353203672315E-16
		outer loop
			vertex -1 4.74531567337023 2.78438898503771
			vertex -1 4.78559307586162 5.00000000000334
			vertex -0.999999999999999 7.99081004648537 15.55
		endloop
	endfacet
	facet normal -1 -3.35760814623256E-14 1.03446928105787E-14
		outer loop
			vertex -0.999999999999999 7.99081004648537 15.55
			vertex -1 4.78559307586162 5.00000000000334
			vertex -1 4.78680769366751 5.06682686693364
		endloop
	endfacet
	facet normal -1 8.57293910002612E-15 -2.53743355865753E-15
		outer loop
			vertex -0.999999999999999 7.99081004648537 15.55
			vertex -1 4.78680769366751 5.06682686693364
			vertex -1 4.78846251609205 5.15787442385422
		endloop
	endfacet
	facet normal -1 1.33628927239209E-14 -4.01346423648031E-15
		outer loop
			vertex -1 4.78846251609205 5.15787442385422
			vertex -1 4.78950773858816 5.2153827550578
			vertex -0.999999999999999 7.99081004648537 15.55
		endloop
	endfacet
	facet normal -1 -1.11910707108669E-14 3.59249328945316E-15
		outer loop
			vertex -0.999999999999999 7.99081004648537 15.55
			vertex -1 4.78950773858816 5.2153827550578
			vertex -1 4.79067060604308 5.27936454928613
		endloop
	endfacet
	facet normal -1 1.15554180788703E-14 -3.49489056882186E-15
		outer loop
			vertex -0.999999999999999 7.99081004648537 15.55
			vertex -1 4.79067060604308 5.27936454928613
			vertex -1 4.79187035664061 5.34537635987045
		endloop
	endfacet
	facet normal -1 4.31741647735415E-16 -7.84672600783676E-18
		outer loop
			vertex -1 4.79187035664061 5.34537635987045
			vertex -1 4.79320171680669 5.41863030441461
			vertex -0.999999999999999 7.99081004648537 15.55
		endloop
	endfacet
	facet normal -1 4.31741217740719E-16 -7.8465902952244E-18
		outer loop
			vertex -0.999999999999999 7.99081004648537 15.55
			vertex -1 4.79320171680669 5.41863030441461
			vertex -1 4.79561735466663 5.5515454168434
		endloop
	endfacet
	facet normal -1 -9.47297720439878E-15 3.15739096254178E-15
		outer loop
			vertex -0.999999999999999 7.99081004648537 15.55
			vertex -1 4.79561735466663 5.5515454168434
			vertex -1 4.79825757625182 5.69682094126437
		endloop
	endfacet
	facet normal -1 4.95702396768597E-15 -1.51810875311281E-15
		outer loop
			vertex -1 4.79825757625182 5.69682094126437
			vertex -1 4.80101715624527 5.84866759796316
			vertex -0.999999999999999 7.99081004648537 15.55
		endloop
	endfacet
	facet normal -1 3.59782868635005E-16 -6.53834558882867E-18
		outer loop
			vertex -0.999999999999999 7.99081004648537 15.55
			vertex -1 4.80101715624527 5.84866759796316
			vertex -1 4.80376732483183 6
		endloop
	endfacet
	facet normal -1 4.72947913469121E-17 9.77457227174037E-17
		outer loop
			vertex -0.999999999999999 7.99081004648537 15.55
			vertex -1 4.80376732483183 6
			vertex -0.999999999999999 3.82762954734247 15.3459636401864
		endloop
	endfacet
	facet normal -1 4.57319238755696E-16 1.40570664929776E-16
		outer loop
			vertex -0.999999999999999 3.82762954734247 15.3459636401864
			vertex -1 4.80376732483183 6
			vertex -1 3.3813008104965 5.99999999999998
		endloop
	endfacet
	facet normal -1 -1.39996292787823E-14 1.43730284102683E-15
		outer loop
			vertex -0.999999999999999 3.83751168203235 15.4422176920065
			vertex -1 3.96742145893504 15.8023687294696
			vertex -0.999999999999999 3.82762954734247 15.3459636401864
		endloop
	endfacet
	facet normal -1 7.81960649855833E-15 -5.24569160935154E-15
		outer loop
			vertex -0.999999999999999 3.82762954734247 15.3459636401864
			vertex -1 3.96742145893504 15.8023687294696
			vertex -1 4.02253288463758 15.8845217980564
		endloop
	endfacet
	facet normal -1 3.85055773851544E-15 -3.80929920137282E-15
		outer loop
			vertex -0.999999999999999 3.82762954734247 15.3459636401864
			vertex -1 4.02253288463758 15.8845217980564
			vertex -1 4.22313242944786 16.0872940374577
		endloop
	endfacet
	facet normal -1 0 0
		outer loop
			vertex -1 4.22313242944786 16.0872940374577
			vertex -1 4.02253288463758 15.8845217980564
			vertex -1 4.08371445387577 15.9601931441706
		endloop
	endfacet
	facet normal -1 0 0
		outer loop
			vertex -1 4.22313242944786 16.0872940374577
			vertex -1 4.08371445387577 15.9601931441706
			vertex -1 4.14894139144915 16.0262245492245
		endloop
	endfacet
	facet normal -1 3.38983827412677E-14 -1.5839948668336E-14
		outer loop
			vertex -0.999999999999999 3.83751168203235 15.4422176920065
			vertex -1 3.85723035756984 15.5391746317458
			vertex -1 3.96742145893504 15.8023687294696
		endloop
	endfacet
	facet normal -1 5.92753762867681E-15 -4.12943442912012E-15
		outer loop
			vertex -1 3.96742145893504 15.8023687294696
			vertex -1 3.85723035756984 15.5391746317458
			vertex -1 3.88534876190548 15.6320477214722
		endloop
	endfacet
	facet normal -1 1.97400047720759E-14 -1.07852571277998E-14
		outer loop
			vertex -1 3.96742145893504 15.8023687294696
			vertex -1 3.88534876190548 15.6320477214722
			vertex -1 3.92111292800367 15.7176113045198
		endloop
	endfacet
	facet normal -1 1.88948057257307E-15 -2.76305629265595E-15
		outer loop
			vertex -1 4.22313242944786 16.0872940374577
			vertex -1 4.30475129596459 16.1431080514713
			vertex -0.999999999999999 3.82762954734247 15.3459636401864
		endloop
	endfacet
	facet normal -1 2.40156757320331E-15 -3.06956016037239E-15
		outer loop
			vertex -0.999999999999999 3.82762954734247 15.3459636401864
			vertex -1 4.30475129596459 16.1431080514713
			vertex -1 4.66174459256443 16.2811286908581
		endloop
	endfacet
	facet normal -1 1.53198421804206E-16 -1.06414033095524E-15
		outer loop
			vertex -0.999999999999999 3.82762954734247 15.3459636401864
			vertex -1 4.66174459256443 16.2811286908581
			vertex -1 4.75904801603407 16.295136928755
		endloop
	endfacet
	facet normal -1 -1.81875829183033E-15 7.84640175646344E-15
		outer loop
			vertex -1 4.66174459256443 16.2811286908581
			vertex -1 4.30475129596459 16.1431080514713
			vertex -1 4.56561688821171 16.2588467500664
		endloop
	endfacet
	facet normal -1 -1.58275604997628E-15 7.3144719409372E-15
		outer loop
			vertex -1 4.56561688821171 16.2588467500664
			vertex -1 4.30475129596459 16.1431080514713
			vertex -1 4.38993837017028 16.1911868183892
		endloop
	endfacet
	facet normal -1 9.05582268624449E-15 -2.03085199852911E-14
		outer loop
			vertex -1 4.56561688821171 16.2588467500664
			vertex -1 4.38993837017028 16.1911868183892
			vertex -1 4.475102506002 16.2291625701367
		endloop
	endfacet
	facet normal -1 4.97808834086941E-17 -9.62657275744669E-16
		outer loop
			vertex -1 4.75904801603407 16.295136928755
			vertex -1 4.85308955559455 16.3
			vertex -0.999999999999999 3.82762954734247 15.3459636401864
		endloop
	endfacet
	facet normal -1 1.02016572985404E-16 -1.01880357469166E-15
		outer loop
			vertex -0.999999999999999 3.82762954734247 15.3459636401864
			vertex -1 4.85308955559455 16.3
			vertex -0.999999999999999 7.99081004648537 15.55
		endloop
	endfacet
	facet normal -1 3.5740877076399E-16 4.96622015530275E-17
		outer loop
			vertex -1 4.85308955559455 16.3
			vertex -0.999999999999999 9.1 16.3
			vertex -0.999999999999999 7.99081004648537 15.55
		endloop
	endfacet
	facet normal -1 0 5.78241158658935E-16
		outer loop
			vertex -0.999999999999999 7.99081004648537 15.55
			vertex -0.999999999999999 9.1 16.3
			vertex -0.999999999999999 8.05145621780748 15.55
		endloop
	endfacet
	facet normal -1 3.90988818119044E-16 0
		outer loop
			vertex -0.999999999999999 9.1 15.55
			vertex -0.999999999999999 8.54540502324269 15.55
			vertex -0.999999999999999 9.1 16.3
		endloop
	endfacet
	facet normal -1 0 2.89120579329468E-16
		outer loop
			vertex -0.999999999999999 9.1 16.3
			vertex -0.999999999999999 8.54540502324269 15.55
			vertex -0.999999999999999 8.29687168074354 15.55
		endloop
	endfacet
	facet normal -1 0 2.89120579329467E-16
		outer loop
			vertex -0.999999999999999 9.1 16.3
			vertex -0.999999999999999 8.29687168074354 15.55
			vertex -0.999999999999999 8.23933137948114 15.55
		endloop
	endfacet
	facet normal -1 0 2.89120579329468E-16
		outer loop
			vertex -0.999999999999999 8.23933137948114 15.55
			vertex -0.999999999999999 8.16343691878961 15.55
			vertex -0.999999999999999 9.1 16.3
		endloop
	endfacet
	facet normal -1 0 2.89120579329468E-16
		outer loop
			vertex -0.999999999999999 9.1 16.3
			vertex -0.999999999999999 8.16343691878961 15.55
			vertex -0.999999999999999 8.10975170011686 15.55
		endloop
	endfacet
	facet normal -1 3.71967819643898E-15 -4.62208610085197E-15
		outer loop
			vertex -0.999999999999999 9.1 16.3
			vertex -0.999999999999999 8.10975170011686 15.55
			vertex -0.999999999999999 8.05145621780748 15.55
		endloop
	endfacet
	facet normal 0.0998958195619758 0.964320654391311 -0.245166271636936
		outer loop
			vertex 0.744871247888142 4.7722211847652 1.68637491777062
			vertex 0.249174626987285 4.82357137704558 1.68637504349731
			vertex 0.744871247888138 8.29687168074354 15.55
		endloop
	endfacet
	facet normal 0.0998958195619778 0.96432065439131 -0.245166271636936
		outer loop
			vertex 0.744871247888138 8.29687168074354 15.55
			vertex 0.249174626987285 4.82357137704558 1.68637504349731
			vertex 0.249174626987281 8.34822184105951 15.55
		endloop
	endfacet
	facet normal 0 0.96916853023649 -0.246398782462987
		outer loop
			vertex 0.249174626987281 8.34822184105951 15.55
			vertex 0.249174626987285 4.82357137704558 1.68637504349731
			vertex -0.249174626987281 8.34822184105951 15.55
		endloop
	endfacet
	facet normal 1.90111757313369E-15 0.96916853023649 -0.246398782462986
		outer loop
			vertex -0.249174626987281 8.34822184105951 15.55
			vertex 0.249174626987285 4.82357137704558 1.68637504349731
			vertex -0.249174626987278 4.82357137704558 1.68637504349731
		endloop
	endfacet
	facet normal -0.0998958195619733 0.964320654391311 -0.245166271636936
		outer loop
			vertex -0.249174626987281 8.34822184105951 15.55
			vertex -0.249174626987278 4.82357137704558 1.68637504349731
			vertex -0.744871247888139 8.2782899566225 15.4769118861886
		endloop
	endfacet
	facet normal -0.0998958195619751 0.964320654391311 -0.245166271636936
		outer loop
			vertex -0.744871247888139 8.2782899566225 15.4769118861886
			vertex -0.249174626987278 4.82357137704558 1.68637504349731
			vertex -0.744871247888136 5.03279558350736 2.7113008712263
		endloop
	endfacet
	facet normal -0.0998958195619757 0.964320654391311 -0.245166271636936
		outer loop
			vertex -0.249174626987278 4.82357137704558 1.68637504349731
			vertex -0.744871247888136 4.7722211847652 1.68637491777062
			vertex -0.744871247888136 5.03279558350736 2.7113008712263
		endloop
	endfacet
	facet normal -0.0998958195619784 0.964320654391318 -0.245166271636907
		outer loop
			vertex -0.744871247888139 8.2782899566225 15.4769118861886
			vertex -0.744871247888139 8.29687168074354 15.55
			vertex -0.249174626987281 8.34822184105951 15.55
		endloop
	endfacet
	facet normal 0.785177962100205 -0.568672957162725 -0.245166546706462
		outer loop
			vertex 3.76042688202197 -3.0311909564568 1.68637533995098
			vertex 4.05274737187987 -2.62757829364982 1.68637533995098
			vertex 6.81286707173806 -4.79351885076169 15.55
		endloop
	endfacet
	facet normal 0.785172518987992 -0.568680435960847 -0.245166631459977
		outer loop
			vertex 6.81286707173806 -4.79351885076169 15.55
			vertex 4.05274737187987 -2.62757829364982 1.68637533995098
			vertex 7.10519185253619 -4.38990836939517 15.55
		endloop
	endfacet
	facet normal 0.839324435980846 -0.484584189050973 -0.246399380858081
		outer loop
			vertex 4.05274737187987 -2.62757829364982 1.68637533995098
			vertex 4.30192323867324 -2.19599303234369 1.68637533995098
			vertex 7.10519185253619 -4.38990836939517 15.55
		endloop
	endfacet
	facet normal 0.839324435980847 -0.48458418905097 -0.246399380858081
		outer loop
			vertex 7.10519185253619 -4.38990836939517 15.55
			vertex 4.30192323867324 -2.19599303234369 1.68637533995098
			vertex 7.35436809445022 -3.95832245836099 15.55
		endloop
	endfacet
	facet normal 0.88507338182734 -0.395647213593793 -0.245170126965304
		outer loop
			vertex 4.50530181302422 -1.74102973067654 1.68637533995098
			vertex 4.73096576892267 -1.87131614727384 2.71128249894992
			vertex 4.30192323867324 -2.19599303234369 1.68637533995098
		endloop
	endfacet
	facet normal 0.885070773958 -0.395655313975007 -0.245166469177018
		outer loop
			vertex 4.30192323867324 -2.19599303234369 1.68637533995098
			vertex 4.73096576892267 -1.87131614727384 2.71128249894992
			vertex 7.54165042442302 -3.49406568973412 15.4769120470132
		endloop
	endfacet
	facet normal 0.885077925040225 -0.395639214812925 -0.245166633758965
		outer loop
			vertex 4.30192323867324 -2.19599303234369 1.68637533995098
			vertex 7.54165042442302 -3.49406568973412 15.4769120470132
			vertex 7.35436809445022 -3.95832245836099 15.55
		endloop
	endfacet
	facet normal 0.885078101805672 -0.395639191564112 -0.245166033133802
		outer loop
			vertex 7.35436809445022 -3.95832245836099 15.55
			vertex 7.54165042442302 -3.49406568973412 15.4769120470132
			vertex 7.55774263414823 -3.50335653135082 15.55
		endloop
	endfacet
	facet normal 0 0 -1
		outer loop
			vertex -4.64843410249007 -1.3184477461722 1.78710492136587
			vertex -4.62222660577306 -1.40757425007097 1.78710492136587
			vertex -4.62224412632967 -1.40757958548319 1.78710492136587
		endloop
	endfacet
	facet normal 0 0 -1
		outer loop
			vertex -4.62224412632967 -1.40757958548319 1.78710492136587
			vertex -4.62222660577306 -1.40757425007097 1.78710492136587
			vertex -4.59765061432346 -1.48588454907852 1.78710492136587
		endloop
	endfacet
	facet normal 1.86573488834125E-10 5.85977839335377E-11 -1
		outer loop
			vertex -4.62224412632967 -1.40757958548319 1.78710492136587
			vertex -4.59765061432346 -1.48588454907852 1.78710492136587
			vertex -4.59767593735856 -1.48589273306415 1.78710492136586
		endloop
	endfacet
	facet normal 1.8290080887713E-10 6.99618561122232E-11 -1
		outer loop
			vertex -4.59767593735856 -1.48589273306415 1.78710492136586
			vertex -4.59765061432346 -1.48588454907852 1.78710492136587
			vertex -4.41560709128948 -1.96179970433611 1.78710492136587
		endloop
	endfacet
	facet normal 4.1521137003127E-15 -9.34678444797719E-15 -1
		outer loop
			vertex -4.59767593735856 -1.48589273306415 1.78710492136586
			vertex -4.41560709128948 -1.96179970433611 1.78710492136587
			vertex -4.41566548593368 -1.9618256449367 1.78710492136587
		endloop
	endfacet
	facet normal 0 0 -1
		outer loop
			vertex -4.41566548593368 -1.9618256449367 1.78710492136587
			vertex -4.41560709128948 -1.96179970433611 1.78710492136587
			vertex -4.34389700546608 -2.11584566319994 1.78710492136587
		endloop
	endfacet
	facet normal 0 0 -1
		outer loop
			vertex -4.41566548593368 -1.9618256449367 1.78710492136587
			vertex -4.34389700546608 -2.11584566319994 1.78710492136587
			vertex -4.34396067845406 -2.11587667733662 1.78710492136587
		endloop
	endfacet
	facet normal -2.79629733968735E-16 5.74088547771372E-16 -1
		outer loop
			vertex -4.34396067845406 -2.11587667733662 1.78710492136587
			vertex -4.34389700546608 -2.11584566319994 1.78710492136587
			vertex -4.18445731827131 -2.41589755911647 1.78710492136587
		endloop
	endfacet
	facet normal -2.50885784972375E-12 -1.33308859851568E-12 -1
		outer loop
			vertex -4.34396067845406 -2.11587667733662 1.78710492136587
			vertex -4.18445731827131 -2.41589755911647 1.78710492136587
			vertex -4.18452345806573 -2.41593574494458 1.78710492136587
		endloop
	endfacet
	facet normal -2.42577037792596E-12 -1.47700032114045E-12 -1
		outer loop
			vertex -4.18452345806573 -2.41593574494458 1.78710492136587
			vertex -4.18445731827131 -2.41589755911647 1.78710492136587
			vertex -4.06736950187094 -2.60834504406695 1.78710492136587
		endloop
	endfacet
	facet normal -2.50578058384695E-12 -1.52567968062099E-12 -1
		outer loop
			vertex -4.18445731827131 -2.41589755911647 1.78710492136587
			vertex -4.06730726609895 -2.60830513316941 1.78710492136587
			vertex -4.06736950187094 -2.60834504406695 1.78710492136587
		endloop
	endfacet
	facet normal -2.45004987442205E-12 -1.61258435926593E-12 -1
		outer loop
			vertex -4.06736950187094 -2.60834504406695 1.78710492136587
			vertex -4.06730726609895 -2.60830513316941 1.78710492136587
			vertex -4.00438329307553 -2.70404196191363 1.78710492136587
		endloop
	endfacet
	facet normal -2.55764302469652E-12 -1.6833010163161E-12 -1
		outer loop
			vertex -4.06730726609895 -2.60830513316941 1.78710492136587
			vertex -4.00432459755129 -2.70400232655685 1.78710492136587
			vertex -4.00438329307553 -2.70404196191363 1.78710492136587
		endloop
	endfacet
	facet normal -2.50712747981317E-12 -1.75810888056016E-12 -1
		outer loop
			vertex -4.00438329307553 -2.70404196191363 1.78710492136587
			vertex -4.00432459755129 -2.70400232655685 1.78710492136587
			vertex -3.90682358927778 -2.84316566296441 1.78710492136587
		endloop
	endfacet
	facet normal -2.77901853370516E-12 -1.94860195567141E-12 -1
		outer loop
			vertex -4.00432459755129 -2.70400232655685 1.78710492136587
			vertex -3.90677192673658 -2.84312806201939 1.78710492136587
			vertex -3.90682358927778 -2.84316566296441 1.78710492136587
		endloop
	endfacet
	facet normal -2.72285096528289E-12 -2.02577446599102E-12 -1
		outer loop
			vertex -3.90682358927778 -2.84316566296441 1.78710492136587
			vertex -3.90677192673658 -2.84312806201939 1.78710492136587
			vertex -3.84633853064466 -2.92446385437183 1.78710492136587
		endloop
	endfacet
	facet normal -3.8791576569383E-14 -3.14885620742105E-14 -1
		outer loop
			vertex -3.90677192673658 -2.84312806201939 1.78710492136587
			vertex -3.58563907375448 -3.23873995519003 1.78710492136587
			vertex -3.84633853064466 -2.92446385437183 1.78710492136587
		endloop
	endfacet
	facet normal -1.83927392048905E-12 -1.52503123992401E-12 -1
		outer loop
			vertex -3.84633853064466 -2.92446385437183 1.78710492136587
			vertex -3.58563907375448 -3.23873995519003 1.78710492136587
			vertex -3.58667619600589 -3.23763131463853 1.78710492136587
		endloop
	endfacet
	facet normal -1.07747948741194E-11 -1.00755956776932E-11 -1
		outer loop
			vertex -3.50684939675714 -3.32389099897142 1.78710492136587
			vertex -3.5068600655553 -3.32390111115993 1.78710492136587
			vertex -3.55135764803577 -3.2762940833077 1.78710492136587
		endloop
	endfacet
	facet normal -7.35015922982095E-12 -6.87463956002239E-12 -1
		outer loop
			vertex -3.55135764803577 -3.2762940833077 1.78710492136587
			vertex -3.5068600655553 -3.32390111115993 1.78710492136587
			vertex -3.55137348466302 -3.27630869333949 1.78710492136587
		endloop
	endfacet
	facet normal -7.43280073285139E-12 -6.78505983168665E-12 -1
		outer loop
			vertex -3.55135764803577 -3.2762940833077 1.78710492136587
			vertex -3.55137348466302 -3.27630869333949 1.78710492136587
			vertex -3.58563907375448 -3.23873995519003 1.78710492136587
		endloop
	endfacet
	facet normal 1.44486677225238E-10 1.31777230602207E-10 -1
		outer loop
			vertex -3.58563907375448 -3.23873995519003 1.78710492136587
			vertex -3.55137348466302 -3.27630869333949 1.78710492136587
			vertex -3.58565882281149 -3.2387577935889 1.78710492136586
		endloop
	endfacet
	facet normal 1.42731944659973E-10 1.33719911316717E-10 -1
		outer loop
			vertex -3.58563907375448 -3.23873995519003 1.78710492136587
			vertex -3.58565882281149 -3.2387577935889 1.78710492136586
			vertex -3.58667619600589 -3.23763131463853 1.78710492136587
		endloop
	endfacet
	facet normal -1.06444434852906E-11 -1.02131220555343E-11 -1
		outer loop
			vertex -3.46602629299251 -3.3664381474882 1.78710492136587
			vertex -3.5068600655553 -3.32390111115993 1.78710492136587
			vertex -3.50684939675714 -3.32389099897142 1.78710492136587
		endloop
	endfacet
	facet normal -0.722813684187139 0.685860645680617 0.0844722005063377
		outer loop
			vertex 2.92359511471446 -2.66520910191046 15.3459636401865
			vertex 2.81482442427448 -2.77984017745566 15.3459636401865
			vertex 2.92841537702247 -2.66960335161768 15.4228882906647
		endloop
	endfacet
	facet normal -0.726860865740742 0.679537365595075 0.0995100528324843
		outer loop
			vertex 2.92841537702247 -2.66960335161768 15.4228882906647
			vertex 2.81482442427448 -2.77984017745566 15.3459636401865
			vertex 2.82338260395967 -2.78478124480068 15.442217692007
		endloop
	endfacet
	facet normal -0.710780699492207 0.679002708915399 0.183701166340662
		outer loop
			vertex 2.92841537702247 -2.66960335161768 15.4228882906647
			vertex 2.82338260395967 -2.78478124480068 15.442217692007
			vertex 2.94513439967955 -2.6848447546206 15.5439137201084
		endloop
	endfacet
	facet normal -0.714180817318492 0.672490259256191 0.194171602918221
		outer loop
			vertex 2.94513439967955 -2.6848447546206 15.5439137201084
			vertex 2.82338260395967 -2.78478124480068 15.442217692007
			vertex 2.8404594779044 -2.79464058256959 15.5391746317472
		endloop
	endfacet
	facet normal -0.700298111040712 0.655428011881864 0.282836837970938
		outer loop
			vertex 2.94513439967955 -2.6848447546206 15.5439137201084
			vertex 2.8404594779044 -2.79464058256959 15.5391746317472
			vertex 2.86481073037322 -2.80869978473757 15.6320477214742
		endloop
	endfacet
	facet normal -0.686561327288719 0.660903589519023 0.303051133032733
		outer loop
			vertex 2.94513439967955 -2.6848447546206 15.5439137201084
			vertex 2.86481073037322 -2.80869978473757 15.6320477214742
			vertex 2.97271769071225 -2.70999024687806 15.6612416661872
		endloop
	endfacet
	facet normal -0.678573672386617 0.630200372572537 0.377339716373953
		outer loop
			vertex 2.97271769071225 -2.70999024687806 15.6612416661872
			vertex 2.86481073037322 -2.80869978473757 15.6320477214742
			vertex 2.89578340675957 -2.82658186778675 15.7176113045218
		endloop
	endfacet
	facet normal -0.652295343871195 0.63242080324268 0.417797453307034
		outer loop
			vertex 2.97271769071225 -2.70999024687806 15.6612416661872
			vertex 2.89578340675957 -2.82658186778675 15.7176113045218
			vertex 3.01074711554536 -2.74465864835934 15.773093556836
		endloop
	endfacet
	facet normal -0.651294647877519 0.595150742744816 0.470755642617688
		outer loop
			vertex 3.01074711554536 -2.74465864835934 15.773093556836
			vertex 2.89578340675957 -2.82658186778675 15.7176113045218
			vertex 2.93588777095819 -2.8497361332525 15.8023687294713
		endloop
	endfacet
	facet normal -0.616336239566626 0.585734626843453 0.526350250986387
		outer loop
			vertex 3.01074711554536 -2.74465864835934 15.773093556836
			vertex 2.93588777095819 -2.8497361332525 15.8023687294713
			vertex 3.05864618686348 -2.78832442143701 15.8777738314082
		endloop
	endfacet
	facet normal -0.618411542041372 0.563112376098857 0.548152913477902
		outer loop
			vertex 3.05864618686348 -2.78832442143701 15.8777738314082
			vertex 2.93588777095819 -2.8497361332525 15.8023687294713
			vertex 2.98361566565541 -2.87729184610379 15.8845217980579
		endloop
	endfacet
	facet normal -0.576497320908042 0.533152282340352 0.619192605593061
		outer loop
			vertex 3.05864618686348 -2.78832442143701 15.8777738314082
			vertex 2.98361566565541 -2.87729184610379 15.8845217980579
			vertex 3.03660045885904 -2.90788263072287 15.9601931441718
		endloop
	endfacet
	facet normal -0.565158002500027 0.536338324304878 0.626847377032093
		outer loop
			vertex 3.05864618686348 -2.78832442143701 15.8777738314082
			vertex 3.03660045885904 -2.90788263072287 15.9601931441718
			vertex 3.11568880357105 -2.84032563750165 15.9736956436466
		endloop
	endfacet
	facet normal -0.532201395636494 0.48424338501028 0.69445663547579
		outer loop
			vertex 3.11568880357105 -2.84032563750165 15.9736956436466
			vertex 3.03660045885904 -2.90788263072287 15.9601931441718
			vertex 3.09308864380863 -2.94049609950955 16.0262245492255
		endloop
	endfacet
	facet normal -0.496465169144898 0.488349031705095 0.717661172879391
		outer loop
			vertex 3.11568880357105 -2.84032563750165 15.9736956436466
			vertex 3.09308864380863 -2.94049609950955 16.0262245492255
			vertex 3.18101025774482 -2.89987401112484 16.0594049166547
		endloop
	endfacet
	facet normal -0.484312569464491 0.422440453372738 0.766149723234916
		outer loop
			vertex 3.18101025774482 -2.89987401112484 16.0594049166547
			vertex 3.09308864380863 -2.94049609950955 16.0262245492255
			vertex 3.15733996744864 -2.9775916185089 16.0872940374585
		endloop
	endfacet
	facet normal -0.433861019506606 0.418469048889626 0.797902419393562
		outer loop
			vertex 3.18101025774482 -2.89987401112484 16.0594049166547
			vertex 3.15733996744864 -2.9775916185089 16.0872940374585
			vertex 3.25362034272454 -2.96606684966272 16.1336023852211
		endloop
	endfacet
	facet normal -0.438748184038028 0.363830814177402 0.821661225602341
		outer loop
			vertex 3.25362034272454 -2.96606684966272 16.1336023852211
			vertex 3.15733996744864 -2.9775916185089 16.0872940374585
			vertex 3.22802397928015 -3.01840105176722 16.1431080514719
		endloop
	endfacet
	facet normal -0.369188426996959 0.337823045815073 0.865780281068897
		outer loop
			vertex 3.25362034272454 -2.96606684966272 16.1336023852211
			vertex 3.22802397928015 -3.01840105176722 16.1431080514719
			vertex 3.30179814961622 -3.06099458886999 16.1911868183896
		endloop
	endfacet
	facet normal -0.367868692773161 0.33863998665877 0.866022854382674
		outer loop
			vertex 3.25362034272454 -2.96606684966272 16.1336023852211
			vertex 3.30179814961622 -3.06099458886999 16.1911868183896
			vertex 3.33241836363656 -3.03790073715633 16.1951632913551
		endloop
	endfacet
	facet normal -0.317014844034834 0.263451778983766 0.911095356596585
		outer loop
			vertex 3.33241836363656 -3.03790073715633 16.1951632913551
			vertex 3.30179814961622 -3.06099458886999 16.1911868183896
			vertex 3.3755524547377 -3.10357665678578 16.2291625701369
		endloop
	endfacet
	facet normal -0.230551449282932 0.323638165601932 0.917662447199054
		outer loop
			vertex 3.33241836363656 -3.03790073715633 16.1951632913551
			vertex 3.3755524547377 -3.10357665678578 16.2291625701369
			vertex 3.41620982280615 -3.11428674509469 16.2431544344713
		endloop
	endfacet
	facet normal -0.298939499456277 0.104373321388463 0.948546986420373
		outer loop
			vertex 3.41620982280615 -3.11428674509469 16.2431544344713
			vertex 3.3755524547377 -3.10357665678578 16.2291625701369
			vertex 3.45394020913906 -3.14883384789057 16.2588467500665
		endloop
	endfacet
	facet normal -0.228897676279301 0.184193274823602 0.955865414848604
		outer loop
			vertex 3.41620982280615 -3.11428674509469 16.2431544344713
			vertex 3.45394020913906 -3.14883384789057 16.2588467500665
			vertex 3.77302606824001 -2.67086985315477 16.2431544344713
		endloop
	endfacet
	facet normal -0.174723579083433 0.148600673993706 0.973339360449834
		outer loop
			vertex 3.77302606824001 -2.67086985315477 16.2431544344713
			vertex 3.45394020913906 -3.14883384789057 16.2588467500665
			vertex 3.53718924311585 -3.19689770006685 16.2811286908582
		endloop
	endfacet
	facet normal -0.217192067952477 0.166805668484604 0.961771009429964
		outer loop
			vertex 3.77302606824001 -2.67086985315477 16.2431544344713
			vertex 3.53718924311585 -3.19689770006685 16.2811286908582
			vertex 3.86968150741809 -2.73929082188786 16.2768483177596
		endloop
	endfacet
	facet normal -0.112119941282768 0.0907211753222682 0.989544737298367
		outer loop
			vertex 3.86968150741809 -2.73929082188786 16.2768483177596
			vertex 3.53718924311585 -3.19689770006685 16.2811286908582
			vertex 3.62145647971559 -3.24554941180157 16.2951369287551
		endloop
	endfacet
	facet normal -0.120749643987463 0.0949015461734009 0.98813623555196
		outer loop
			vertex 3.86968150741809 -2.73929082188786 16.2768483177596
			vertex 3.62145647971559 -3.24554941180157 16.2951369287551
			vertex 3.96898387927996 -2.80958551547219 16.295734176295
		endloop
	endfacet
	facet normal -0.0413774110530483 0.0316157988139545 0.9986432551817
		outer loop
			vertex 3.96898387927996 -2.80958551547219 16.295734176295
			vertex 3.62145647971559 -3.24554941180157 16.2951369287551
			vertex 3.7028988419858 -3.29257018158172 16.3
		endloop
	endfacet
	facet normal -0.0362147532130841 0.0287741266322468 0.998929697869809
		outer loop
			vertex 3.96898387927996 -2.80958551547219 16.295734176295
			vertex 3.7028988419858 -3.29257018158172 16.3
			vertex 4.04429302938208 -2.86289575903706 16.3
		endloop
	endfacet
	facet normal -0.0393404244805237 0.0243585595696363 0.998928922184849
		outer loop
			vertex 3.96898387927996 -2.80958551547219 16.295734176295
			vertex 4.04429302938208 -2.86289575903706 16.3
			vertex 4.28416616582744 -2.30054864463128 16.295734176295
		endloop
	endfacet
	facet normal -0.0393404244805235 0.0243585595696362 0.998928922184849
		outer loop
			vertex 4.28416616582744 -2.30054864463128 16.295734176295
			vertex 4.04429302938208 -2.86289575903706 16.3
			vertex 4.36545571566135 -2.3442002109932 16.3
		endloop
	endfacet
	facet normal -0.0420356258622388 0.0193394565845368 0.998928922184849
		outer loop
			vertex 4.28416616582744 -2.30054864463128 16.295734176295
			vertex 4.36545571566135 -2.3442002109932 16.3
			vertex 4.53440486033949 -1.75663780138792 16.295734176295
		endloop
	endfacet
	facet normal -0.0420356258622384 0.0193394565845367 0.998928922184849
		outer loop
			vertex 4.53440486033949 -1.75663780138792 16.295734176295
			vertex 4.36545571566135 -2.3442002109932 16.3
			vertex 4.62044254319171 -1.7899689772968 16.3
		endloop
	endfacet
	facet normal -0.0434753466668081 0.0156235448814382 0.998932329578705
		outer loop
			vertex 4.53440486033949 -1.75663780138792 16.295734176295
			vertex 4.62044254319171 -1.7899689772968 16.3
			vertex 4.70289884198581 -1.56051937401284 16.3
		endloop
	endfacet
	facet normal -0.0482422352578097 0.0197253283873511 0.998640875468925
		outer loop
			vertex 4.70289884198581 -1.56051937401284 16.3
			vertex 4.62145647971544 -1.5134986042326 16.295136928755
			vertex 4.53440486033949 -1.75663780138792 16.295734176295
		endloop
	endfacet
	facet normal -0.14363664960604 0.0538538486478392 0.988164093597702
		outer loop
			vertex 4.53440486033949 -1.75663780138792 16.295734176295
			vertex 4.62145647971544 -1.5134986042326 16.295136928755
			vertex 4.4209558841508 -1.71268743386673 16.2768483177596
		endloop
	endfacet
	facet normal -0.139609548758947 0.0642305842158483 0.98812125063001
		outer loop
			vertex 4.53440486033949 -1.75663780138792 16.295734176295
			vertex 4.4209558841508 -1.71268743386673 16.2768483177596
			vertex 4.28416616582744 -2.30054864463128 16.295734176295
		endloop
	endfacet
	facet normal -0.139609548758947 0.0642305842158484 0.98812125063001
		outer loop
			vertex 4.28416616582744 -2.30054864463128 16.295734176295
			vertex 4.4209558841508 -1.71268743386673 16.2768483177596
			vertex 4.17697806059527 -2.24298984773414 16.2768483177596
		endloop
	endfacet
	facet normal -0.130658192831741 0.0809001279314776 0.98812125063001
		outer loop
			vertex 4.28416616582744 -2.30054864463128 16.295734176295
			vertex 4.17697806059527 -2.24298984773414 16.2768483177596
			vertex 3.96898387927996 -2.80958551547219 16.295734176295
		endloop
	endfacet
	facet normal -0.130658192831741 0.0809001279314775 0.98812125063001
		outer loop
			vertex 3.96898387927996 -2.80958551547219 16.295734176295
			vertex 4.17697806059527 -2.24298984773414 16.2768483177596
			vertex 3.86968150741809 -2.73929082188786 16.2768483177596
		endloop
	endfacet
	facet normal -0.137194321757581 0.0472541156570763 0.98941637677519
		outer loop
			vertex 4.62145647971544 -1.5134986042326 16.295136928755
			vertex 4.53718924311553 -1.46484689249778 16.2811286908581
			vertex 4.4209558841508 -1.71268743386673 16.2768483177596
		endloop
	endfacet
	facet normal -0.212700835921233 0.0829388106350749 0.973591037391393
		outer loop
			vertex 4.4209558841508 -1.71268743386673 16.2768483177596
			vertex 4.53718924311553 -1.46484689249778 16.2811286908581
			vertex 4.4539402091386 -1.41678304032142 16.2588467500664
		endloop
	endfacet
	facet normal -0.259582937946437 0.0874446020923646 0.961753679427328
		outer loop
			vertex 4.4209558841508 -1.71268743386673 16.2768483177596
			vertex 4.4539402091386 -1.41678304032142 16.2588467500664
			vertex 4.31053092236768 -1.66990857576747 16.2431544344713
		endloop
	endfacet
	facet normal -0.296337566157745 0.109068962324118 0.948835079632517
		outer loop
			vertex 4.31053092236768 -1.66990857576747 16.2431544344713
			vertex 4.4539402091386 -1.41678304032142 16.2588467500664
			vertex 4.37555245473714 -1.37152584921657 16.2291625701367
		endloop
	endfacet
	facet normal -0.369983468927877 0.123800530798604 0.92075276882238
		outer loop
			vertex 4.31053092236768 -1.66990857576747 16.2431544344713
			vertex 4.37555245473714 -1.37152584921657 16.2291625701367
			vertex 4.20480390484973 -1.62894971097256 16.1951632913551
		endloop
	endfacet
	facet normal -0.389293767920619 0.137933069817154 0.910727637940665
		outer loop
			vertex 4.20480390484973 -1.62894971097256 16.1951632913551
			vertex 4.37555245473714 -1.37152584921657 16.2291625701367
			vertex 4.30179814961552 -1.32894378130071 16.1911868183892
		endloop
	endfacet
	facet normal -0.472499656599968 0.164239901474959 0.86589221573843
		outer loop
			vertex 4.20480390484973 -1.62894971097256 16.1951632913551
			vertex 4.30179814961552 -1.32894378130071 16.1911868183892
			vertex 4.10537754541035 -1.59043173412112 16.1336023852211
		endloop
	endfacet
	facet normal -0.470983096419771 0.162861582682095 0.866978101092022
		outer loop
			vertex 4.10537754541035 -1.59043173412112 16.1336023852211
			vertex 4.30179814961552 -1.32894378130071 16.1911868183892
			vertex 4.22802397927932 -1.28635024419786 16.1431080514713
		endloop
	endfacet
	facet normal -0.53787760415229 0.191278579283962 0.821036045529367
		outer loop
			vertex 4.10537754541035 -1.59043173412112 16.1336023852211
			vertex 4.22802397927932 -1.28635024419786 16.1431080514713
			vertex 4.15733996744774 -1.2455408109395 16.0872940374577
		endloop
	endfacet
	facet normal -0.571217987204758 0.193174193651113 0.797742904701124
		outer loop
			vertex 4.10537754541035 -1.59043173412112 16.1336023852211
			vertex 4.15733996744774 -1.2455408109395 16.0872940374577
			vertex 4.01375904630899 -1.55493853847917 16.0594049166547
		endloop
	endfacet
	facet normal -0.60610377854699 0.212173962574276 0.766564034661549
		outer loop
			vertex 4.01375904630899 -1.55493853847917 16.0594049166547
			vertex 4.15733996744774 -1.2455408109395 16.0872940374577
			vertex 4.09308864380772 -1.20844529194014 16.0262245492245
		endloop
	endfacet
	facet normal -0.660889584679931 0.220019448589304 0.717507072511517
		outer loop
			vertex 4.01375904630899 -1.55493853847917 16.0594049166547
			vertex 4.09308864380772 -1.20844529194014 16.0262245492245
			vertex 3.93133725060127 -1.52300816471285 15.9736956436466
		endloop
	endfacet
	facet normal -0.679135440591963 0.232983812350769 0.696055742390264
		outer loop
			vertex 3.93133725060127 -1.52300816471285 15.9736956436466
			vertex 4.09308864380772 -1.20844529194014 16.0262245492245
			vertex 4.03660045885811 -1.17583182315345 15.9601931441706
		endloop
	endfacet
	facet normal -0.738764814441314 0.248359440112255 0.626533428837295
		outer loop
			vertex 3.93133725060127 -1.52300816471285 15.9736956436466
			vertex 4.03660045885811 -1.17583182315345 15.9601931441706
			vertex 3.85936158869396 -1.49512464474043 15.8777738314082
		endloop
	endfacet
	facet normal -0.742092179401227 0.25155634287499 0.621303954301675
		outer loop
			vertex 3.85936158869396 -1.49512464474043 15.8777738314082
			vertex 4.03660045885811 -1.17583182315345 15.9601931441706
			vertex 3.98361566565444 -1.14524103853436 15.8845217980564
		endloop
	endfacet
	facet normal -0.80451814835102 0.275561146562617 0.526133636521124
		outer loop
			vertex 3.85936158869396 -1.49512464474043 15.8777738314082
			vertex 3.98361566565444 -1.14524103853436 15.8845217980564
			vertex 3.79892313825363 -1.4717106643018 15.773093556836
		endloop
	endfacet
	facet normal -0.793816846442749 0.261715331628009 0.548962566569461
		outer loop
			vertex 3.79892313825363 -1.4717106643018 15.773093556836
			vertex 3.98361566565444 -1.14524103853436 15.8845217980564
			vertex 3.93588777095727 -1.11768532568309 15.8023687294696
		endloop
	endfacet
	facet normal -0.834470253604647 0.283777165085676 0.472366294759622
		outer loop
			vertex 3.79892313825363 -1.4717106643018 15.773093556836
			vertex 3.93588777095727 -1.11768532568309 15.8023687294696
			vertex 3.89578340675876 -1.0945310602174 15.7176113045198
		endloop
	endfacet
	facet normal -0.863445933410126 0.283144634661208 0.417480821044618
		outer loop
			vertex 3.79892313825363 -1.4717106643018 15.773093556836
			vertex 3.89578340675876 -1.0945310602174 15.7176113045198
			vertex 3.75093808458139 -1.45312115547352 15.6612416661872
		endloop
	endfacet
	facet normal -0.877163309297426 0.294716875389751 0.379112769743899
		outer loop
			vertex 3.75093808458139 -1.45312115547352 15.6612416661872
			vertex 3.89578340675876 -1.0945310602174 15.7176113045198
			vertex 3.86481073037256 -1.07664897716831 15.6320477214722
		endloop
	endfacet
	facet normal -0.905484088938904 0.297363549706386 0.302776293630297
		outer loop
			vertex 3.75093808458139 -1.45312115547352 15.6612416661872
			vertex 3.86481073037256 -1.07664897716831 15.6320477214722
			vertex 3.71613383217764 -1.43963791626032 15.5439137201084
		endloop
	endfacet
	facet normal -0.90942190920055 0.30344186642053 0.284384993924173
		outer loop
			vertex 3.71613383217764 -1.43963791626032 15.5439137201084
			vertex 3.86481073037256 -1.07664897716831 15.6320477214722
			vertex 3.84045947790401 -1.06258977500049 15.5391746317458
		endloop
	endfacet
	facet normal -0.932882467702179 0.309910070593653 0.183537597234274
		outer loop
			vertex 3.71613383217764 -1.43963791626032 15.5439137201084
			vertex 3.84045947790401 -1.06258977500049 15.5391746317458
			vertex 3.69503797803132 -1.43146533882461 15.4228882906647
		endloop
	endfacet
	facet normal -0.931858414733035 0.305821920435404 0.195225121007613
		outer loop
			vertex 3.69503797803132 -1.43146533882461 15.4228882906647
			vertex 3.84045947790401 -1.06258977500049 15.5391746317458
			vertex 3.82338260395956 -1.05273043723174 15.4422176920065
		endloop
	endfacet
	facet normal -0.943882800795342 0.314752595031115 0.100080279195851
		outer loop
			vertex 3.69503797803132 -1.43146533882461 15.4228882906647
			vertex 3.82338260395956 -1.05273043723174 15.4422176920065
			vertex 3.81482442427451 -1.0477893698868 15.3459636401864
		endloop
	endfacet
	facet normal -0.94621744092371 0.312333844310783 0.0843808283310425
		outer loop
			vertex 3.81482442427451 -1.0477893698868 15.3459636401864
			vertex 3.68895583120478 -1.42910910259115 15.3459636401865
			vertex 3.69503797803132 -1.43146533882461 15.4228882906647
		endloop
	endfacet
	facet normal -0.905229224014439 0.416471526658239 0.0843298255255611
		outer loop
			vertex 3.69503797803132 -1.43146533882461 15.4228882906647
			vertex 3.68895583120478 -1.42910910259115 15.3459636401865
			vertex 3.49112114478106 -1.8746924621955 15.4228882906647
		endloop
	endfacet
	facet normal -0.8930540620689 0.410870063351207 0.183412740190021
		outer loop
			vertex 3.69503797803132 -1.43146533882461 15.4228882906647
			vertex 3.49112114478106 -1.8746924621955 15.4228882906647
			vertex 3.51105278903351 -1.88539552911573 15.5439137201084
		endloop
	endfacet
	facet normal -0.835794047672478 0.517501764838773 0.183412740190019
		outer loop
			vertex 3.51105278903351 -1.88539552911573 15.5439137201084
			vertex 3.49112114478106 -1.8746924621955 15.4228882906647
			vertex 3.25274776457778 -2.30257246761613 15.5439137201084
		endloop
	endfacet
	facet normal -0.810348745929693 0.501746701022015 0.302630398314014
		outer loop
			vertex 3.51105278903351 -1.88539552911573 15.5439137201084
			vertex 3.25274776457778 -2.30257246761613 15.5439137201084
			vertex 3.28321207488432 -2.32413770637231 15.6612416661872
		endloop
	endfacet
	facet normal -0.742547921012304 0.597526088984077 0.302630398314014
		outer loop
			vertex 3.28321207488432 -2.32413770637231 15.6612416661872
			vertex 3.25274776457778 -2.30257246761613 15.5439137201084
			vertex 2.97271769071225 -2.70999024687806 15.6612416661872
		endloop
	endfacet
	facet normal -0.708002045350807 0.56972712626339 0.417305769644673
		outer loop
			vertex 3.28321207488432 -2.32413770637231 15.6612416661872
			vertex 2.97271769071225 -2.70999024687806 15.6612416661872
			vertex 3.01074711554536 -2.74465864835934 15.773093556836
		endloop
	endfacet
	facet normal -0.905229224014439 0.41647152665824 0.0843298255255645
		outer loop
			vertex 3.68895583120478 -1.42910910259115 15.3459636401865
			vertex 3.48537465137069 -1.8716066604047 15.3459636401865
			vertex 3.49112114478106 -1.8746924621955 15.4228882906647
		endloop
	endfacet
	facet normal -0.847188573844785 0.5245569567489 0.0843298255255647
		outer loop
			vertex 3.49112114478106 -1.8746924621955 15.4228882906647
			vertex 3.48537465137069 -1.8716066604047 15.3459636401865
			vertex 3.23428247362886 -2.28950115879578 15.4228882906647
		endloop
	endfacet
	facet normal -0.835794047672477 0.517501764838773 0.183412740190021
		outer loop
			vertex 3.49112114478106 -1.8746924621955 15.4228882906647
			vertex 3.23428247362886 -2.28950115879578 15.4228882906647
			vertex 3.25274776457778 -2.30257246761613 15.5439137201084
		endloop
	endfacet
	facet normal -0.76586424747488 0.616288667083636 0.18341274019002
		outer loop
			vertex 3.25274776457778 -2.30257246761613 15.5439137201084
			vertex 3.23428247362886 -2.28950115879578 15.4228882906647
			vertex 2.94513439967955 -2.6848447546206 15.5439137201084
		endloop
	endfacet
	facet normal -0.742547921012304 0.597526088984077 0.302630398314013
		outer loop
			vertex 3.25274776457778 -2.30257246761613 15.5439137201084
			vertex 2.94513439967955 -2.6848447546206 15.5439137201084
			vertex 2.97271769071225 -2.70999024687806 15.6612416661872
		endloop
	endfacet
	facet normal -0.847188573844785 0.5245569567489 0.0843298255255676
		outer loop
			vertex 3.48537465137069 -1.8716066604047 15.3459636401865
			vertex 3.22895874461712 -2.28573256905729 15.3459636401865
			vertex 3.23428247362886 -2.28950115879578 15.4228882906647
		endloop
	endfacet
	facet normal -0.776305408472124 0.624690638079166 0.084329825525569
		outer loop
			vertex 3.23428247362886 -2.28950115879578 15.4228882906647
			vertex 3.22895874461712 -2.28573256905729 15.3459636401865
			vertex 2.92841537702247 -2.66960335161768 15.4228882906647
		endloop
	endfacet
	facet normal -0.76586424747488 0.616288667083636 0.183412740190018
		outer loop
			vertex 3.23428247362886 -2.28950115879578 15.4228882906647
			vertex 2.92841537702247 -2.66960335161768 15.4228882906647
			vertex 2.94513439967955 -2.6848447546206 15.5439137201084
		endloop
	endfacet
	facet normal -0.776305408472125 0.624690638079166 0.0843298255255652
		outer loop
			vertex 3.22895874461712 -2.28573256905729 15.3459636401865
			vertex 2.92359511471446 -2.66520910191046 15.3459636401865
			vertex 2.92841537702247 -2.66960335161768 15.4228882906647
		endloop
	endfacet
	facet normal -0.30416378023586 0.244759683344307 0.920639501760502
		outer loop
			vertex 3.33241836363656 -3.03790073715633 16.1951632913551
			vertex 3.41620982280615 -3.11428674509469 16.2431544344713
			vertex 3.68048275967853 -2.60535980141443 16.1951632913551
		endloop
	endfacet
	facet normal -0.30416378023586 0.244759683344307 0.920639501760502
		outer loop
			vertex 3.68048275967853 -2.60535980141443 16.1951632913551
			vertex 3.41620982280615 -3.11428674509469 16.2431544344713
			vertex 3.77302606824001 -2.67086985315477 16.2431544344713
		endloop
	endfacet
	facet normal -0.331936472915234 0.205526362656397 0.920639501760502
		outer loop
			vertex 3.68048275967853 -2.60535980141443 16.1951632913551
			vertex 3.77302606824001 -2.67086985315477 16.2431544344713
			vertex 3.97275478876132 -2.13332426684064 16.1951632913551
		endloop
	endfacet
	facet normal -0.331936472915233 0.205526362656397 0.920639501760502
		outer loop
			vertex 3.97275478876132 -2.13332426684064 16.1951632913551
			vertex 3.77302606824001 -2.67086985315477 16.2431544344713
			vertex 4.07264708449036 -2.18696529677585 16.2431544344713
		endloop
	endfacet
	facet normal -0.354677347022622 0.163177471812652 0.920639501760502
		outer loop
			vertex 3.97275478876132 -2.13332426684064 16.1951632913551
			vertex 4.07264708449036 -2.18696529677585 16.2431544344713
			vertex 4.20480390484973 -1.62894971097256 16.1951632913551
		endloop
	endfacet
	facet normal -0.354677347022623 0.163177471812653 0.920639501760502
		outer loop
			vertex 4.20480390484973 -1.62894971097256 16.1951632913551
			vertex 4.07264708449036 -2.18696529677585 16.2431544344713
			vertex 4.31053092236768 -1.66990857576747 16.2431544344713
		endloop
	endfacet
	facet normal -0.390095067092527 0.313908332615096 0.865613884676585
		outer loop
			vertex 3.25362034272454 -2.96606684966272 16.1336023852211
			vertex 3.33241836363656 -3.03790073715633 16.1951632913551
			vertex 3.59345444395799 -2.54375373227395 16.1336023852211
		endloop
	endfacet
	facet normal -0.390095067092526 0.313908332615095 0.865613884676585
		outer loop
			vertex 3.59345444395799 -2.54375373227395 16.1336023852211
			vertex 3.33241836363656 -3.03790073715633 16.1951632913551
			vertex 3.68048275967853 -2.60535980141443 16.1951632913551
		endloop
	endfacet
	facet normal -0.425714003724953 0.263590951452403 0.865613884676585
		outer loop
			vertex 3.59345444395799 -2.54375373227395 16.1336023852211
			vertex 3.68048275967853 -2.60535980141443 16.1951632913551
			vertex 3.8788154387868 -2.08287990126368 16.1336023852211
		endloop
	endfacet
	facet normal -0.425714003724951 0.263590951452402 0.865613884676586
		outer loop
			vertex 3.8788154387868 -2.08287990126368 16.1336023852211
			vertex 3.68048275967853 -2.60535980141443 16.1951632913551
			vertex 3.97275478876132 -2.13332426684064 16.1951632913551
		endloop
	endfacet
	facet normal -0.454879550009868 0.209277800155512 0.865613884676586
		outer loop
			vertex 3.8788154387868 -2.08287990126368 16.1336023852211
			vertex 3.97275478876132 -2.13332426684064 16.1951632913551
			vertex 4.10537754541035 -1.59043173412112 16.1336023852211
		endloop
	endfacet
	facet normal -0.454879550009869 0.209277800155512 0.865613884676585
		outer loop
			vertex 4.10537754541035 -1.59043173412112 16.1336023852211
			vertex 3.97275478876132 -2.13332426684064 16.1951632913551
			vertex 4.20480390484973 -1.62894971097256 16.1951632913551
		endloop
	endfacet
	facet normal -0.470068519917967 0.378262730677636 0.797466546735617
		outer loop
			vertex 3.18101025774482 -2.89987401112484 16.0594049166547
			vertex 3.25362034272454 -2.96606684966272 16.1336023852211
			vertex 3.51326038163293 -2.48698553094373 16.0594049166547
		endloop
	endfacet
	facet normal -0.470068519917967 0.378262730677636 0.797466546735617
		outer loop
			vertex 3.51326038163293 -2.48698553094373 16.0594049166547
			vertex 3.25362034272454 -2.96606684966272 16.1336023852211
			vertex 3.59345444395799 -2.54375373227395 16.1336023852211
		endloop
	endfacet
	facet normal -0.512989700512863 0.317629775060987 0.797466546735617
		outer loop
			vertex 3.51326038163293 -2.48698553094373 16.0594049166547
			vertex 3.59345444395799 -2.54375373227395 16.1336023852211
			vertex 3.79225305935592 -2.03639688520697 16.0594049166547
		endloop
	endfacet
	facet normal -0.512989700512863 0.317629775060986 0.797466546735617
		outer loop
			vertex 3.79225305935592 -2.03639688520697 16.0594049166547
			vertex 3.59345444395799 -2.54375373227395 16.1336023852211
			vertex 3.8788154387868 -2.08287990126368 16.1336023852211
		endloop
	endfacet
	facet normal -0.548134480160892 0.252181875828377 0.797466546735617
		outer loop
			vertex 3.79225305935592 -2.03639688520697 16.0594049166547
			vertex 3.8788154387868 -2.08287990126368 16.1336023852211
			vertex 4.01375904630899 -1.55493853847917 16.0594049166547
		endloop
	endfacet
	facet normal -0.548134480160891 0.252181875828376 0.797466546735618
		outer loop
			vertex 4.01375904630899 -1.55493853847917 16.0594049166547
			vertex 3.8788154387868 -2.08287990126368 16.1336023852211
			vertex 4.10537754541035 -1.59043173412112 16.1336023852211
		endloop
	endfacet
	facet normal -0.542874872176206 0.436849784370755 0.717251099026619
		outer loop
			vertex 3.11568880357105 -2.84032563750165 15.9736956436466
			vertex 3.18101025774482 -2.89987401112484 16.0594049166547
			vertex 3.44111623294287 -2.43591574548961 15.9736956436466
		endloop
	endfacet
	facet normal -0.542874872176204 0.436849784370755 0.717251099026621
		outer loop
			vertex 3.44111623294287 -2.43591574548961 15.9736956436466
			vertex 3.18101025774482 -2.89987401112484 16.0594049166547
			vertex 3.51326038163293 -2.48698553094373 16.0594049166547
		endloop
	endfacet
	facet normal -0.592443880611766 0.366825720568741 0.717251099026621
		outer loop
			vertex 3.44111623294287 -2.43591574548961 15.9736956436466
			vertex 3.51326038163293 -2.48698553094373 16.0594049166547
			vertex 3.71437984790401 -1.99457985381175 15.9736956436466
		endloop
	endfacet
	facet normal -0.592443880611768 0.366825720568741 0.717251099026619
		outer loop
			vertex 3.71437984790401 -1.99457985381175 15.9736956436466
			vertex 3.51326038163293 -2.48698553094373 16.0594049166547
			vertex 3.79225305935592 -2.03639688520697 16.0594049166547
		endloop
	endfacet
	facet normal -0.633032043721296 0.291240952764455 0.717251099026619
		outer loop
			vertex 3.71437984790401 -1.99457985381175 15.9736956436466
			vertex 3.79225305935592 -2.03639688520697 16.0594049166547
			vertex 3.93133725060127 -1.52300816471285 15.9736956436466
		endloop
	endfacet
	facet normal -0.633032043721296 0.291240952764455 0.717251099026618
		outer loop
			vertex 3.93133725060127 -1.52300816471285 15.9736956436466
			vertex 3.79225305935592 -2.03639688520697 16.0594049166547
			vertex 4.01375904630899 -1.55493853847917 16.0594049166547
		endloop
	endfacet
	facet normal -0.607419084526586 0.488788318815377 0.626201273667278
		outer loop
			vertex 3.05864618686348 -2.78832442143701 15.8777738314082
			vertex 3.11568880357105 -2.84032563750165 15.9736956436466
			vertex 3.37811562964225 -2.39131854180142 15.8777738314082
		endloop
	endfacet
	facet normal -0.607419084526586 0.488788318815378 0.626201273667278
		outer loop
			vertex 3.37811562964225 -2.39131854180142 15.8777738314082
			vertex 3.11568880357105 -2.84032563750165 15.9736956436466
			vertex 3.44111623294287 -2.43591574548961 15.9736956436466
		endloop
	endfacet
	facet normal -0.662881518446436 0.410438859465849 0.626201273667278
		outer loop
			vertex 3.37811562964225 -2.39131854180142 15.8777738314082
			vertex 3.44111623294287 -2.43591574548961 15.9736956436466
			vertex 3.64637628293711 -1.95806271064802 15.8777738314082
		endloop
	endfacet
	facet normal -0.662881518446435 0.410438859465848 0.626201273667279
		outer loop
			vertex 3.64637628293711 -1.95806271064802 15.8777738314082
			vertex 3.44111623294287 -2.43591574548961 15.9736956436466
			vertex 3.71437984790401 -1.99457985381175 15.9736956436466
		endloop
	endfacet
	facet normal -0.708295344250851 0.325867565385151 0.626201273667279
		outer loop
			vertex 3.64637628293711 -1.95806271064802 15.8777738314082
			vertex 3.71437984790401 -1.99457985381175 15.9736956436466
			vertex 3.85936158869396 -1.49512464474043 15.8777738314082
		endloop
	endfacet
	facet normal -0.708295344250851 0.325867565385151 0.626201273667279
		outer loop
			vertex 3.85936158869396 -1.49512464474043 15.8777738314082
			vertex 3.71437984790401 -1.99457985381175 15.9736956436466
			vertex 3.93133725060127 -1.52300816471285 15.9736956436466
		endloop
	endfacet
	facet normal -0.662735766841809 0.53330148746627 0.525709831385016
		outer loop
			vertex 3.01074711554536 -2.74465864835934 15.773093556836
			vertex 3.05864618686348 -2.78832442143701 15.8777738314082
			vertex 3.32521359665785 -2.35386996802717 15.773093556836
		endloop
	endfacet
	facet normal -0.66273576684181 0.533301487466271 0.525709831385015
		outer loop
			vertex 3.32521359665785 -2.35386996802717 15.773093556836
			vertex 3.05864618686348 -2.78832442143701 15.8777738314082
			vertex 3.37811562964225 -2.39131854180142 15.8777738314082
		endloop
	endfacet
	facet normal -0.72324907571065 0.44781686845052 0.525709831385015
		outer loop
			vertex 3.32521359665785 -2.35386996802717 15.773093556836
			vertex 3.37811562964225 -2.39131854180142 15.8777738314082
			vertex 3.58927322918109 -1.92739901838264 15.773093556836
		endloop
	endfacet
	facet normal -0.72324907571065 0.44781686845052 0.525709831385015
		outer loop
			vertex 3.58927322918109 -1.92739901838264 15.773093556836
			vertex 3.37811562964225 -2.39131854180142 15.8777738314082
			vertex 3.64637628293711 -1.95806271064802 15.8777738314082
		endloop
	endfacet
	facet normal -0.772798665831229 0.355543802188438 0.525709831385015
		outer loop
			vertex 3.58927322918109 -1.92739901838264 15.773093556836
			vertex 3.64637628293711 -1.95806271064802 15.8777738314082
			vertex 3.79892313825363 -1.4717106643018 15.773093556836
		endloop
	endfacet
	facet normal -0.77279866583123 0.355543802188438 0.525709831385015
		outer loop
			vertex 3.79892313825363 -1.4717106643018 15.773093556836
			vertex 3.64637628293711 -1.95806271064802 15.8777738314082
			vertex 3.85936158869396 -1.49512464474043 15.8777738314082
		endloop
	endfacet
	facet normal -0.233081906244804 0.144318206344704 0.961688660793469
		outer loop
			vertex 3.77302606824001 -2.67086985315477 16.2431544344713
			vertex 3.86968150741809 -2.73929082188786 16.2768483177596
			vertex 4.07264708449036 -2.18696529677585 16.2431544344713
		endloop
	endfacet
	facet normal -0.233081906244805 0.144318206344704 0.961688660793469
		outer loop
			vertex 4.07264708449036 -2.18696529677585 16.2431544344713
			vertex 3.86968150741809 -2.73929082188786 16.2768483177596
			vertex 4.17697806059527 -2.24298984773414 16.2768483177596
		endloop
	endfacet
	facet normal -0.249050281880274 0.114581310852253 0.961688660793469
		outer loop
			vertex 4.07264708449036 -2.18696529677585 16.2431544344713
			vertex 4.17697806059527 -2.24298984773414 16.2768483177596
			vertex 4.31053092236768 -1.66990857576747 16.2431544344713
		endloop
	endfacet
	facet normal -0.249050281880272 0.114581310852253 0.961688660793469
		outer loop
			vertex 4.31053092236768 -1.66990857576747 16.2431544344713
			vertex 4.17697806059527 -2.24298984773414 16.2768483177596
			vertex 4.4209558841508 -1.71268743386673 16.2768483177596
		endloop
	endfacet
	facet normal -0.708002045350809 0.569727126263391 0.417305769644668
		outer loop
			vertex 3.01074711554536 -2.74465864835934 15.773093556836
			vertex 3.32521359665785 -2.35386996802717 15.773093556836
			vertex 3.28321207488432 -2.32413770637231 15.6612416661872
		endloop
	endfacet
	facet normal -0.772648543387651 0.478403723879958 0.41730576964467
		outer loop
			vertex 3.28321207488432 -2.32413770637231 15.6612416661872
			vertex 3.32521359665785 -2.35386996802717 15.773093556836
			vertex 3.54393631072326 -1.90305360733349 15.6612416661872
		endloop
	endfacet
	facet normal -0.810348745929694 0.501746701022015 0.302630398314012
		outer loop
			vertex 3.28321207488432 -2.32413770637231 15.6612416661872
			vertex 3.54393631072326 -1.90305360733349 15.6612416661872
			vertex 3.51105278903351 -1.88539552911573 15.5439137201084
		endloop
	endfacet
	facet normal -0.865865509882816 0.398361344524885 0.302630398314012
		outer loop
			vertex 3.51105278903351 -1.88539552911573 15.5439137201084
			vertex 3.54393631072326 -1.90305360733349 15.6612416661872
			vertex 3.71613383217764 -1.43963791626032 15.5439137201084
		endloop
	endfacet
	facet normal -0.893054062068901 0.410870063351207 0.183412740190018
		outer loop
			vertex 3.51105278903351 -1.88539552911573 15.5439137201084
			vertex 3.71613383217764 -1.43963791626032 15.5439137201084
			vertex 3.69503797803132 -1.43146533882461 15.4228882906647
		endloop
	endfacet
	facet normal -0.772648543387649 0.478403723879958 0.417305769644673
		outer loop
			vertex 3.32521359665785 -2.35386996802717 15.773093556836
			vertex 3.58927322918109 -1.92739901838264 15.773093556836
			vertex 3.54393631072326 -1.90305360733349 15.6612416661872
		endloop
	endfacet
	facet normal -0.825582477101292 0.379828208700409 0.417305769644674
		outer loop
			vertex 3.54393631072326 -1.90305360733349 15.6612416661872
			vertex 3.58927322918109 -1.92739901838264 15.773093556836
			vertex 3.75093808458139 -1.45312115547352 15.6612416661872
		endloop
	endfacet
	facet normal -0.865865509882815 0.398361344524885 0.302630398314013
		outer loop
			vertex 3.54393631072326 -1.90305360733349 15.6612416661872
			vertex 3.75093808458139 -1.45312115547352 15.6612416661872
			vertex 3.71613383217764 -1.43963791626032 15.5439137201084
		endloop
	endfacet
	facet normal -0.825582477101291 0.379828208700409 0.417305769644675
		outer loop
			vertex 3.79892313825363 -1.4717106643018 15.773093556836
			vertex 3.75093808458139 -1.45312115547352 15.6612416661872
			vertex 3.58927322918109 -1.92739901838264 15.773093556836
		endloop
	endfacet
	facet normal -0.232565900521846 -0.968905335549394 0.0844722005063186
		outer loop
			vertex 0.846341231294732 3.86451219067803 15.3459636401865
			vertex 1 3.82762954734244 15.3459636401865
			vertex 0.847736632017762 3.87088378514328 15.4228882906647
		endloop
	endfacet
	facet normal -0.225066188555711 -0.969248657545772 0.0995100528324856
		outer loop
			vertex 0.847736632017762 3.87088378514328 15.4228882906647
			vertex 1 3.82762954734244 15.3459636401865
			vertex 1 3.83751168203248 15.442217692007
		endloop
	endfacet
	facet normal -0.232643245413077 -0.955055496737625 0.183701166340659
		outer loop
			vertex 0.847736632017762 3.87088378514328 15.4228882906647
			vertex 1 3.83751168203248 15.442217692007
			vertex 0.852576562879059 3.89298358499223 15.5439137201084
		endloop
	endfacet
	facet normal -0.225303239654184 -0.954743860321445 0.19417160291823
		outer loop
			vertex 0.852576562879059 3.89298358499223 15.5439137201084
			vertex 1 3.83751168203248 15.442217692007
			vertex 1 3.85723035757029 15.5391746317472
		endloop
	endfacet
	facet normal -0.217468253121257 -0.934189960324448 0.282836837970931
		outer loop
			vertex 0.852576562879059 3.89298358499223 15.5439137201084
			vertex 1 3.85723035757029 15.5391746317472
			vertex 1 3.88534876190624 15.6320477214742
		endloop
	endfacet
	facet normal -0.229078634331434 -0.925031345447505 0.303051133032733
		outer loop
			vertex 0.852576562879059 3.89298358499223 15.5439137201084
			vertex 1 3.88534876190624 15.6320477214742
			vertex 0.860561552448333 3.92944416187525 15.6612416661872
		endloop
	endfacet
	facet normal -0.206482695928916 -0.90276222491237 0.377339716373977
		outer loop
			vertex 0.860561552448333 3.92944416187525 15.6612416661872
			vertex 1 3.88534876190624 15.6320477214742
			vertex 1 3.92111292800461 15.7176113045218
		endloop
	endfacet
	facet normal -0.221544809554305 -0.881114740184107 0.417797453307032
		outer loop
			vertex 0.860561552448333 3.92944416187525 15.6612416661872
			vertex 1 3.92111292800461 15.7176113045218
			vertex 0.871570556423163 3.97971281061268 15.773093556836
		endloop
	endfacet
	facet normal -0.189768338359414 -0.861613081783189 0.470755642617678
		outer loop
			vertex 0.871570556423163 3.97971281061268 15.773093556836
			vertex 1 3.92111292800461 15.7176113045218
			vertex 1 3.96742145893612 15.8023687294713
		endloop
	endfacet
	facet normal -0.199092946939304 -0.826630154159398 0.526350250986388
		outer loop
			vertex 0.871570556423163 3.97971281061268 15.773093556836
			vertex 1 3.96742145893612 15.8023687294713
			vertex 0.885436689525253 4.04302750973068 15.8777738314082
		endloop
	endfacet
	facet normal -0.178463851866338 -0.81711629345077 0.548152913477895
		outer loop
			vertex 0.885436689525253 4.04302750973068 15.8777738314082
			vertex 1 3.96742145893612 15.8023687294713
			vertex 1 4.0225328846387 15.8845217980579
		endloop
	endfacet
	facet normal -0.173474760138377 -0.765837466290212 0.619192605593059
		outer loop
			vertex 0.885436689525253 4.04302750973068 15.8777738314082
			vertex 1 4.0225328846387 15.8845217980579
			vertex 1 4.08371445387685 15.9601931441718
		endloop
	endfacet
	facet normal -0.18190361262119 -0.757610349469531 0.626847377032093
		outer loop
			vertex 0.885436689525253 4.04302750973068 15.8777738314082
			vertex 1 4.08371445387685 15.9601931441718
			vertex 0.901949755311132 4.11842847293009 15.9736956436466
		endloop
	endfacet
	facet normal -0.153266375215223 -0.703021621055864 0.694456635475803
		outer loop
			vertex 0.901949755311132 4.11842847293009 15.9736956436466
			vertex 1 4.08371445387685 15.9601931441718
			vertex 1 4.1489413914502 16.0262245492255
		endloop
	endfacet
	facet normal -0.174690082797687 -0.674125964426168 0.717661172879393
		outer loop
			vertex 0.901949755311132 4.11842847293009 15.9736956436466
			vertex 1 4.1489413914502 16.0262245492255
			vertex 0.920859432535979 4.20477269846831 16.0594049166547
		endloop
	endfacet
	facet normal -0.123687879474737 -0.630647215214722 0.766149723234929
		outer loop
			vertex 0.920859432535979 4.20477269846831 16.0594049166547
			vertex 1 4.1489413914502 16.0262245492255
			vertex 1 4.22313242944891 16.0872940374585
		endloop
	endfacet
	facet normal -0.145474317282596 -0.584969189049357 0.797902419393562
		outer loop
			vertex 0.920859432535979 4.20477269846831 16.0594049166547
			vertex 1 4.22313242944891 16.0872940374585
			vertex 0.941879069768528 4.30075129590064 16.1336023852211
		endloop
	endfacet
	facet normal -0.09571263573825 -0.561882480329973 0.8216612256023
		outer loop
			vertex 0.941879069768528 4.30075129590064 16.1336023852211
			vertex 1 4.22313242944891 16.0872940374585
			vertex 1 4.30475129596555 16.1431080514719
		endloop
	endfacet
	facet normal -0.107969126161294 -0.488638079470065 0.865780281068917
		outer loop
			vertex 0.941879069768528 4.30075129590064 16.1336023852211
			vertex 1 4.30475129596555 16.1431080514719
			vertex 1 4.3899383701711 16.1911868183896
		endloop
	endfacet
	facet normal -0.10933648479711 -0.487903626527921 0.866022854382674
		outer loop
			vertex 0.941879069768528 4.30075129590064 16.1336023852211
			vertex 1 4.3899383701711 16.1911868183896
			vertex 0.964690030734574 4.4049093275252 16.1951632913551
		endloop
	endfacet
	facet normal -0.0696485112547012 -0.406268797802814 0.911095356596586
		outer loop
			vertex 0.964690030734574 4.4049093275252 16.1951632913551
			vertex 1 4.3899383701711 16.1911868183896
			vertex 1 4.47510250600266 16.2291625701369
		endloop
	endfacet
	facet normal -0.165003148404004 -0.361482494759304 0.917662447199054
		outer loop
			vertex 0.964690030734574 4.4049093275252 16.1951632913551
			vertex 1 4.47510250600266 16.2291625701369
			vertex 0.988946524518082 4.5156678637554 16.2431544344713
		endloop
	endfacet
	facet normal 0.0590798019284599 -0.311075861417972 0.948546986420368
		outer loop
			vertex 0.988946524518082 4.5156678637554 16.2431544344713
			vertex 1 4.47510250600266 16.2291625701369
			vertex 1 4.56561688821225 16.2588467500665
		endloop
	endfacet
	facet normal -0.0450672170638363 -0.290327839936896 0.955865414848606
		outer loop
			vertex 0.988946524518082 4.5156678637554 16.2431544344713
			vertex 1 4.56561688821225 16.2588467500665
			vertex 0.426528108914039 4.60297135081416 16.2431544344713
		endloop
	endfacet
	facet normal -0.0413301691563199 -0.225615395123213 0.973339360449842
		outer loop
			vertex 0.426528108914039 4.60297135081416 16.2431544344713
			vertex 1 4.56561688821225 16.2588467500665
			vertex 1 4.6617445925648 16.2811286908582
		endloop
	endfacet
	facet normal -0.0358619124266678 -0.271496682589623 0.961771009429964
		outer loop
			vertex 0.426528108914039 4.60297135081416 16.2431544344713
			vertex 1 4.6617445925648 16.2811286908582
			vertex 0.437454686399393 4.72088790092286 16.2768483177596
		endloop
	endfacet
	facet normal -0.0225068718488758 -0.142459305082831 0.989544737298367
		outer loop
			vertex 0.437454686399393 4.72088790092286 16.2768483177596
			vertex 1 4.6617445925648 16.2811286908582
			vertex 1 4.75904801603425 16.295136928755
		endloop
	endfacet
	facet normal -0.021812327850849 -0.152023032277772 0.98813623555196
		outer loop
			vertex 0.437454686399393 4.72088790092286 16.2768483177596
			vertex 1 4.75904801603425 16.295136928755
			vertex 0.448680490863733 4.84203362440345 16.295734176295
		endloop
	endfacet
	facet normal -0.00669137940729748 -0.0516417885217848 0.998643255181699
		outer loop
			vertex 0.448680490863733 4.84203362440345 16.295734176295
			vertex 1 4.75904801603425 16.295136928755
			vertex 1 4.85308955559455 16.3
		endloop
	endfacet
	facet normal -0.00681174802869398 -0.0457499595904379 0.998929697869809
		outer loop
			vertex 0.448680490863733 4.84203362440345 16.295734176295
			vertex 1 4.85308955559455 16.3
			vertex 0.457193941021782 4.93390838331174 16.3
		endloop
	endfacet
	facet normal -0.00142491914663974 -0.0462490867806142 0.998928922184849
		outer loop
			vertex 0.448680490863733 4.84203362440345 16.295734176295
			vertex 0.457193941021782 4.93390838331174 16.3
			vertex -0.149749514021169 4.86047105595597 16.295734176295
		endloop
	endfacet
	facet normal -0.00142491914663971 -0.0462490867806145 0.998928922184849
		outer loop
			vertex -0.149749514021169 4.86047105595597 16.295734176295
			vertex 0.457193941021782 4.93390838331174 16.3
			vertex -0.152590923553723 4.9526956543553 16.3
		endloop
	endfacet
	facet normal 0.00426935223352425 -0.046073648152945 0.998928922184849
		outer loop
			vertex -0.149749514021169 4.86047105595597 16.295734176295
			vertex -0.152590923553723 4.9526956543553 16.3
			vertex -0.745909468919764 4.80522870079159 16.295734176295
		endloop
	endfacet
	facet normal 0.00426935223352423 -0.0460736481529449 0.998928922184849
		outer loop
			vertex -0.745909468919764 4.80522870079159 16.295734176295
			vertex -0.152590923553723 4.9526956543553 16.3
			vertex -0.76006266527078 4.8964051077788 16.3
		endloop
	endfacet
	facet normal 0.00820728656891243 -0.04546252709251 0.998932329578705
		outer loop
			vertex -0.745909468919764 4.80522870079159 16.295734176295
			vertex -0.76006266527078 4.8964051077788 16.3
			vertex -1 4.85308955559455 16.3
		endloop
	endfacet
	facet normal 0.00703848214746186 -0.0516416654623201 0.998640875468923
		outer loop
			vertex -1 4.85308955559455 16.3
			vertex -1 4.75904801603407 16.295136928755
			vertex -0.745909468919764 4.80522870079159 16.295734176295
		endloop
	endfacet
	facet normal 0.025179523782417 -0.151319911797236 0.988164093597702
		outer loop
			vertex -0.745909468919764 4.80522870079159 16.295734176295
			vertex -1 4.75904801603407 16.295136928755
			vertex -0.727247115604437 4.68500382161825 16.2768483177596
		endloop
	endfacet
	facet normal 0.0141794567486328 -0.153020707944054 0.98812125063001
		outer loop
			vertex -0.745909468919764 4.80522870079159 16.295734176295
			vertex -0.727247115604437 4.68500382161825 16.2768483177596
			vertex -0.149749514021169 4.86047105595597 16.295734176295
		endloop
	endfacet
	facet normal 0.0141794567486329 -0.153020707944054 0.98812125063001
		outer loop
			vertex -0.149749514021169 4.86047105595597 16.295734176295
			vertex -0.727247115604437 4.68500382161825 16.2768483177596
			vertex -0.146002841729276 4.73886403539283 16.2768483177596
		endloop
	endfacet
	facet normal -0.0047324695422 -0.153603378170593 0.98812125063001
		outer loop
			vertex -0.149749514021169 4.86047105595597 16.295734176295
			vertex -0.146002841729276 4.73886403539283 16.2768483177596
			vertex 0.448680490863733 4.84203362440345 16.295734176295
		endloop
	endfacet
	facet normal -0.00473246954219984 -0.153603378170593 0.988121250630009
		outer loop
			vertex 0.448680490863733 4.84203362440345 16.295734176295
			vertex -0.146002841729276 4.73886403539283 16.2768483177596
			vertex 0.437454686399393 4.72088790092286 16.2768483177596
		endloop
	endfacet
	facet normal 0.0276738962863728 -0.142440825725616 0.989416376775186
		outer loop
			vertex -1 4.75904801603407 16.295136928755
			vertex -1 4.66174459256443 16.2811286908581
			vertex -0.727247115604437 4.68500382161825 16.2768483177596
		endloop
	endfacet
	facet normal 0.0345233009909482 -0.22567373263148 0.973591037391401
		outer loop
			vertex -0.727247115604437 4.68500382161825 16.2768483177596
			vertex -1 4.66174459256443 16.2811286908581
			vertex -1 4.56561688821171 16.2588467500664
		endloop
	endfacet
	facet normal 0.0540622221373978 -0.268527719696799 0.961753679427328
		outer loop
			vertex -0.727247115604437 4.68500382161825 16.2768483177596
			vertex -1 4.56561688821171 16.2588467500664
			vertex -0.709082212571722 4.56798357045251 16.2431544344713
		endloop
	endfacet
	facet normal 0.0537122909417683 -0.311170341550291 0.948835079632526
		outer loop
			vertex -0.709082212571722 4.56798357045251 16.2431544344713
			vertex -1 4.56561688821171 16.2588467500664
			vertex -1 4.475102506002 16.2291625701367
		endloop
	endfacet
	facet normal 0.0777773297903475 -0.382315348471131 0.920752768822381
		outer loop
			vertex -0.709082212571722 4.56798357045251 16.2431544344713
			vertex -1 4.475102506002 16.2291625701367
			vertex -0.691690121235313 4.45594185501816 16.1951632913551
		endloop
	endfacet
	facet normal 0.0751933414766722 -0.40610482746286 0.910727637940638
		outer loop
			vertex -0.691690121235313 4.45594185501816 16.1951632913551
			vertex -1 4.475102506002 16.2291625701367
			vertex -1 4.38993837017028 16.1911868183892
		endloop
	endfacet
	facet normal 0.0940139013075944 -0.49131665663248 0.86589221573843
		outer loop
			vertex -0.691690121235313 4.45594185501816 16.1951632913551
			vertex -1 4.38993837017028 16.1911868183892
			vertex -0.675334487971348 4.35057711351213 16.1336023852211
		endloop
	endfacet
	facet normal 0.0944492803066375 -0.489314117593593 0.866978101092041
		outer loop
			vertex -0.675334487971348 4.35057711351213 16.1336023852211
			vertex -1 4.38993837017028 16.1911868183892
			vertex -1 4.30475129596459 16.1431080514713
		endloop
	endfacet
	facet normal 0.103286693216429 -0.561454958964575 0.821036045529368
		outer loop
			vertex -0.675334487971348 4.35057711351213 16.1336023852211
			vertex -1 4.30475129596459 16.1431080514713
			vertex -1 4.22313242944786 16.0872940374577
		endloop
	endfacet
	facet normal 0.118315234544932 -0.591276384843493 0.797742904701125
		outer loop
			vertex -0.675334487971348 4.35057711351213 16.1336023852211
			vertex -1 4.22313242944786 16.0872940374577
			vertex -0.660263247508095 4.25348656801277 16.0594049166547
		endloop
	endfacet
	facet normal 0.119303847662554 -0.630988250838527 0.766564034661584
		outer loop
			vertex -0.660263247508095 4.25348656801277 16.0594049166547
			vertex -1 4.22313242944786 16.0872940374577
			vertex -1 4.14894139144915 16.0262245492245
		endloop
	endfacet
	facet normal 0.139902360534989 -0.682356893724016 0.717507072511519
		outer loop
			vertex -0.660263247508095 4.25348656801277 16.0594049166547
			vertex -1 4.14894139144915 16.0262245492245
			vertex -0.646704864488198 4.16614201222119 15.9736956436466
		endloop
	endfacet
	facet normal 0.137797820129672 -0.704640450338385 0.69605574239024
		outer loop
			vertex -0.646704864488198 4.16614201222119 15.9736956436466
			vertex -1 4.14894139144915 16.0262245492245
			vertex -1 4.08371445387577 15.9601931441706
		endloop
	endfacet
	facet normal 0.15429682281376 -0.763968816784403 0.626533428837295
		outer loop
			vertex -0.646704864488198 4.16614201222119 15.9736956436466
			vertex -1 4.08371445387577 15.9601931441706
			vertex -0.634864870177586 4.08986750056905 15.8777738314082
		endloop
	endfacet
	facet normal 0.153191906287759 -0.768448850748721 0.62130395430167
		outer loop
			vertex -0.634864870177586 4.08986750056905 15.8777738314082
			vertex -1 4.08371445387577 15.9601931441706
			vertex -1 4.02253288463758 15.8845217980564
		endloop
	endfacet
	facet normal 0.163616120956311 -0.834513727558911 0.526133636521123
		outer loop
			vertex -0.634864870177586 4.08986750056905 15.8777738314082
			vertex -1 4.02253288463758 15.8845217980564
			vertex -0.624922746820982 4.02581927690304 15.773093556836
		endloop
	endfacet
	facet normal 0.170256297471647 -0.818323220785472 0.548962566569469
		outer loop
			vertex -0.624922746820982 4.02581927690304 15.773093556836
			vertex -1 4.02253288463758 15.8845217980564
			vertex -1 3.96742145893504 15.8023687294696
		endloop
	endfacet
	facet normal 0.171476892824195 -0.864561020866907 0.472366294759619
		outer loop
			vertex -0.624922746820982 4.02581927690304 15.773093556836
			vertex -1 3.96742145893504 15.8023687294696
			vertex -1 3.92111292800367 15.7176113045198
		endloop
	endfacet
	facet normal 0.18651252014319 -0.889338430458141 0.417480821044617
		outer loop
			vertex -0.624922746820982 4.02581927690304 15.773093556836
			vertex -1 3.92111292800367 15.7176113045198
			vertex -0.617029206874029 3.97496824700678 15.6612416661872
		endloop
	endfacet
	facet normal 0.183349353637213 -0.907004146814072 0.379112769743904
		outer loop
			vertex -0.617029206874029 3.97496824700678 15.6612416661872
			vertex -1 3.92111292800367 15.7176113045198
			vertex -1 3.88534876190548 15.6320477214722
		endloop
	endfacet
	facet normal 0.195217656264203 -0.932853998596893 0.302776293630298
		outer loop
			vertex -0.617029206874029 3.97496824700678 15.6612416661872
			vertex -1 3.88534876190548 15.6320477214722
			vertex -0.611303908356092 3.93808526065881 15.5439137201084
		endloop
	endfacet
	facet normal 0.191922589708327 -0.939303409336091 0.284384993924163
		outer loop
			vertex -0.611303908356092 3.93808526065881 15.5439137201084
			vertex -1 3.88534876190548 15.6320477214722
			vertex -1 3.85723035756984 15.5391746317458
		endloop
	endfacet
	facet normal 0.198051239828352 -0.962854951072032 0.183537597234267
		outer loop
			vertex -0.611303908356092 3.93808526065881 15.5439137201084
			vertex -1 3.85723035756984 15.5391746317458
			vertex -0.607833640956653 3.91572942633571 15.4228882906647
		endloop
	endfacet
	facet normal 0.201079655235311 -0.959924020106806 0.195225121007614
		outer loop
			vertex -0.607833640956653 3.91572942633571 15.4228882906647
			vertex -1 3.85723035756984 15.5391746317458
			vertex -0.999999999999999 3.83751168203235 15.4422176920065
		endloop
	endfacet
	facet normal 0.199357657193647 -0.974802781199531 0.100080279195851
		outer loop
			vertex -0.607833640956653 3.91572942633571 15.4228882906647
			vertex -0.999999999999999 3.83751168203235 15.4422176920065
			vertex -0.999999999999999 3.82762954734247 15.3459636401864
		endloop
	endfacet
	facet normal 0.202619676827061 -0.975615263499227 0.08438082833104
		outer loop
			vertex -0.999999999999999 3.82762954734247 15.3459636401864
			vertex -0.606833127978873 3.90928401455765 15.3459636401865
			vertex -0.607833640956653 3.91572942633571 15.4228882906647
		endloop
	endfacet
	facet normal 0.0919396899682947 -0.992187267573699 0.0843298255255591
		outer loop
			vertex -0.607833640956653 3.91572942633571 15.4228882906647
			vertex -0.606833127978873 3.90928401455765 15.3459636401865
			vertex -0.122029275846032 3.96074583016715 15.4228882906647
		endloop
	endfacet
	facet normal 0.0907031185177814 -0.978842536380157 0.183412740190015
		outer loop
			vertex -0.607833640956653 3.91572942633571 15.4228882906647
			vertex -0.122029275846032 3.96074583016715 15.4228882906647
			vertex -0.12272597012093 3.98335867388909 15.5439137201084
		endloop
	endfacet
	facet normal -0.0302726510174183 -0.982569760035575 0.183412740190016
		outer loop
			vertex -0.12272597012093 3.98335867388909 15.5439137201084
			vertex -0.122029275846032 3.96074583016715 15.4228882906647
			vertex 0.367712368721295 3.96824843003547 15.5439137201084
		endloop
	endfacet
	facet normal -0.0293510163852534 -0.952655950410984 0.302630398314012
		outer loop
			vertex -0.12272597012093 3.98335867388909 15.5439137201084
			vertex 0.367712368721295 3.96824843003547 15.5439137201084
			vertex 0.371156258169555 4.0054139160478 15.6612416661872
		endloop
	endfacet
	facet normal -0.146198811978019 -0.941828407616015 0.302630398314012
		outer loop
			vertex 0.371156258169555 4.0054139160478 15.6612416661872
			vertex 0.367712368721295 3.96824843003547 15.5439137201084
			vertex 0.860561552448333 3.92944416187525 15.6612416661872
		endloop
	endfacet
	facet normal -0.139397141893796 -0.898011320336837 0.417305769644671
		outer loop
			vertex 0.371156258169555 4.0054139160478 15.6612416661872
			vertex 0.860561552448333 3.92944416187525 15.6612416661872
			vertex 0.871570556423163 3.97971281061268 15.773093556836
		endloop
	endfacet
	facet normal 0.0919396899682962 -0.992187267573699 0.0843298255255498
		outer loop
			vertex -0.606833127978873 3.90928401455765 15.3459636401865
			vertex -0.121828411882726 3.9542263199957 15.3459636401865
			vertex -0.122029275846032 3.96074583016715 15.4228882906647
		endloop
	endfacet
	facet normal -0.0306853633540091 -0.995965305119944 0.0843298255255484
		outer loop
			vertex -0.122029275846032 3.96074583016715 15.4228882906647
			vertex -0.121828411882726 3.9542263199957 15.3459636401865
			vertex 0.365624928696619 3.94572136457525 15.4228882906647
		endloop
	endfacet
	facet normal -0.0302726510174188 -0.982569760035575 0.183412740190018
		outer loop
			vertex -0.122029275846032 3.96074583016715 15.4228882906647
			vertex 0.365624928696619 3.94572136457525 15.4228882906647
			vertex 0.367712368721295 3.96824843003547 15.5439137201084
		endloop
	endfacet
	facet normal -0.150789518021439 -0.971402227705316 0.183412740190018
		outer loop
			vertex 0.367712368721295 3.96824843003547 15.5439137201084
			vertex 0.365624928696619 3.94572136457525 15.4228882906647
			vertex 0.852576562879059 3.89298358499223 15.5439137201084
		endloop
	endfacet
	facet normal -0.146198811978019 -0.941828407616014 0.302630398314014
		outer loop
			vertex 0.367712368721295 3.96824843003547 15.5439137201084
			vertex 0.852576562879059 3.89298358499223 15.5439137201084
			vertex 0.860561552448333 3.92944416187525 15.6612416661872
		endloop
	endfacet
	facet normal -0.03068536335401 -0.995965305119944 0.084329825525554
		outer loop
			vertex -0.121828411882726 3.9542263199957 15.3459636401865
			vertex 0.365023098752516 3.93922658513898 15.3459636401865
			vertex 0.365624928696619 3.94572136457525 15.4228882906647
		endloop
	endfacet
	facet normal -0.152845257846805 -0.984645523871699 0.0843298255255539
		outer loop
			vertex 0.365624928696619 3.94572136457525 15.4228882906647
			vertex 0.365023098752516 3.93922658513898 15.3459636401865
			vertex 0.847736632017762 3.87088378514328 15.4228882906647
		endloop
	endfacet
	facet normal -0.150789518021438 -0.971402227705317 0.183412740190015
		outer loop
			vertex 0.365624928696619 3.94572136457525 15.4228882906647
			vertex 0.847736632017762 3.87088378514328 15.4228882906647
			vertex 0.852576562879059 3.89298358499223 15.5439137201084
		endloop
	endfacet
	facet normal -0.152845257846804 -0.9846455238717 0.0843298255255463
		outer loop
			vertex 0.365023098752516 3.93922658513898 15.3459636401865
			vertex 0.846341231294732 3.86451219067803 15.3459636401865
			vertex 0.847736632017762 3.87088378514328 15.4228882906647
		endloop
	endfacet
	facet normal -0.0598862134804751 -0.385793402267514 0.920639501760503
		outer loop
			vertex 0.964690030734574 4.4049093275252 16.1951632913551
			vertex 0.988946524518082 4.5156678637554 16.2431544344713
			vertex 0.416066394184412 4.49007146877948 16.1951632913551
		endloop
	endfacet
	facet normal -0.0598862134804749 -0.385793402267517 0.920639501760502
		outer loop
			vertex 0.416066394184412 4.49007146877948 16.1951632913551
			vertex 0.988946524518082 4.5156678637554 16.2431544344713
			vertex 0.426528108914039 4.60297135081416 16.2431544344713
		endloop
	endfacet
	facet normal -0.0120228147502358 -0.390228599315397 0.920639501760502
		outer loop
			vertex 0.416066394184412 4.49007146877948 16.1951632913551
			vertex 0.426528108914039 4.60297135081416 16.2431544344713
			vertex -0.138864384786853 4.50716870349391 16.1951632913551
		endloop
	endfacet
	facet normal -0.0120228147502361 -0.390228599315395 0.920639501760503
		outer loop
			vertex -0.138864384786853 4.50716870349391 16.1951632913551
			vertex 0.426528108914039 4.60297135081416 16.2431544344713
			vertex -0.142356038042322 4.6204984842052 16.2431544344713
		endloop
	endfacet
	facet normal 0.0360228375962346 -0.388748328574785 0.920639501760503
		outer loop
			vertex -0.138864384786853 4.50716870349391 16.1951632913551
			vertex -0.142356038042322 4.6204984842052 16.2431544344713
			vertex -0.691690121235313 4.45594185501816 16.1951632913551
		endloop
	endfacet
	facet normal 0.0360228375962345 -0.388748328574785 0.920639501760503
		outer loop
			vertex -0.691690121235313 4.45594185501816 16.1951632913551
			vertex -0.142356038042322 4.6204984842052 16.2431544344713
			vertex -0.709082212571722 4.56798357045251 16.2431544344713
		endloop
	endfacet
	facet normal -0.0768050569580244 -0.494786404300671 0.865613884676585
		outer loop
			vertex 0.941879069768528 4.30075129590064 16.1336023852211
			vertex 0.964690030734574 4.4049093275252 16.1951632913551
			vertex 0.406228131141725 4.38389970194668 16.1336023852211
		endloop
	endfacet
	facet normal -0.0768050569580245 -0.494786404300669 0.865613884676586
		outer loop
			vertex 0.406228131141725 4.38389970194668 16.1336023852211
			vertex 0.964690030734574 4.4049093275252 16.1951632913551
			vertex 0.416066394184412 4.49007146877948 16.1951632913551
		endloop
	endfacet
	facet normal -0.0154194583030154 -0.500474617698792 0.865613884676586
		outer loop
			vertex 0.406228131141725 4.38389970194668 16.1336023852211
			vertex 0.416066394184412 4.49007146877948 16.1951632913551
			vertex -0.135580811867026 4.4005926572125 16.1336023852211
		endloop
	endfacet
	facet normal -0.0154194583030149 -0.500474617698795 0.865613884676584
		outer loop
			vertex -0.135580811867026 4.4005926572125 16.1336023852211
			vertex 0.416066394184412 4.49007146877948 16.1951632913551
			vertex -0.138864384786853 4.50716870349391 16.1951632913551
		endloop
	endfacet
	facet normal 0.0461998836221382 -0.498576146048338 0.865613884676584
		outer loop
			vertex -0.135580811867026 4.4005926572125 16.1336023852211
			vertex -0.138864384786853 4.50716870349391 16.1951632913551
			vertex -0.675334487971348 4.35057711351213 16.1336023852211
		endloop
	endfacet
	facet normal 0.0461998836221384 -0.498576146048339 0.865613884676584
		outer loop
			vertex -0.675334487971348 4.35057711351213 16.1336023852211
			vertex -0.138864384786853 4.50716870349391 16.1951632913551
			vertex -0.691690121235313 4.45594185501816 16.1951632913551
		endloop
	endfacet
	facet normal -0.0925508741127204 -0.59622264510713 0.797466546735616
		outer loop
			vertex 0.920859432535979 4.20477269846831 16.0594049166547
			vertex 0.941879069768528 4.30075129590064 16.1336023852211
			vertex 0.397162457825135 4.28606550607539 16.0594049166547
		endloop
	endfacet
	facet normal -0.0925508741127205 -0.59622264510713 0.797466546735617
		outer loop
			vertex 0.397162457825135 4.28606550607539 16.0594049166547
			vertex 0.941879069768528 4.30075129590064 16.1336023852211
			vertex 0.406228131141725 4.38389970194668 16.1336023852211
		endloop
	endfacet
	facet normal -0.0185806039447195 -0.603077000054405 0.797466546735616
		outer loop
			vertex 0.397162457825135 4.28606550607539 16.0594049166547
			vertex 0.406228131141725 4.38389970194668 16.1336023852211
			vertex -0.132555094901217 4.30238592958497 16.0594049166547
		endloop
	endfacet
	facet normal -0.0185806039447201 -0.603077000054402 0.797466546735618
		outer loop
			vertex -0.132555094901217 4.30238592958497 16.0594049166547
			vertex 0.406228131141725 4.38389970194668 16.1336023852211
			vertex -0.135580811867026 4.4005926572125 16.1336023852211
		endloop
	endfacet
	facet normal 0.0556713292390585 -0.600789322423696 0.797466546735619
		outer loop
			vertex -0.132555094901217 4.30238592958497 16.0594049166547
			vertex -0.135580811867026 4.4005926572125 16.1336023852211
			vertex -0.660263247508095 4.25348656801277 16.0594049166547
		endloop
	endfacet
	facet normal 0.0556713292390587 -0.600789322423697 0.797466546735618
		outer loop
			vertex -0.660263247508095 4.25348656801277 16.0594049166547
			vertex -0.135580811867026 4.4005926572125 16.1336023852211
			vertex -0.675334487971348 4.35057711351213 16.1336023852211
		endloop
	endfacet
	facet normal -0.106885574814725 -0.6885683225662 0.717251099026621
		outer loop
			vertex 0.901949755311132 4.11842847293009 15.9736956436466
			vertex 0.920859432535979 4.20477269846831 16.0594049166547
			vertex 0.389006800601081 4.19805194784834 15.9736956436466
		endloop
	endfacet
	facet normal -0.106885574814725 -0.688568322566201 0.71725109902662
		outer loop
			vertex 0.389006800601081 4.19805194784834 15.9736956436466
			vertex 0.920859432535979 4.20477269846831 16.0594049166547
			vertex 0.397162457825135 4.28606550607539 16.0594049166547
		endloop
	endfacet
	facet normal -0.0214584524681778 -0.696484311210796 0.71725109902662
		outer loop
			vertex 0.389006800601081 4.19805194784834 15.9736956436466
			vertex 0.397162457825135 4.28606550607539 16.0594049166547
			vertex -0.12983310067438 4.21403723449573 15.9736956436466
		endloop
	endfacet
	facet normal -0.0214584524681775 -0.696484311210797 0.717251099026619
		outer loop
			vertex -0.12983310067438 4.21403723449573 15.9736956436466
			vertex 0.397162457825135 4.28606550607539 16.0594049166547
			vertex -0.132555094901217 4.30238592958497 16.0594049166547
		endloop
	endfacet
	facet normal 0.0642939581442465 -0.693842307654451 0.717251099026619
		outer loop
			vertex -0.12983310067438 4.21403723449573 15.9736956436466
			vertex -0.132555094901217 4.30238592958497 16.0594049166547
			vertex -0.646704864488198 4.16614201222119 15.9736956436466
		endloop
	endfacet
	facet normal 0.0642939581442458 -0.693842307654449 0.71725109902662
		outer loop
			vertex -0.646704864488198 4.16614201222119 15.9736956436466
			vertex -0.132555094901217 4.30238592958497 16.0594049166547
			vertex -0.660263247508095 4.25348656801277 16.0594049166547
		endloop
	endfacet
	facet normal -0.119593558903912 -0.770434517351199 0.626201273667278
		outer loop
			vertex 0.885436689525253 4.04302750973068 15.8777738314082
			vertex 0.901949755311132 4.11842847293009 15.9736956436466
			vertex 0.381884790919661 4.12119322309216 15.8777738314082
		endloop
	endfacet
	facet normal -0.119593558903912 -0.7704345173512 0.626201273667277
		outer loop
			vertex 0.381884790919661 4.12119322309216 15.8777738314082
			vertex 0.901949755311132 4.11842847293009 15.9736956436466
			vertex 0.389006800601081 4.19805194784834 15.9736956436466
		endloop
	endfacet
	facet normal -0.0240097197745174 -0.779291664406742 0.626201273667277
		outer loop
			vertex 0.381884790919661 4.12119322309216 15.8777738314082
			vertex 0.389006800601081 4.19805194784834 15.9736956436466
			vertex -0.127456091844347 4.13688584810462 15.8777738314082
		endloop
	endfacet
	facet normal -0.0240097197745178 -0.779291664406741 0.626201273667278
		outer loop
			vertex -0.127456091844347 4.13688584810462 15.8777738314082
			vertex 0.389006800601081 4.19805194784834 15.9736956436466
			vertex -0.12983310067438 4.21403723449573 15.9736956436466
		endloop
	endfacet
	facet normal 0.0719380822324985 -0.776335544196058 0.626201273667278
		outer loop
			vertex -0.127456091844347 4.13688584810462 15.8777738314082
			vertex -0.12983310067438 4.21403723449573 15.9736956436466
			vertex -0.634864870177586 4.08986750056905 15.8777738314082
		endloop
	endfacet
	facet normal 0.0719380822324981 -0.776335544196057 0.626201273667279
		outer loop
			vertex -0.634864870177586 4.08986750056905 15.8777738314082
			vertex -0.12983310067438 4.21403723449573 15.9736956436466
			vertex -0.646704864488198 4.16614201222119 15.9736956436466
		endloop
	endfacet
	facet normal -0.130484752600914 -0.840596753814702 0.525709831385017
		outer loop
			vertex 0.871570556423163 3.97971281061268 15.773093556836
			vertex 0.885436689525253 4.04302750973068 15.8777738314082
			vertex 0.375904391187869 4.0566544317287 15.773093556836
		endloop
	endfacet
	facet normal -0.130484752600914 -0.840596753814701 0.525709831385019
		outer loop
			vertex 0.375904391187869 4.0566544317287 15.773093556836
			vertex 0.885436689525253 4.04302750973068 15.8777738314082
			vertex 0.381884790919661 4.12119322309216 15.8777738314082
		endloop
	endfacet
	facet normal -0.0261962464660197 -0.850260507054295 0.525709831385019
		outer loop
			vertex 0.375904391187869 4.0566544317287 15.773093556836
			vertex 0.381884790919661 4.12119322309216 15.8777738314082
			vertex -0.125460101441992 4.07210130678555 15.773093556836
		endloop
	endfacet
	facet normal -0.0261962464660185 -0.850260507054298 0.525709831385014
		outer loop
			vertex -0.125460101441992 4.07210130678555 15.773093556836
			vertex 0.381884790919661 4.12119322309216 15.8777738314082
			vertex -0.127456091844347 4.13688584810462 15.8777738314082
		endloop
	endfacet
	facet normal 0.0784893680623189 -0.847035177714785 0.525709831385014
		outer loop
			vertex -0.125460101441992 4.07210130678555 15.773093556836
			vertex -0.127456091844347 4.13688584810462 15.8777738314082
			vertex -0.624922746820982 4.02581927690304 15.773093556836
		endloop
	endfacet
	facet normal 0.0784893680623191 -0.847035177714786 0.525709831385014
		outer loop
			vertex -0.624922746820982 4.02581927690304 15.773093556836
			vertex -0.127456091844347 4.13688584810462 15.8777738314082
			vertex -0.634864870177586 4.08986750056905 15.8777738314082
		endloop
	endfacet
	facet normal -0.00844227980071595 -0.274013955142854 0.961688660793469
		outer loop
			vertex 0.426528108914039 4.60297135081416 16.2431544344713
			vertex 0.437454686399393 4.72088790092286 16.2768483177596
			vertex -0.142356038042322 4.6204984842052 16.2431544344713
		endloop
	endfacet
	facet normal -0.00844227980071559 -0.274013955142856 0.961688660793469
		outer loop
			vertex -0.142356038042322 4.6204984842052 16.2431544344713
			vertex 0.437454686399393 4.72088790092286 16.2768483177596
			vertex -0.146002841729276 4.73886403539283 16.2768483177596
		endloop
	endfacet
	facet normal 0.0252948149431639 -0.272974526354119 0.961688660793469
		outer loop
			vertex -0.142356038042322 4.6204984842052 16.2431544344713
			vertex -0.146002841729276 4.73886403539283 16.2768483177596
			vertex -0.709082212571722 4.56798357045251 16.2431544344713
		endloop
	endfacet
	facet normal 0.0252948149431639 -0.272974526354119 0.961688660793469
		outer loop
			vertex -0.709082212571722 4.56798357045251 16.2431544344713
			vertex -0.146002841729276 4.73886403539283 16.2768483177596
			vertex -0.727247115604437 4.68500382161825 16.2768483177596
		endloop
	endfacet
	facet normal -0.139397141893796 -0.898011320336838 0.41730576964467
		outer loop
			vertex 0.871570556423163 3.97971281061268 15.773093556836
			vertex 0.375904391187869 4.0566544317287 15.773093556836
			vertex 0.371156258169555 4.0054139160478 15.6612416661872
		endloop
	endfacet
	facet normal -0.0279855064512943 -0.908335128710728 0.41730576964467
		outer loop
			vertex 0.371156258169555 4.0054139160478 15.6612416661872
			vertex 0.375904391187869 4.0566544317287 15.773093556836
			vertex -0.123875386647213 4.02066567814719 15.6612416661872
		endloop
	endfacet
	facet normal -0.0293510163852541 -0.952655950410983 0.302630398314015
		outer loop
			vertex 0.371156258169555 4.0054139160478 15.6612416661872
			vertex -0.123875386647213 4.02066567814719 15.6612416661872
			vertex -0.12272597012093 3.98335867388909 15.5439137201084
		endloop
	endfacet
	facet normal 0.0879417106971311 -0.949042200081726 0.302630398314015
		outer loop
			vertex -0.12272597012093 3.98335867388909 15.5439137201084
			vertex -0.123875386647213 4.02066567814719 15.6612416661872
			vertex -0.611303908356092 3.93808526065881 15.5439137201084
		endloop
	endfacet
	facet normal 0.0907031185177825 -0.978842536380158 0.183412740190011
		outer loop
			vertex -0.12272597012093 3.98335867388909 15.5439137201084
			vertex -0.611303908356092 3.93808526065881 15.5439137201084
			vertex -0.607833640956653 3.91572942633571 15.4228882906647
		endloop
	endfacet
	facet normal -0.0279855064512956 -0.908335128710725 0.417305769644675
		outer loop
			vertex 0.375904391187869 4.0566544317287 15.773093556836
			vertex -0.125460101441992 4.07210130678555 15.773093556836
			vertex -0.123875386647213 4.02066567814719 15.6612416661872
		endloop
	endfacet
	facet normal 0.0838503607421538 -0.904889502439207 0.417305769644675
		outer loop
			vertex -0.123875386647213 4.02066567814719 15.6612416661872
			vertex -0.125460101441992 4.07210130678555 15.773093556836
			vertex -0.617029206874029 3.97496824700678 15.6612416661872
		endloop
	endfacet
	facet normal 0.0879417106971315 -0.949042200081726 0.302630398314014
		outer loop
			vertex -0.123875386647213 4.02066567814719 15.6612416661872
			vertex -0.617029206874029 3.97496824700678 15.6612416661872
			vertex -0.611303908356092 3.93808526065881 15.5439137201084
		endloop
	endfacet
	facet normal 0.0838503607421544 -0.904889502439208 0.417305769644674
		outer loop
			vertex -0.624922746820982 4.02581927690304 15.773093556836
			vertex -0.617029206874029 3.97496824700678 15.6612416661872
			vertex -0.125460101441992 4.07210130678555 15.773093556836
		endloop
	endfacet
	facet normal 0.964197663572738 0.251404713539369 0.0843714144189858
		outer loop
			vertex -3.7699363460092 -1.19930308876758 15.3459636401865
			vertex -3.87556702188498 -0.794183990373686 15.3459636401865
			vertex -3.77615200904023 -1.2012804335256 15.4228882906647
		endloop
	endfacet
	facet normal 0.961936073910714 0.253972191787822 0.100881690646679
		outer loop
			vertex -3.77615200904023 -1.2012804335256 15.4228882906647
			vertex -3.87556702188498 -0.794183990373686 15.3459636401865
			vertex -3.88439430305292 -0.799280423532205 15.4429647156723
		endloop
	endfacet
	facet normal 0.949137098492551 0.245732610341146 0.19686099786415
		outer loop
			vertex -3.77615200904023 -1.2012804335256 15.4228882906647
			vertex -3.88439430305292 -0.799280423532205 15.4429647156723
			vertex -3.90200558457931 -0.809448301662239 15.5405670853223
		endloop
	endfacet
	facet normal 0.95063635918616 0.250220243146908 0.18352204911886
		outer loop
			vertex -3.77615200904023 -1.2012804335256 15.4228882906647
			vertex -3.90200558457931 -0.809448301662239 15.5405670853223
			vertex -3.79771096255861 -1.20813883037163 15.5439137201084
		endloop
	endfacet
	facet normal 0.926173373627412 0.244688932617404 0.286932410574641
		outer loop
			vertex -3.79771096255861 -1.20813883037163 15.5439137201084
			vertex -3.90200558457931 -0.809448301662239 15.5405670853223
			vertex -3.92707098310613 -0.823919816249046 15.6338152621976
		endloop
	endfacet
	facet normal 0.92242675390404 0.239725213814247 0.302755190779233
		outer loop
			vertex -3.79771096255861 -1.20813883037163 15.5439137201084
			vertex -3.92707098310613 -0.823919816249046 15.6338152621976
			vertex -3.83327924316058 -1.2194539149972 15.6612416661872
		endloop
	endfacet
	facet normal 0.892538108337234 0.238197363290289 0.382933076773665
		outer loop
			vertex -3.83327924316058 -1.2194539149972 15.6612416661872
			vertex -3.92707098310613 -0.823919816249046 15.6338152621976
			vertex -3.95899847300479 -0.842353161136589 15.7196978291047
		endloop
	endfacet
	facet normal 0.879497241995582 0.228497446893974 0.417460798261465
		outer loop
			vertex -3.83327924316058 -1.2194539149972 15.6612416661872
			vertex -3.95899847300479 -0.842353161136589 15.7196978291047
			vertex -3.88231767196853 -1.23505416225334 15.773093556836
		endloop
	endfacet
	facet normal 0.848737720460985 0.230445522428314 0.47596128315172
		outer loop
			vertex -3.88231767196853 -1.23505416225334 15.773093556836
			vertex -3.95899847300479 -0.842353161136589 15.7196978291047
			vertex -4.00026559135108 -0.866178743022494 15.8048212625734
		endloop
	endfacet
	facet normal 0.806860446895141 0.210518596099608 0.551958458520587
		outer loop
			vertex -3.88231767196853 -1.23505416225334 15.773093556836
			vertex -4.00026559135108 -0.866178743022494 15.8048212625734
			vertex -4.04913830759479 -0.894395418901831 15.8870259936753
		endloop
	endfacet
	facet normal 0.819941794281337 0.225561272829086 0.526134551412873
		outer loop
			vertex -3.88231767196853 -1.23505416225334 15.773093556836
			vertex -4.04913830759479 -0.894395418901831 15.8870259936753
			vertex -3.94408287638873 -1.25470308829368 15.8777738314082
		endloop
	endfacet
	facet normal 0.753917425138528 0.203782912927744 0.624564680774678
		outer loop
			vertex -3.94408287638873 -1.25470308829368 15.8777738314082
			vertex -4.04913830759479 -0.894395418901831 15.8870259936753
			vertex -4.1031630583219 -0.925586623277033 15.9624168008994
		endloop
	endfacet
	facet normal 0.752588430650264 0.202632889600324 0.626538559151467
		outer loop
			vertex -3.94408287638873 -1.25470308829368 15.8777738314082
			vertex -4.1031630583219 -0.925586623277033 15.9624168008994
			vertex -4.01763855888218 -1.27810283542845 15.9736956436466
		endloop
	endfacet
	facet normal 0.688808585030825 0.189501169325276 0.699737122076702
		outer loop
			vertex -4.01763855888218 -1.27810283542845 15.9736956436466
			vertex -4.1031630583219 -0.925586623277033 15.9624168008994
			vertex -4.16074269361483 -0.958830241213249 16.0281001127234
		endloop
	endfacet
	facet normal 0.673038568544228 0.17940265801377 0.717519178523843
		outer loop
			vertex -4.01763855888218 -1.27810283542845 15.9736956436466
			vertex -4.16074269361483 -0.958830241213249 16.0281001127234
			vertex -4.10186969028079 -1.30489868734348 16.0594049166547
		endloop
	endfacet
	facet normal 0.614749874010962 0.174166284941445 0.769252037756938
		outer loop
			vertex -4.10186969028079 -1.30489868734348 16.0594049166547
			vertex -4.16074269361483 -0.958830241213249 16.0281001127234
			vertex -4.22625135562309 -0.996651684857966 16.0890146891522
		endloop
	endfacet
	facet normal 0.552242188434123 0.143957352674531 0.821160669981479
		outer loop
			vertex -4.10186969028079 -1.30489868734348 16.0594049166547
			vertex -4.22625135562309 -0.996651684857966 16.0890146891522
			vertex -4.29798545275987 -1.03806738514996 16.1445174561836
		endloop
	endfacet
	facet normal 0.578135716904486 0.170391915905255 0.797950930717844
		outer loop
			vertex -4.10186969028079 -1.30489868734348 16.0594049166547
			vertex -4.29798545275987 -1.03806738514996 16.1445174561836
			vertex -4.19549941249306 -1.33468444623792 16.1336023852211
		endloop
	endfacet
	facet normal 0.477821807328304 0.133142773424356 0.868308310639938
		outer loop
			vertex -4.19549941249306 -1.33468444623792 16.1336023852211
			vertex -4.29798545275987 -1.03806738514996 16.1445174561836
			vertex -4.37259512828278 -1.08114330139726 16.1921795324904
		endloop
	endfacet
	facet normal 0.481314269295164 0.136135852453664 0.865912006990073
		outer loop
			vertex -4.19549941249306 -1.33468444623792 16.1336023852211
			vertex -4.37259512828278 -1.08114330139726 16.1921795324904
			vertex -4.29710839437114 -1.36700859036887 16.1951632913551
		endloop
	endfacet
	facet normal 0.394261849777883 0.113628931055996 0.9119463031543
		outer loop
			vertex -4.29710839437114 -1.36700859036887 16.1951632913551
			vertex -4.37259512828278 -1.08114330139726 16.1921795324904
			vertex -4.44706894099303 -1.12414077721311 16.2297343098449
		endloop
	endfacet
	facet normal 0.376677368910338 0.10151592654786 0.920765266725409
		outer loop
			vertex -4.29710839437114 -1.36700859036887 16.1951632913551
			vertex -4.44706894099303 -1.12414077721311 16.2297343098449
			vertex -4.40515634732423 -1.40138111866071 16.2431544344713
		endloop
	endfacet
	facet normal 0.300010763199642 0.091319225043091 0.949554812057681
		outer loop
			vertex -4.40515634732423 -1.40138111866071 16.2431544344713
			vertex -4.44706894099303 -1.12414077721311 16.2297343098449
			vertex -4.52637036961002 -1.16992547837225 16.2591926467367
		endloop
	endfacet
	facet normal 0.264321434157545 0.0717829157611133 0.961759529430165
		outer loop
			vertex -4.40515634732423 -1.40138111866071 16.2431544344713
			vertex -4.52637036961002 -1.16992547837225 16.2591926467367
			vertex -4.51800537452359 -1.43728097862198 16.2768483177596
		endloop
	endfacet
	facet normal 0.215170793020578 0.071052655272531 0.973988218619516
		outer loop
			vertex -4.51800537452359 -1.43728097862198 16.2768483177596
			vertex -4.52637036961002 -1.16992547837225 16.2591926467367
			vertex -4.61039176115919 -1.21843525140085 16.2812932196381
		endloop
	endfacet
	facet normal 0.139397085007774 0.0387499453130121 0.989478091940177
		outer loop
			vertex -4.51800537452359 -1.43728097862198 16.2768483177596
			vertex -4.61039176115919 -1.21843525140085 16.2812932196381
			vertex -4.69533625082409 -1.26747797537505 16.2951807601816
		endloop
	endfacet
	facet normal 0.146300553940153 0.0461011893693086 0.988165385072529
		outer loop
			vertex -4.51800537452359 -1.43728097862198 16.2768483177596
			vertex -4.69533625082409 -1.26747797537505 16.2951807601816
			vertex -4.63394479974885 -1.47416396496995 16.295734176295
		endloop
	endfacet
	facet normal 0.0487399417330482 0.017151102673924 0.998664236746729
		outer loop
			vertex -4.63394479974885 -1.47416396496995 16.295734176295
			vertex -4.69533625082409 -1.26747797537505 16.2951807601816
			vertex -4.77740697378829 -1.31486152937102 16.3
		endloop
	endfacet
	facet normal 0.0442861551754206 0.0131329938310463 0.998932560753133
		outer loop
			vertex -4.63394479974885 -1.47416396496995 16.295734176295
			vertex -4.77740697378829 -1.31486152937102 16.3
			vertex -4.72187119479194 -1.50213536487728 16.3
		endloop
	endfacet
	facet normal 0.0431464525701268 0.0167150247750045 0.998928922184849
		outer loop
			vertex -4.63394479974885 -1.47416396496995 16.295734176295
			vertex -4.72187119479194 -1.50213536487728 16.3
			vertex -4.4176643701437 -2.03244810893126 16.295734176295
		endloop
	endfacet
	facet normal 0.0431464525701272 0.0167150247750048 0.998928922184849
		outer loop
			vertex -4.4176643701437 -2.03244810893126 16.295734176295
			vertex -4.72187119479194 -1.50213536487728 16.3
			vertex -4.50148697040387 -2.07101262427468 16.3
		endloop
	endfacet
	facet normal 0.040765343627163 0.0218905272109784 0.998928922184849
		outer loop
			vertex -4.4176643701437 -2.03244810893126 16.295734176295
			vertex -4.50148697040387 -2.07101262427468 16.3
			vertex -4.13441665180627 -2.55992241132469 16.295734176295
		endloop
	endfacet
	facet normal 0.0407653436271627 0.0218905272109782 0.998928922184849
		outer loop
			vertex -4.13441665180627 -2.55992241132469 16.295734176295
			vertex -4.50148697040387 -2.07101262427468 16.3
			vertex -4.21286479210762 -2.6084954433621 16.3
		endloop
	endfacet
	facet normal 0.0377662736287138 0.026734191568408 0.998928922184849
		outer loop
			vertex -4.13441665180627 -2.55992241132469 16.295734176295
			vertex -4.21286479210762 -2.6084954433621 16.3
			vertex -3.78849539141973 -3.04859089940366 16.295734176295
		endloop
	endfacet
	facet normal 0.0377662736287142 0.0267341915684084 0.998928922184849
		outer loop
			vertex -3.78849539141973 -3.04859089940366 16.295734176295
			vertex -4.21286479210762 -2.6084954433621 16.3
			vertex -3.86037987792094 -3.106436130482 16.3
		endloop
	endfacet
	facet normal 0.0345167993044692 0.0307724236217464 0.998930252074798
		outer loop
			vertex -3.78849539141973 -3.04859089940366 16.295734176295
			vertex -3.86037987792094 -3.106436130482 16.3
			vertex -3.52740697378828 -3.47992503883212 16.3
		endloop
	endfacet
	facet normal 0.0392300441698435 0.0336227415217303 0.998664365483717
		outer loop
			vertex -3.52740697378828 -3.47992503883212 16.3
			vertex -3.44533625082392 -3.43254148483606 16.2951807601816
			vertex -3.78849539141973 -3.04859089940366 16.295734176295
		endloop
	endfacet
	facet normal 0.115186679648165 0.101524804840498 0.988142066118901
		outer loop
			vertex -3.78849539141973 -3.04859089940366 16.295734176295
			vertex -3.44533625082392 -3.43254148483606 16.2951807601816
			vertex -3.69370876854637 -2.97231638775152 16.2768483177596
		endloop
	endfacet
	facet normal 0.125430092010314 0.0887901237282055 0.98812125063001
		outer loop
			vertex -3.78849539141973 -3.04859089940366 16.295734176295
			vertex -3.69370876854637 -2.97231638775152 16.2768483177596
			vertex -4.13441665180627 -2.55992241132469 16.295734176295
		endloop
	endfacet
	facet normal 0.125430092010314 0.0887901237282061 0.98812125063001
		outer loop
			vertex -4.13441665180627 -2.55992241132469 16.295734176295
			vertex -3.69370876854637 -2.97231638775152 16.2768483177596
			vertex -4.03097521886599 -2.49587418765869 16.2768483177596
		endloop
	endfacet
	facet normal 0.135390662373941 0.0727032502391152 0.98812125063001
		outer loop
			vertex -4.13441665180627 -2.55992241132469 16.295734176295
			vertex -4.03097521886599 -2.49587418765869 16.2768483177596
			vertex -4.4176643701437 -2.03244810893126 16.295734176295
		endloop
	endfacet
	facet normal 0.135390662373941 0.0727032502391149 0.98812125063001
		outer loop
			vertex -4.4176643701437 -2.03244810893126 16.295734176295
			vertex -4.03097521886599 -2.49587418765869 16.2768483177596
			vertex -4.30713619381749 -1.981597079035 16.2768483177596
		endloop
	endfacet
	facet normal 0.143298848305621 0.0555142695860115 0.98812125063001
		outer loop
			vertex -4.4176643701437 -2.03244810893126 16.295734176295
			vertex -4.30713619381749 -1.981597079035 16.2768483177596
			vertex -4.63394479974885 -1.47416396496995 16.295734176295
		endloop
	endfacet
	facet normal 0.143298848305622 0.0555142695860118 0.98812125063001
		outer loop
			vertex -4.63394479974885 -1.47416396496995 16.295734176295
			vertex -4.30713619381749 -1.981597079035 16.2768483177596
			vertex -4.51800537452359 -1.43728097862198 16.2768483177596
		endloop
	endfacet
	facet normal 0.106008437432573 0.0966319420344852 0.989658768956123
		outer loop
			vertex -3.44533625082392 -3.43254148483606 16.2951807601816
			vertex -3.36039176115887 -3.38349876086176 16.281293219638
			vertex -3.69370876854637 -2.97231638775152 16.2768483177596
		endloop
	endfacet
	facet normal 0.207517239286405 0.178616777249151 0.961786172849286
		outer loop
			vertex -3.69370876854637 -2.97231638775152 16.2768483177596
			vertex -3.36039176115887 -3.38349876086176 16.281293219638
			vertex -3.60144870979596 -2.89807499468504 16.2431544344713
		endloop
	endfacet
	facet normal 0.22375546693711 0.158393215501866 0.961688660793469
		outer loop
			vertex -3.69370876854637 -2.97231638775152 16.2768483177596
			vertex -3.60144870979596 -2.89807499468504 16.2431544344713
			vertex -4.03097521886599 -2.49587418765869 16.2768483177596
		endloop
	endfacet
	facet normal 0.223755466937109 0.158393215501864 0.961688660793469
		outer loop
			vertex -4.03097521886599 -2.49587418765869 16.2768483177596
			vertex -3.60144870979596 -2.89807499468504 16.2431544344713
			vertex -3.93029104644804 -2.43353318742936 16.2431544344713
		endloop
	endfacet
	facet normal 0.241524186045519 0.129695748798151 0.961688660793469
		outer loop
			vertex -4.03097521886599 -2.49587418765869 16.2768483177596
			vertex -3.93029104644804 -2.43353318742936 16.2431544344713
			vertex -4.30713619381749 -1.981597079035 16.2768483177596
		endloop
	endfacet
	facet normal 0.241524186045519 0.129695748798151 0.961688660793469
		outer loop
			vertex -4.30713619381749 -1.981597079035 16.2768483177596
			vertex -3.93029104644804 -2.43353318742936 16.2431544344713
			vertex -4.19955417715405 -1.93210149765938 16.2431544344713
		endloop
	endfacet
	facet normal 0.255631644689679 0.0990322267472241 0.961688660793469
		outer loop
			vertex -4.30713619381749 -1.981597079035 16.2768483177596
			vertex -4.19955417715405 -1.93210149765938 16.2431544344713
			vertex -4.51800537452359 -1.43728097862198 16.2768483177596
		endloop
	endfacet
	facet normal 0.255631644689679 0.0990322267472243 0.961688660793469
		outer loop
			vertex -4.51800537452359 -1.43728097862198 16.2768483177596
			vertex -4.19955417715405 -1.93210149765938 16.2431544344713
			vertex -4.40515634732423 -1.40138111866071 16.2431544344713
		endloop
	endfacet
	facet normal 0.164698642031221 0.158278631985076 0.973561622071251
		outer loop
			vertex -3.36039176115887 -3.38349876086176 16.281293219638
			vertex -3.27637036960957 -3.33498898783309 16.2591926467366
			vertex -3.60144870979596 -2.89807499468504 16.2431544344713
		endloop
	endfacet
	facet normal 0.23277665933882 0.208066462581524 0.950012302033963
		outer loop
			vertex -3.60144870979596 -2.89807499468504 16.2431544344713
			vertex -3.27637036960957 -3.33498898783309 16.2591926467366
			vertex -3.19706894099247 -3.28920428667388 16.2297343098446
		endloop
	endfacet
	facet normal 0.286881734062983 0.265014363300039 0.920579305603646
		outer loop
			vertex -3.60144870979596 -2.89807499468504 16.2431544344713
			vertex -3.19706894099247 -3.28920428667388 16.2297343098446
			vertex -3.51311378361442 -2.82699214404559 16.1951632913551
		endloop
	endfacet
	facet normal 0.299993217893725 0.273479953095301 0.913899767191545
		outer loop
			vertex -3.51311378361442 -2.82699214404559 16.1951632913551
			vertex -3.19706894099247 -3.28920428667388 16.2297343098446
			vertex -3.13908193936579 -3.23728553221131 16.1951632913551
		endloop
	endfacet
	facet normal 0.37003070359017 0.337327557510019 0.865613884676585
		outer loop
			vertex -3.51311378361442 -2.82699214404559 16.1951632913551
			vertex -3.13908193936579 -3.23728553221131 16.1951632913551
			vertex -3.06485553160084 -3.16073701241891 16.1336023852211
		endloop
	endfacet
	facet normal 0.349968986367434 0.357109198593157 0.866022360485631
		outer loop
			vertex -3.06485553160084 -3.16073701241891 16.1336023852211
			vertex -3.13908193936579 -3.23728553221131 16.1951632913551
			vertex -3.12259512828209 -3.24620681085797 16.19217953249
		endloop
	endfacet
	facet normal 0.345364479623963 0.360518494987442 0.866458187673276
		outer loop
			vertex -3.06485553160084 -3.16073701241891 16.1336023852211
			vertex -3.12259512828209 -3.24620681085797 16.19217953249
			vertex -3.04798545275906 -3.20313089461059 16.1445174561831
		endloop
	endfacet
	facet normal 0.308327509829927 0.264151618657882 0.913869831563827
		outer loop
			vertex -3.19706894099247 -3.28920428667388 16.2297343098446
			vertex -3.12259512828209 -3.24620681085797 16.19217953249
			vertex -3.13908193936579 -3.23728553221131 16.1951632913551
		endloop
	endfacet
	facet normal 0.419276715477388 0.379221331570233 0.824862544634312
		outer loop
			vertex -3.04798545275906 -3.20313089461059 16.1445174561831
			vertex -2.9762513556222 -3.16171519431856 16.0890146891515
			vertex -3.06485553160084 -3.16073701241891 16.1336023852211
		endloop
	endfacet
	facet normal 0.406429788745615 0.445188336007258 0.79788606473812
		outer loop
			vertex -3.06485553160084 -3.16073701241891 16.1336023852211
			vertex -2.9762513556222 -3.16171519431856 16.0890146891515
			vertex -2.99645805520267 -3.09019977730988 16.0594049166547
		endloop
	endfacet
	facet normal 0.445890758007403 0.406483134657705 0.797466546735617
		outer loop
			vertex -3.06485553160084 -3.16073701241891 16.1336023852211
			vertex -2.99645805520267 -3.09019977730988 16.0594049166547
			vertex -3.43004305743901 -2.76014537939101 16.1336023852211
		endloop
	endfacet
	facet normal 0.445890758007403 0.406483134657704 0.797466546735617
		outer loop
			vertex -3.43004305743901 -2.76014537939101 16.1336023852211
			vertex -2.99645805520267 -3.09019977730988 16.0594049166547
			vertex -3.3534957988009 -2.6985480295336 16.0594049166547
		endloop
	endfacet
	facet normal 0.492463150921833 0.348607446595321 0.797466546735617
		outer loop
			vertex -3.43004305743901 -2.76014537939101 16.1336023852211
			vertex -3.3534957988009 -2.6985480295336 16.0594049166547
			vertex -3.74323462691978 -2.31771275594881 16.1336023852211
		endloop
	endfacet
	facet normal 0.492463150921833 0.348607446595321 0.797466546735617
		outer loop
			vertex -3.74323462691978 -2.31771275594881 16.1336023852211
			vertex -3.3534957988009 -2.6985480295336 16.0594049166547
			vertex -3.6596979644547 -2.265989044378 16.0594049166547
		endloop
	endfacet
	facet normal 0.531570304457583 0.285447224993417 0.797466546735617
		outer loop
			vertex -3.74323462691978 -2.31771275594881 16.1336023852211
			vertex -3.6596979644547 -2.265989044378 16.0594049166547
			vertex -3.99968257509972 -1.84014596967273 16.1336023852211
		endloop
	endfacet
	facet normal 0.531570304457583 0.285447224993418 0.797466546735617
		outer loop
			vertex -3.99968257509972 -1.84014596967273 16.1336023852211
			vertex -3.6596979644547 -2.265989044378 16.0594049166547
			vertex -3.91042283945806 -1.79907997513166 16.0594049166547
		endloop
	endfacet
	facet normal 0.562619394030688 0.217959914429493 0.797466546735617
		outer loop
			vertex -3.99968257509972 -1.84014596967273 16.1336023852211
			vertex -3.91042283945806 -1.79907997513166 16.0594049166547
			vertex -4.19549941249306 -1.33468444623792 16.1336023852211
		endloop
	endfacet
	facet normal 0.562619394030688 0.217959914429493 0.797466546735617
		outer loop
			vertex -4.19549941249306 -1.33468444623792 16.1336023852211
			vertex -3.91042283945806 -1.79907997513166 16.0594049166547
			vertex -4.10186969028079 -1.30489868734348 16.0594049166547
		endloop
	endfacet
	facet normal 0.45669848122179 0.447403796122942 0.768931947876072
		outer loop
			vertex -2.9762513556222 -3.16171519431856 16.0890146891515
			vertex -2.91074269361394 -3.12389375067383 16.0281001127225
			vertex -2.99645805520267 -3.09019977730988 16.0594049166547
		endloop
	endfacet
	facet normal 0.465650500152662 0.517807876804324 0.717666088391373
		outer loop
			vertex -2.99645805520267 -3.09019977730988 16.0594049166547
			vertex -2.91074269361394 -3.12389375067383 16.0281001127225
			vertex -2.93492634619293 -3.02674309946677 15.9736956436466
		endloop
	endfacet
	facet normal 0.514952348436486 0.469441092987026 0.71725109902662
		outer loop
			vertex -2.99645805520267 -3.09019977730988 16.0594049166547
			vertex -2.93492634619293 -3.02674309946677 15.9736956436466
			vertex -3.3534957988009 -2.6985480295336 16.0594049166547
		endloop
	endfacet
	facet normal 0.514952348436485 0.469441092987026 0.717251099026621
		outer loop
			vertex -3.3534957988009 -2.6985480295336 16.0594049166547
			vertex -2.93492634619293 -3.02674309946677 15.9736956436466
			vertex -3.28463238611307 -2.64313384750834 15.9736956436466
		endloop
	endfacet
	facet normal 0.568738085577048 0.402601354889994 0.717251099026621
		outer loop
			vertex -3.3534957988009 -2.6985480295336 16.0594049166547
			vertex -3.28463238611307 -2.64313384750834 15.9736956436466
			vertex -3.6596979644547 -2.265989044378 16.0594049166547
		endloop
	endfacet
	facet normal 0.56873808557705 0.402601354889996 0.717251099026619
		outer loop
			vertex -3.6596979644547 -2.265989044378 16.0594049166547
			vertex -3.28463238611307 -2.64313384750834 15.9736956436466
			vertex -3.58454674722963 -2.21945738068398 15.9736956436466
		endloop
	endfacet
	facet normal 0.613902333079946 0.329658590642056 0.717251099026619
		outer loop
			vertex -3.6596979644547 -2.265989044378 16.0594049166547
			vertex -3.58454674722963 -2.21945738068398 15.9736956436466
			vertex -3.91042283945806 -1.79907997513166 16.0594049166547
		endloop
	endfacet
	facet normal 0.613902333079946 0.329658590642056 0.717251099026619
		outer loop
			vertex -3.91042283945806 -1.79907997513166 16.0594049166547
			vertex -3.58454674722963 -2.21945738068398 15.9736956436466
			vertex -3.83012303354395 -1.76213620235872 15.9736956436466
		endloop
	endfacet
	facet normal 0.649760446990932 0.251718538195446 0.717251099026619
		outer loop
			vertex -3.91042283945806 -1.79907997513166 16.0594049166547
			vertex -3.83012303354395 -1.76213620235872 15.9736956436466
			vertex -4.10186969028079 -1.30489868734348 16.0594049166547
		endloop
	endfacet
	facet normal 0.649760446990932 0.251718538195446 0.717251099026619
		outer loop
			vertex -4.10186969028079 -1.30489868734348 16.0594049166547
			vertex -3.83012303354395 -1.76213620235872 15.9736956436466
			vertex -4.01763855888218 -1.27810283542845 15.9736956436466
		endloop
	endfacet
	facet normal 0.498525387894793 0.514713077805221 0.697526261269511
		outer loop
			vertex -2.91074269361394 -3.12389375067383 16.0281001127225
			vertex -2.85316305832099 -3.0906501327376 15.9624168008982
			vertex -2.93492634619293 -3.02674309946677 15.9736956436466
		endloop
	endfacet
	facet normal 0.531648423395664 0.569563666476806 0.626854994181591
		outer loop
			vertex -2.93492634619293 -3.02674309946677 15.9736956436466
			vertex -2.85316305832099 -3.0906501327376 15.9624168008982
			vertex -2.88119316255824 -2.97132891744151 15.8777738314082
		endloop
	endfacet
	facet normal 0.576176758390431 0.525254517303919 0.626201273667279
		outer loop
			vertex -2.93492634619293 -3.02674309946677 15.9736956436466
			vertex -2.88119316255824 -2.97132891744151 15.8777738314082
			vertex -3.28463238611307 -2.64313384750834 15.9736956436466
		endloop
	endfacet
	facet normal 0.576176758390431 0.525254517303919 0.626201273667278
		outer loop
			vertex -3.28463238611307 -2.64313384750834 15.9736956436466
			vertex -2.88119316255824 -2.97132891744151 15.8777738314082
			vertex -3.22449671851637 -2.59474285582862 15.8777738314082
		endloop
	endfacet
	facet normal 0.636357262018354 0.450467978810906 0.626201273667278
		outer loop
			vertex -3.28463238611307 -2.64313384750834 15.9736956436466
			vertex -3.22449671851637 -2.59474285582862 15.8777738314082
			vertex -3.58454674722963 -2.21945738068398 15.9736956436466
		endloop
	endfacet
	facet normal 0.636357262018354 0.450467978810905 0.626201273667278
		outer loop
			vertex -3.58454674722963 -2.21945738068398 15.9736956436466
			vertex -3.22449671851637 -2.59474285582862 15.8777738314082
			vertex -3.51892019109276 -2.1788231374566 15.8777738314082
		endloop
	endfacet
	facet normal 0.686891238220953 0.368852804940893 0.626201273667279
		outer loop
			vertex -3.58454674722963 -2.21945738068398 15.9736956436466
			vertex -3.51892019109276 -2.1788231374566 15.8777738314082
			vertex -3.83012303354395 -1.76213620235872 15.9736956436466
		endloop
	endfacet
	facet normal 0.686891238220952 0.368852804940891 0.626201273667281
		outer loop
			vertex -3.83012303354395 -1.76213620235872 15.9736956436466
			vertex -3.51892019109276 -2.1788231374566 15.8777738314082
			vertex -3.76000042056191 -1.72987468129075 15.8777738314082
		endloop
	endfacet
	facet normal 0.727012643430496 0.28164619853582 0.626201273667281
		outer loop
			vertex -3.83012303354395 -1.76213620235872 15.9736956436466
			vertex -3.76000042056191 -1.72987468129075 15.8777738314082
			vertex -4.01763855888218 -1.27810283542845 15.9736956436466
		endloop
	endfacet
	facet normal 0.727012643430497 0.281646198535821 0.626201273667279
		outer loop
			vertex -4.01763855888218 -1.27810283542845 15.9736956436466
			vertex -3.76000042056191 -1.72987468129075 15.8777738314082
			vertex -3.94408287638873 -1.25470308829368 15.8777738314082
		endloop
	endfacet
	facet normal 0.539682006052145 0.567739474609488 0.621623054039725
		outer loop
			vertex -2.85316305832099 -3.0906501327376 15.9624168008982
			vertex -2.79913830759384 -3.05945892836239 15.8870259936739
			vertex -2.88119316255824 -2.97132891744151 15.8777738314082
		endloop
	endfacet
	facet normal 0.581098989888967 0.59889207367463 0.551046502610917
		outer loop
			vertex -2.88119316255824 -2.97132891744151 15.8777738314082
			vertex -2.79913830759384 -3.05945892836239 15.8870259936739
			vertex -2.75026559135016 -3.03124225248307 15.8048212625718
		endloop
	endfacet
	facet normal 0.578450205755557 0.623185235770614 0.526341639411968
		outer loop
			vertex -2.88119316255824 -2.97132891744151 15.8777738314082
			vertex -2.75026559135016 -3.03124225248307 15.8048212625718
			vertex -2.83607304458992 -2.9247972537475 15.773093556836
		endloop
	endfacet
	facet normal 0.611254840710567 0.633960848806086 0.47377332331925
		outer loop
			vertex -2.83607304458992 -2.9247972537475 15.773093556836
			vertex -2.75026559135016 -3.03124225248307 15.8048212625718
			vertex -2.70899847300399 -3.00741667059723 15.7196978291028
		endloop
	endfacet
	facet normal 0.612085105718295 0.671414663898049 0.417796807623626
		outer loop
			vertex -2.83607304458992 -2.9247972537475 15.773093556836
			vertex -2.70899847300399 -3.00741667059723 15.7196978291028
			vertex -2.80024996728344 -2.88785348097456 15.6612416661872
		endloop
	endfacet
	facet normal 0.635944000064729 0.671399964162522 0.380522426282914
		outer loop
			vertex -2.80024996728344 -2.88785348097456 15.6612416661872
			vertex -2.70899847300399 -3.00741667059723 15.7196978291028
			vertex -2.67707098310548 -2.98898332570977 15.6338152621957
		endloop
	endfacet
	facet normal 0.644102893534841 0.70234931072384 0.303046049744578
		outer loop
			vertex -2.80024996728344 -2.88785348097456 15.6612416661872
			vertex -2.67707098310548 -2.98898332570977 15.6338152621957
			vertex -2.77426697197473 -2.86105762905953 15.5439137201084
		endloop
	endfacet
	facet normal 0.65621319058215 0.698751678313202 0.284833882395475
		outer loop
			vertex -2.77426697197473 -2.86105762905953 15.5439137201084
			vertex -2.67707098310548 -2.98898332570977 15.6338152621957
			vertex -2.65200558457889 -2.9745118111231 15.540567085321
		endloop
	endfacet
	facet normal 0.671331255526519 0.718025947198436 0.183720125470718
		outer loop
			vertex -2.77426697197473 -2.86105762905953 15.5439137201084
			vertex -2.65200558457889 -2.9745118111231 15.540567085321
			vertex -2.75851793438708 -2.84481589580325 15.4228882906647
		endloop
	endfacet
	facet normal 0.663784582496232 0.722057689496729 0.194994156525133
		outer loop
			vertex -2.75851793438708 -2.84481589580325 15.4228882906647
			vertex -2.65200558457889 -2.9745118111231 15.540567085321
			vertex -2.63439430305276 -2.96434393299321 15.4429647156718
		endloop
	endfacet
	facet normal 0.681712184935948 0.724738242313914 0.100114819270643
		outer loop
			vertex -2.75851793438708 -2.84481589580325 15.4228882906647
			vertex -2.63439430305276 -2.96434393299321 15.4429647156718
			vertex -2.62556702188495 -2.95924749983477 15.3459636401864
		endloop
	endfacet
	facet normal 0.677640733786219 0.730525926477539 0.0844683766732102
		outer loop
			vertex -2.62556702188495 -2.95924749983477 15.3459636401864
			vertex -2.75397732852583 -2.84013324082769 15.3459636401865
			vertex -2.75851793438708 -2.84481589580325 15.4228882906647
		endloop
	endfacet
	facet normal 0.736376490579057 0.671295869679909 0.0843298255255352
		outer loop
			vertex -2.75851793438708 -2.84481589580325 15.4228882906647
			vertex -2.75397732852583 -2.84013324082769 15.3459636401865
			vertex -3.08720433707467 -2.4842640875111 15.4228882906647
		endloop
	endfacet
	facet normal 0.726472365979621 0.662267067129235 0.183412740190022
		outer loop
			vertex -2.75851793438708 -2.84481589580325 15.4228882906647
			vertex -3.08720433707467 -2.4842640875111 15.4228882906647
			vertex -3.10482992382155 -2.49844734439849 15.5439137201084
		endloop
	endfacet
	facet normal 0.802350943551118 0.567972473028948 0.183412740190022
		outer loop
			vertex -3.10482992382155 -2.49844734439849 15.5439137201084
			vertex -3.08720433707467 -2.4842640875111 15.4228882906647
			vertex -3.38832681891258 -2.09796314477336 15.5439137201084
		endloop
	endfacet
	facet normal 0.777923799185684 0.550680855556841 0.302630398314012
		outer loop
			vertex -3.10482992382155 -2.49844734439849 15.5439137201084
			vertex -3.38832681891258 -2.09796314477336 15.5439137201084
			vertex -3.42006092407604 -2.1176120708137 15.6612416661872
		endloop
	endfacet
	facet normal 0.839699762314948 0.450909249388969 0.302630398314012
		outer loop
			vertex -3.42006092407604 -2.1176120708137 15.6612416661872
			vertex -3.38832681891258 -2.09796314477336 15.5439137201084
			vertex -3.65436833305388 -1.68127620967549 15.6612416661872
		endloop
	endfacet
	facet normal 0.800634049838945 0.429931404830769 0.417305769644671
		outer loop
			vertex -3.42006092407604 -2.1176120708137 15.6612416661872
			vertex -3.65436833305388 -1.68127620967549 15.6612416661872
			vertex -3.70111798784572 -1.70278446370153 15.773093556836
		endloop
	endfacet
	facet normal 0.847399187244604 0.328284194073448 0.417305769644671
		outer loop
			vertex -3.70111798784572 -1.70278446370153 15.773093556836
			vertex -3.65436833305388 -1.68127620967549 15.6612416661872
			vertex -3.88231767196853 -1.23505416225334 15.773093556836
		endloop
	endfacet
	facet normal 0.793220519442723 0.307295266348432 0.525709831385016
		outer loop
			vertex -3.70111798784572 -1.70278446370153 15.773093556836
			vertex -3.88231767196853 -1.23505416225334 15.773093556836
			vertex -3.94408287638873 -1.25470308829368 15.8777738314082
		endloop
	endfacet
	facet normal 0.736376490579057 0.671295869679909 0.0843298255255356
		outer loop
			vertex -2.75397732852583 -2.84013324082769 15.3459636401865
			vertex -3.08212270322591 -2.4801749119665 15.3459636401865
			vertex -3.08720433707467 -2.4842640875111 15.4228882906647
		endloop
	endfacet
	facet normal 0.813289534046145 0.57571574091546 0.0843298255255364
		outer loop
			vertex -3.08720433707467 -2.4842640875111 15.4228882906647
			vertex -3.08212270322591 -2.4801749119665 15.3459636401865
			vertex -3.36909186893503 -2.08605336797166 15.4228882906647
		endloop
	endfacet
	facet normal 0.802350943551118 0.567972473028948 0.183412740190021
		outer loop
			vertex -3.08720433707467 -2.4842640875111 15.4228882906647
			vertex -3.36909186893503 -2.08605336797166 15.4228882906647
			vertex -3.38832681891258 -2.09796314477336 15.5439137201084
		endloop
	endfacet
	facet normal 0.866066698689897 0.4650679951968 0.183412740190022
		outer loop
			vertex -3.38832681891258 -2.09796314477336 15.5439137201084
			vertex -3.36909186893503 -2.08605336797166 15.4228882906647
			vertex -3.62046013329908 -1.66567596241934 15.5439137201084
		endloop
	endfacet
	facet normal 0.839699762314947 0.450909249388967 0.302630398314016
		outer loop
			vertex -3.38832681891258 -2.09796314477336 15.5439137201084
			vertex -3.62046013329908 -1.66567596241934 15.5439137201084
			vertex -3.65436833305388 -1.68127620967549 15.6612416661872
		endloop
	endfacet
	facet normal 0.888746732990322 0.344302318631938 0.302630398314016
		outer loop
			vertex -3.65436833305388 -1.68127620967549 15.6612416661872
			vertex -3.62046013329908 -1.66567596241934 15.5439137201084
			vertex -3.83327924316058 -1.2194539149972 15.6612416661872
		endloop
	endfacet
	facet normal 0.847399187244604 0.328284194073447 0.417305769644672
		outer loop
			vertex -3.65436833305388 -1.68127620967549 15.6612416661872
			vertex -3.83327924316058 -1.2194539149972 15.6612416661872
			vertex -3.88231767196853 -1.23505416225334 15.773093556836
		endloop
	endfacet
	facet normal 0.813289534046145 0.57571574091546 0.0843298255255382
		outer loop
			vertex -3.08212270322591 -2.4801749119665 15.3459636401865
			vertex -3.36354623948797 -2.08261965959101 15.3459636401865
			vertex -3.36909186893503 -2.08605336797166 15.4228882906647
		endloop
	endfacet
	facet normal 0.877873937198796 0.471408348371044 0.0843298255255381
		outer loop
			vertex -3.36909186893503 -2.08605336797166 15.4228882906647
			vertex -3.36354623948797 -2.08261965959101 15.3459636401865
			vertex -3.59990740232548 -1.65622020577948 15.4228882906647
		endloop
	endfacet
	facet normal 0.866066698689897 0.465067995196802 0.183412740190017
		outer loop
			vertex -3.36909186893503 -2.08605336797166 15.4228882906647
			vertex -3.59990740232548 -1.65622020577948 15.4228882906647
			vertex -3.62046013329908 -1.66567596241934 15.5439137201084
		endloop
	endfacet
	facet normal 0.916653765496319 0.355113560621682 0.183412740190017
		outer loop
			vertex -3.62046013329908 -1.66567596241934 15.5439137201084
			vertex -3.59990740232548 -1.65622020577948 15.4228882906647
			vertex -3.79771096255861 -1.20813883037163 15.5439137201084
		endloop
	endfacet
	facet normal 0.888746732990323 0.344302318631939 0.302630398314013
		outer loop
			vertex -3.62046013329908 -1.66567596241934 15.5439137201084
			vertex -3.79771096255861 -1.20813883037163 15.5439137201084
			vertex -3.83327924316058 -1.2194539149972 15.6612416661872
		endloop
	endfacet
	facet normal 0.877873937198796 0.471408348371043 0.0843298255255456
		outer loop
			vertex -3.36354623948797 -2.08261965959101 15.3459636401865
			vertex -3.59398184336964 -1.6534940160817 15.3459636401865
			vertex -3.59990740232548 -1.65622020577948 15.4228882906647
		endloop
	endfacet
	facet normal 0.929150666318932 0.359954885792533 0.0843298255255463
		outer loop
			vertex -3.59990740232548 -1.65622020577948 15.4228882906647
			vertex -3.59398184336964 -1.6534940160817 15.3459636401865
			vertex -3.77615200904023 -1.2012804335256 15.4228882906647
		endloop
	endfacet
	facet normal 0.916653765496319 0.355113560621681 0.183412740190019
		outer loop
			vertex -3.59990740232548 -1.65622020577948 15.4228882906647
			vertex -3.77615200904023 -1.2012804335256 15.4228882906647
			vertex -3.79771096255861 -1.20813883037163 15.5439137201084
		endloop
	endfacet
	facet normal 0.929150666318932 0.359954885792535 0.0843298255255401
		outer loop
			vertex -3.59398184336964 -1.6534940160817 15.3459636401865
			vertex -3.7699363460092 -1.19930308876758 15.3459636401865
			vertex -3.77615200904023 -1.2012804335256 15.4228882906647
		endloop
	endfacet
	facet normal 0.364049993716335 0.141033718923208 0.920639501760503
		outer loop
			vertex -4.29710839437114 -1.36700859036887 16.1951632913551
			vertex -4.40515634732423 -1.40138111866071 16.2431544344713
			vertex -4.09654915386295 -1.88471166736505 16.1951632913551
		endloop
	endfacet
	facet normal 0.364049993716335 0.141033718923208 0.920639501760502
		outer loop
			vertex -4.09654915386295 -1.88471166736505 16.1951632913551
			vertex -4.40515634732423 -1.40138111866071 16.2431544344713
			vertex -4.19955417715405 -1.93210149765938 16.2431544344713
		endloop
	endfacet
	facet normal 0.34395928766547 0.184702236658999 0.920639501760502
		outer loop
			vertex -4.09654915386295 -1.88471166736505 16.1951632913551
			vertex -4.19955417715405 -1.93210149765938 16.2431544344713
			vertex -3.83389040397447 -2.37384443665326 16.1951632913551
		endloop
	endfacet
	facet normal 0.34395928766547 0.184702236659 0.920639501760502
		outer loop
			vertex -3.83389040397447 -2.37384443665326 16.1951632913551
			vertex -4.19955417715405 -1.93210149765938 16.2431544344713
			vertex -3.93029104644804 -2.43353318742936 16.2431544344713
		endloop
	endfacet
	facet normal 0.318654509426388 0.225570856762133 0.920639501760502
		outer loop
			vertex -3.83389040397447 -2.37384443665326 16.1951632913551
			vertex -3.93029104644804 -2.43353318742936 16.2431544344713
			vertex -3.51311378361442 -2.82699214404559 16.1951632913551
		endloop
	endfacet
	facet normal 0.318654509426387 0.225570856762132 0.920639501760502
		outer loop
			vertex -3.51311378361442 -2.82699214404559 16.1951632913551
			vertex -3.93029104644804 -2.43353318742936 16.2431544344713
			vertex -3.60144870979596 -2.89807499468504 16.2431544344713
		endloop
	endfacet
	facet normal 0.466900124050551 0.180878071685575 0.865613884676585
		outer loop
			vertex -4.19549941249306 -1.33468444623792 16.1336023852211
			vertex -4.29710839437114 -1.36700859036887 16.1951632913551
			vertex -3.99968257509972 -1.84014596967273 16.1336023852211
		endloop
	endfacet
	facet normal 0.466900124050551 0.180878071685575 0.865613884676585
		outer loop
			vertex -3.99968257509972 -1.84014596967273 16.1336023852211
			vertex -4.29710839437114 -1.36700859036887 16.1951632913551
			vertex -4.09654915386295 -1.88471166736505 16.1951632913551
		endloop
	endfacet
	facet normal 0.441133462027968 0.236883666246391 0.865613884676585
		outer loop
			vertex -3.99968257509972 -1.84014596967273 16.1336023852211
			vertex -4.09654915386295 -1.88471166736505 16.1951632913551
			vertex -3.74323462691978 -2.31771275594881 16.1336023852211
		endloop
	endfacet
	facet normal 0.441133462027967 0.236883666246391 0.865613884676585
		outer loop
			vertex -3.74323462691978 -2.31771275594881 16.1336023852211
			vertex -4.09654915386295 -1.88471166736505 16.1951632913551
			vertex -3.83389040397447 -2.37384443665326 16.1951632913551
		endloop
	endfacet
	facet normal 0.408679666387731 0.289298345892824 0.865613884676585
		outer loop
			vertex -3.74323462691978 -2.31771275594881 16.1336023852211
			vertex -3.83389040397447 -2.37384443665326 16.1951632913551
			vertex -3.43004305743901 -2.76014537939101 16.1336023852211
		endloop
	endfacet
	facet normal 0.408679666387732 0.289298345892825 0.865613884676585
		outer loop
			vertex -3.43004305743901 -2.76014537939101 16.1336023852211
			vertex -3.83389040397447 -2.37384443665326 16.1951632913551
			vertex -3.51311378361442 -2.82699214404559 16.1951632913551
		endloop
	endfacet
	facet normal 0.370030703590171 0.33732755751002 0.865613884676585
		outer loop
			vertex -3.43004305743901 -2.76014537939101 16.1336023852211
			vertex -3.51311378361442 -2.82699214404559 16.1951632913551
			vertex -3.06485553160084 -3.16073701241891 16.1336023852211
		endloop
	endfacet
	facet normal 0.793220519442724 0.307295266348433 0.525709831385016
		outer loop
			vertex -3.94408287638873 -1.25470308829368 15.8777738314082
			vertex -3.76000042056191 -1.72987468129075 15.8777738314082
			vertex -3.70111798784572 -1.70278446370153 15.773093556836
		endloop
	endfacet
	facet normal 0.749445322176668 0.402443638603778 0.525709831385016
		outer loop
			vertex -3.70111798784572 -1.70278446370153 15.773093556836
			vertex -3.76000042056191 -1.72987468129075 15.8777738314082
			vertex -3.4638131277391 -2.14470228840291 15.773093556836
		endloop
	endfacet
	facet normal 0.800634049838944 0.429931404830769 0.417305769644673
		outer loop
			vertex -3.70111798784572 -1.70278446370153 15.773093556836
			vertex -3.4638131277391 -2.14470228840291 15.773093556836
			vertex -3.42006092407604 -2.1176120708137 15.6612416661872
		endloop
	endfacet
	facet normal 0.741732116359139 0.525061293738798 0.417305769644673
		outer loop
			vertex -3.42006092407604 -2.1176120708137 15.6612416661872
			vertex -3.4638131277391 -2.14470228840291 15.773093556836
			vertex -3.13390887770736 -2.52184709153326 15.6612416661872
		endloop
	endfacet
	facet normal 0.777923799185684 0.55068085555684 0.302630398314014
		outer loop
			vertex -3.42006092407604 -2.1176120708137 15.6612416661872
			vertex -3.13390887770736 -2.52184709153326 15.6612416661872
			vertex -3.10482992382155 -2.49844734439849 15.5439137201084
		endloop
	endfacet
	facet normal 0.704355304232622 0.642104701287627 0.302630398314014
		outer loop
			vertex -3.10482992382155 -2.49844734439849 15.5439137201084
			vertex -3.13390887770736 -2.52184709153326 15.6612416661872
			vertex -2.77426697197473 -2.86105762905953 15.5439137201084
		endloop
	endfacet
	facet normal 0.726472365979621 0.662267067129237 0.183412740190017
		outer loop
			vertex -3.10482992382155 -2.49844734439849 15.5439137201084
			vertex -2.77426697197473 -2.86105762905953 15.5439137201084
			vertex -2.75851793438708 -2.84481589580325 15.4228882906647
		endloop
	endfacet
	facet normal 0.749445322176668 0.402443638603777 0.525709831385016
		outer loop
			vertex -3.76000042056191 -1.72987468129075 15.8777738314082
			vertex -3.51892019109276 -2.1788231374566 15.8777738314082
			vertex -3.4638131277391 -2.14470228840291 15.773093556836
		endloop
	endfacet
	facet normal 0.694309297768911 0.491491375526346 0.525709831385017
		outer loop
			vertex -3.4638131277391 -2.14470228840291 15.773093556836
			vertex -3.51892019109276 -2.1788231374566 15.8777738314082
			vertex -3.17400039143265 -2.55410861260124 15.773093556836
		endloop
	endfacet
	facet normal 0.741732116359139 0.525061293738798 0.417305769644672
		outer loop
			vertex -3.4638131277391 -2.14470228840291 15.773093556836
			vertex -3.17400039143265 -2.55410861260124 15.773093556836
			vertex -3.13390887770736 -2.52184709153326 15.6612416661872
		endloop
	endfacet
	facet normal 0.671586280075415 0.612231788651761 0.417305769644672
		outer loop
			vertex -3.13390887770736 -2.52184709153326 15.6612416661872
			vertex -3.17400039143265 -2.55410861260124 15.773093556836
			vertex -2.80024996728344 -2.88785348097456 15.6612416661872
		endloop
	endfacet
	facet normal 0.704355304232622 0.642104701287627 0.302630398314014
		outer loop
			vertex -3.13390887770736 -2.52184709153326 15.6612416661872
			vertex -2.80024996728344 -2.88785348097456 15.6612416661872
			vertex -2.77426697197473 -2.86105762905953 15.5439137201084
		endloop
	endfacet
	facet normal 0.694309297768911 0.491491375526346 0.525709831385016
		outer loop
			vertex -3.51892019109276 -2.1788231374566 15.8777738314082
			vertex -3.22449671851637 -2.59474285582862 15.8777738314082
			vertex -3.17400039143265 -2.55410861260124 15.773093556836
		endloop
	endfacet
	facet normal 0.628648252146904 0.573088604194658 0.525709831385015
		outer loop
			vertex -3.17400039143265 -2.55410861260124 15.773093556836
			vertex -3.22449671851637 -2.59474285582862 15.8777738314082
			vertex -2.83607304458992 -2.9247972537475 15.773093556836
		endloop
	endfacet
	facet normal 0.671586280075415 0.61223178865176 0.417305769644673
		outer loop
			vertex -3.17400039143265 -2.55410861260124 15.773093556836
			vertex -2.83607304458992 -2.9247972537475 15.773093556836
			vertex -2.80024996728344 -2.88785348097456 15.6612416661872
		endloop
	endfacet
	facet normal 0.628648252146904 0.573088604194658 0.525709831385016
		outer loop
			vertex -2.88119316255824 -2.97132891744151 15.8777738314082
			vertex -2.83607304458992 -2.9247972537475 15.773093556836
			vertex -3.22449671851637 -2.59474285582862 15.8777738314082
		endloop
	endfacet
	facet normal 0 0 1
		outer loop
			vertex -3.52740697378828 -3.47992503883212 16.3
			vertex -3.86037987792094 -3.106436130482 16.3
			vertex -7.25583117443837 -5.63253175473058 16.3
		endloop
	endfacet
	facet normal 0 0 1
		outer loop
			vertex -7.25583117443837 -5.63253175473058 16.3
			vertex -3.86037987792094 -3.106436130482 16.3
			vertex -4.21286479210762 -2.6084954433621 16.3
		endloop
	endfacet
	facet normal 0 0 1
		outer loop
			vertex -7.25583117443837 -5.63253175473058 16.3
			vertex -4.21286479210762 -2.6084954433621 16.3
			vertex -8.50583117443837 -3.46746824526949 16.3
		endloop
	endfacet
	facet normal 0 0 1
		outer loop
			vertex -8.50583117443837 -3.46746824526949 16.3
			vertex -4.21286479210762 -2.6084954433621 16.3
			vertex -4.50148697040387 -2.07101262427468 16.3
		endloop
	endfacet
	facet normal 0 0 1
		outer loop
			vertex -8.50583117443837 -3.46746824526949 16.3
			vertex -4.50148697040387 -2.07101262427468 16.3
			vertex -4.72187119479194 -1.50213536487728 16.3
		endloop
	endfacet
	facet normal 0 0 1
		outer loop
			vertex -4.72187119479194 -1.50213536487728 16.3
			vertex -4.77740697378829 -1.31486152937102 16.3
			vertex -8.50583117443837 -3.46746824526949 16.3
		endloop
	endfacet
	facet normal 0 0 1
		outer loop
			vertex -8.63434002315626 -3.55745110986841 16.3
			vertex -8.74527117324545 -3.66838225995761 16.3
			vertex -8.50583117443837 -3.46746824526949 16.3
		endloop
	endfacet
	facet normal 0 0 1
		outer loop
			vertex -8.50583117443837 -3.46746824526949 16.3
			vertex -8.74527117324545 -3.66838225995761 16.3
			vertex -8.83525403784436 -3.79689110867549 16.3
		endloop
	endfacet
	facet normal 0 0 1
		outer loop
			vertex -8.50583117443837 -3.46746824526949 16.3
			vertex -8.83525403784436 -3.79689110867549 16.3
			vertex -8.90155453314569 -3.93907297968239 16.3
		endloop
	endfacet
	facet normal 0 0 1
		outer loop
			vertex -8.90155453314569 -3.93907297968239 16.3
			vertex -8.94215815214936 -4.09060774877525 16.3
			vertex -8.50583117443837 -3.46746824526949 16.3
		endloop
	endfacet
	facet normal 0 0 1
		outer loop
			vertex -8.50583117443837 -3.46746824526949 16.3
			vertex -8.94215815214936 -4.09060774877525 16.3
			vertex -8.95583117443837 -4.24689110867549 16.3
		endloop
	endfacet
	facet normal 0 0 1
		outer loop
			vertex -8.50583117443837 -3.46746824526949 16.3
			vertex -8.95583117443837 -4.24689110867549 16.3
			vertex -8.94215815214935 -4.40317446857573 16.3
		endloop
	endfacet
	facet normal 0 0 1
		outer loop
			vertex -8.94215815214935 -4.40317446857573 16.3
			vertex -8.90155453314568 -4.55470923766859 16.3
			vertex -8.50583117443837 -3.46746824526949 16.3
		endloop
	endfacet
	facet normal 0 0 1
		outer loop
			vertex -8.50583117443837 -3.46746824526949 16.3
			vertex -8.90155453314568 -4.55470923766859 16.3
			vertex -8.83525403784436 -4.69689110867549 16.3
		endloop
	endfacet
	facet normal 0 0 1
		outer loop
			vertex -8.50583117443837 -3.46746824526949 16.3
			vertex -8.83525403784436 -4.69689110867549 16.3
			vertex -8.48525403784436 -5.30310889132459 16.3
		endloop
	endfacet
	facet normal 0 0 1
		outer loop
			vertex -8.50583117443837 -3.46746824526949 16.3
			vertex -8.48525403784436 -5.30310889132459 16.3
			vertex -7.25583117443837 -5.63253175473058 16.3
		endloop
	endfacet
	facet normal 0 0 1
		outer loop
			vertex -7.25583117443837 -5.63253175473058 16.3
			vertex -8.48525403784436 -5.30310889132459 16.3
			vertex -8.39527117324545 -5.43161774004248 16.3
		endloop
	endfacet
	facet normal 0 0 1
		outer loop
			vertex -7.25583117443837 -5.63253175473058 16.3
			vertex -8.39527117324545 -5.43161774004248 16.3
			vertex -8.28434002315625 -5.54254889013167 16.3
		endloop
	endfacet
	facet normal 0 0 1
		outer loop
			vertex -8.28434002315625 -5.54254889013167 16.3
			vertex -8.15583117443837 -5.63253175473058 16.3
			vertex -7.25583117443837 -5.63253175473058 16.3
		endloop
	endfacet
	facet normal 0 0 1
		outer loop
			vertex -7.25583117443837 -5.63253175473058 16.3
			vertex -8.15583117443837 -5.63253175473058 16.3
			vertex -8.01364930343147 -5.69883225003191 16.3
		endloop
	endfacet
	facet normal 0 0 1
		outer loop
			vertex -7.25583117443837 -5.63253175473058 16.3
			vertex -8.01364930343147 -5.69883225003191 16.3
			vertex -7.8621145343386 -5.73943586903558 16.3
		endloop
	endfacet
	facet normal 0 0 1
		outer loop
			vertex -7.8621145343386 -5.73943586903558 16.3
			vertex -7.70583117443837 -5.75310889132459 16.3
			vertex -7.25583117443837 -5.63253175473058 16.3
		endloop
	endfacet
	facet normal 0 0 1
		outer loop
			vertex -7.25583117443837 -5.63253175473058 16.3
			vertex -7.70583117443837 -5.75310889132459 16.3
			vertex -7.54954781453813 -5.73943586903558 16.3
		endloop
	endfacet
	facet normal 0 0 1
		outer loop
			vertex -7.25583117443837 -5.63253175473058 16.3
			vertex -7.54954781453813 -5.73943586903558 16.3
			vertex -7.39801304544526 -5.6988322500319 16.3
		endloop
	endfacet
	facet normal -0.573576436351051 0.819152044288988 0
		outer loop
			vertex -8.50583117443837 -3.46746824526949 15.55
			vertex -8.63434002315626 -3.55745110986841 15.55
			vertex -8.50583117443837 -3.46746824526949 16.3
		endloop
	endfacet
	facet normal -0.573576436351051 0.819152044288988 0
		outer loop
			vertex -8.50583117443837 -3.46746824526949 16.3
			vertex -8.63434002315626 -3.55745110986841 15.55
			vertex -8.63434002315626 -3.55745110986841 16.3
		endloop
	endfacet
	facet normal -0.707106781186549 0.707106781186546 0
		outer loop
			vertex -8.63434002315626 -3.55745110986841 15.55
			vertex -8.74527117324545 -3.66838225995761 15.55
			vertex -8.63434002315626 -3.55745110986841 16.3
		endloop
	endfacet
	facet normal -0.707106781186549 0.707106781186546 0
		outer loop
			vertex -8.63434002315626 -3.55745110986841 16.3
			vertex -8.74527117324545 -3.66838225995761 15.55
			vertex -8.74527117324545 -3.66838225995761 16.3
		endloop
	endfacet
	facet normal -0.819152044289 0.573576436351035 0
		outer loop
			vertex -8.74527117324545 -3.66838225995761 15.55
			vertex -8.83525403784436 -3.79689110867549 15.55
			vertex -8.74527117324545 -3.66838225995761 16.3
		endloop
	endfacet
	facet normal -0.819152044289 0.573576436351035 0
		outer loop
			vertex -8.74527117324545 -3.66838225995761 16.3
			vertex -8.83525403784436 -3.79689110867549 15.55
			vertex -8.83525403784436 -3.79689110867549 16.3
		endloop
	endfacet
	facet normal -0.906307787036652 0.422618261740696 0
		outer loop
			vertex -8.83525403784436 -3.79689110867549 15.55
			vertex -8.90155453314569 -3.93907297968239 15.55
			vertex -8.83525403784436 -3.79689110867549 16.3
		endloop
	endfacet
	facet normal -0.906307787036652 0.422618261740696 0
		outer loop
			vertex -8.83525403784436 -3.79689110867549 16.3
			vertex -8.90155453314569 -3.93907297968239 15.55
			vertex -8.90155453314569 -3.93907297968239 16.3
		endloop
	endfacet
	facet normal -0.965925826289071 0.258819045102511 0
		outer loop
			vertex -8.90155453314569 -3.93907297968239 15.55
			vertex -8.94215815214936 -4.09060774877525 15.55
			vertex -8.90155453314569 -3.93907297968239 16.3
		endloop
	endfacet
	facet normal -0.965925826289071 0.258819045102511 0
		outer loop
			vertex -8.90155453314569 -3.93907297968239 16.3
			vertex -8.94215815214936 -4.09060774877525 15.55
			vertex -8.94215815214936 -4.09060774877525 16.3
		endloop
	endfacet
	facet normal -0.996194698091745 0.0871557427476607 0
		outer loop
			vertex -8.94215815214936 -4.09060774877525 15.55
			vertex -8.95583117443837 -4.24689110867549 15.55
			vertex -8.94215815214936 -4.09060774877525 16.3
		endloop
	endfacet
	facet normal -0.996194698091745 0.0871557427476612 -1.01938578286489E-16
		outer loop
			vertex -8.94215815214936 -4.09060774877525 16.3
			vertex -8.95583117443837 -4.24689110867549 15.55
			vertex -8.95583117443837 -4.24689110867549 16.3
		endloop
	endfacet
	facet normal -0.996194698091745 -0.0871557427476607 1.00794075340375E-16
		outer loop
			vertex -8.95583117443837 -4.24689110867549 15.55
			vertex -8.94215815214936 -4.40317446857573 15.55
			vertex -8.95583117443837 -4.24689110867549 16.3
		endloop
	endfacet
	facet normal -0.996194698091744 -0.0871557427476712 2.30240581991894E-15
		outer loop
			vertex -8.95583117443837 -4.24689110867549 16.3
			vertex -8.94215815214936 -4.40317446857573 15.55
			vertex -8.94215815214935 -4.40317446857573 16.3
		endloop
	endfacet
	facet normal -0.965925826289065 -0.258819045102533 2.23415227588791E-15
		outer loop
			vertex -8.94215815214936 -4.40317446857573 15.55
			vertex -8.90155453314568 -4.55470923766859 15.55
			vertex -8.94215815214935 -4.40317446857573 16.3
		endloop
	endfacet
	facet normal -0.965925826289068 -0.258819045102523 0
		outer loop
			vertex -8.94215815214935 -4.40317446857573 16.3
			vertex -8.90155453314568 -4.55470923766859 15.55
			vertex -8.90155453314568 -4.55470923766859 16.3
		endloop
	endfacet
	facet normal -0.906307787036651 -0.422618261740698 0
		outer loop
			vertex -8.90155453314568 -4.55470923766859 15.55
			vertex -8.83525403784436 -4.69689110867549 15.55
			vertex -8.90155453314568 -4.55470923766859 16.3
		endloop
	endfacet
	facet normal -0.906307787036651 -0.422618261740698 0
		outer loop
			vertex -8.90155453314568 -4.55470923766859 16.3
			vertex -8.83525403784436 -4.69689110867549 15.55
			vertex -8.83525403784436 -4.69689110867549 16.3
		endloop
	endfacet
	facet normal 0 0 -1
		outer loop
			vertex -6.36413305610733 -3.2822237433842 15.55
			vertex -6.0245556707288 -3.87038902796121 15.55
			vertex -7.49242499385067 -2.88237791410874 15.55
		endloop
	endfacet
	facet normal 0 0 -1
		outer loop
			vertex -7.49242499385067 -2.88237791410874 15.55
			vertex -6.0245556707288 -3.87038902796121 15.55
			vertex -6.24242499385066 -5.04744142356983 15.55
		endloop
	endfacet
	facet normal 0 0 -1
		outer loop
			vertex -7.49242499385067 -2.88237791410874 15.55
			vertex -6.24242499385066 -5.04744142356983 15.55
			vertex -8.50583117443837 -3.46746824526949 15.55
		endloop
	endfacet
	facet normal 0 0 -1
		outer loop
			vertex -8.50583117443837 -3.46746824526949 15.55
			vertex -6.24242499385066 -5.04744142356983 15.55
			vertex -7.25583117443837 -5.63253175473058 15.55
		endloop
	endfacet
	facet normal 0 0 -1
		outer loop
			vertex -8.50583117443837 -3.46746824526949 15.55
			vertex -7.25583117443837 -5.63253175473058 15.55
			vertex -8.83525403784436 -4.69689110867549 15.55
		endloop
	endfacet
	facet normal 0 0 -1
		outer loop
			vertex -8.83525403784436 -4.69689110867549 15.55
			vertex -7.25583117443837 -5.63253175473058 15.55
			vertex -8.48525403784436 -5.30310889132459 15.55
		endloop
	endfacet
	facet normal 0 0 -1
		outer loop
			vertex -6.36413305610733 -3.2822237433842 15.55
			vertex -7.49242499385067 -2.88237791410874 15.55
			vertex -6.61784831501183 -2.65223979911173 15.55
		endloop
	endfacet
	facet normal 0 0 -1
		outer loop
			vertex -6.61784831501183 -2.65223979911173 15.55
			vertex -7.49242499385067 -2.88237791410874 15.55
			vertex -6.7368397577383 -2.44614057464356 15.55
		endloop
	endfacet
	facet normal 0 0 -1
		outer loop
			vertex -6.61784831501183 -2.65223979911173 15.55
			vertex -6.7368397577383 -2.44614057464356 15.55
			vertex -6.62820196107619 -2.6096672214609 15.55
		endloop
	endfacet
	facet normal 0 0 -1
		outer loop
			vertex -6.62820196107619 -2.6096672214609 15.55
			vertex -6.7368397577383 -2.44614057464356 15.55
			vertex -6.63218837820477 -2.56597580381956 15.55
		endloop
	endfacet
	facet normal 0 0 -1
		outer loop
			vertex -6.58482850473194 -2.39858112679982 15.55
			vertex -6.59943502845524 -2.42420127670241 15.55
			vertex -6.6449603395713 -2.39309396783185 15.55
		endloop
	endfacet
	facet normal 0 0 -1
		outer loop
			vertex -6.6449603395713 -2.39309396783185 15.55
			vertex -6.59943502845524 -2.42420127670241 15.55
			vertex -6.61148268875906 -2.4510789599567 15.55
		endloop
	endfacet
	facet normal 0 0 -1
		outer loop
			vertex -6.6449603395713 -2.39309396783185 15.55
			vertex -6.61148268875906 -2.4510789599567 15.55
			vertex -6.68939138423101 -2.41874624342651 15.55
		endloop
	endfacet
	facet normal 0 0 -1
		outer loop
			vertex -6.68939138423101 -2.41874624342651 15.55
			vertex -6.61148268875906 -2.4510789599567 15.55
			vertex -6.62085748243092 -2.47895984151688 15.55
		endloop
	endfacet
	facet normal 0 0 -1
		outer loop
			vertex -6.68939138423101 -2.41874624342651 15.55
			vertex -6.62085748243092 -2.47895984151688 15.55
			vertex -6.7368397577383 -2.44614057464356 15.55
		endloop
	endfacet
	facet normal 0 0 -1
		outer loop
			vertex -6.7368397577383 -2.44614057464356 15.55
			vertex -6.62085748243092 -2.47895984151688 15.55
			vertex -6.62972272729255 -2.5220953888633 15.55
		endloop
	endfacet
	facet normal 0 0 -1
		outer loop
			vertex -6.7368397577383 -2.44614057464356 15.55
			vertex -6.62972272729255 -2.5220953888633 15.55
			vertex -6.63218837820477 -2.56597580381956 15.55
		endloop
	endfacet
	facet normal 0 0 -1
		outer loop
			vertex -6.6449603395713 -2.39309396783185 15.55
			vertex -6.57902275050453 -2.35502488303444 15.55
			vertex -6.58482850473194 -2.39858112679982 15.55
		endloop
	endfacet
	facet normal 0 0 -1
		outer loop
			vertex -6.58482850473194 -2.39858112679982 15.55
			vertex -6.57902275050453 -2.35502488303444 15.55
			vertex -6.56780133451974 -2.37446094565296 15.55
		endloop
	endfacet
	facet normal 0 0 -1
		outer loop
			vertex -6.56780133451974 -2.37446094565296 15.55
			vertex -6.57902275050453 -2.35502488303444 15.55
			vertex -6.54851464056404 -2.35206897493428 15.55
		endloop
	endfacet
	facet normal 0 0 -1
		outer loop
			vertex -6.54851464056404 -2.35206897493428 15.55
			vertex -6.57902275050453 -2.35502488303444 15.55
			vertex -6.52998301654241 -2.32671177943042 15.55
		endloop
	endfacet
	facet normal 0 0 -1
		outer loop
			vertex -6.54851464056404 -2.35206897493428 15.55
			vertex -6.52998301654241 -2.32671177943042 15.55
			vertex -6.52715092677131 -2.33161710280557 15.55
		endloop
	endfacet
	facet normal 0 0 -1
		outer loop
			vertex -6.52715092677131 -2.33161710280557 15.55
			vertex -6.52998301654241 -2.32671177943042 15.55
			vertex -6.50391235123215 -2.31329885888715 15.55
		endloop
	endfacet
	facet normal 0 0 -1
		outer loop
			vertex -6.52998301654241 -2.32671177943042 15.55
			vertex -6.47901881326296 -2.29728758294799 15.55
			vertex -6.50391235123215 -2.31329885888715 15.55
		endloop
	endfacet
	facet normal 0 0 -1
		outer loop
			vertex -6.0245556707288 -3.87038902796121 15.55
			vertex -5.60583120046476 -4.40510485963648 15.55
			vertex -6.24242499385066 -5.04744142356983 15.55
		endloop
	endfacet
	facet normal 0 0 -1
		outer loop
			vertex -6.24242499385066 -5.04744142356983 15.55
			vertex -5.60583120046476 -4.40510485963648 15.55
			vertex -5.48683975773829 -4.61120408410464 15.55
		endloop
	endfacet
	facet normal 0 0 -1
		outer loop
			vertex -5.60583120046476 -4.40510485963648 15.55
			vertex -5.57413908974674 -4.43535766897542 15.55
			vertex -5.48683975773829 -4.61120408410464 15.55
		endloop
	endfacet
	facet normal 0 0 -1
		outer loop
			vertex -5.48683975773829 -4.61120408410464 15.55
			vertex -5.57413908974674 -4.43535766897542 15.55
			vertex -5.53829442070628 -4.46065571629952 15.55
		endloop
	endfacet
	facet normal 0 0 -1
		outer loop
			vertex -5.48683975773829 -4.61120408410464 15.55
			vertex -5.53829442070628 -4.46065571629952 15.55
			vertex -5.49906004116944 -4.48046060745081 15.55
		endloop
	endfacet
	facet normal 0 0 -1
		outer loop
			vertex -5.49906004116944 -4.48046060745081 15.55
			vertex -5.45727093893048 -4.49435085386307 15.55
			vertex -5.48683975773829 -4.61120408410464 15.55
		endloop
	endfacet
	facet normal 0 0 -1
		outer loop
			vertex -5.48683975773829 -4.61120408410464 15.55
			vertex -5.45727093893048 -4.49435085386307 15.55
			vertex -5.43939138423099 -4.5838097528876 15.55
		endloop
	endfacet
	facet normal 0 0 -1
		outer loop
			vertex -5.45727093893048 -4.49435085386307 15.55
			vertex -5.42843799038353 -4.50017248516809 15.55
			vertex -5.43939138423099 -4.5838097528876 15.55
		endloop
	endfacet
	facet normal 0 0 -1
		outer loop
			vertex -5.43939138423099 -4.5838097528876 15.55
			vertex -5.42843799038353 -4.50017248516809 15.55
			vertex -5.39496033957129 -4.55815747729294 15.55
		endloop
	endfacet
	facet normal 0 0 -1
		outer loop
			vertex -5.42843799038353 -4.50017248516809 15.55
			vertex -5.39913740373853 -4.50317774691596 15.55
			vertex -5.39496033957129 -4.55815747729294 15.55
		endloop
	endfacet
	facet normal 0 0 -1
		outer loop
			vertex -5.39496033957129 -4.55815747729294 15.55
			vertex -5.39913740373853 -4.50317774691596 15.55
			vertex -5.36964644121247 -4.5033382012619 15.55
		endloop
	endfacet
	facet normal 0 0 -1
		outer loop
			vertex -5.39496033957129 -4.55815747729294 15.55
			vertex -5.36964644121247 -4.5033382012619 15.55
			vertex -5.32902275050452 -4.52008839249553 15.55
		endloop
	endfacet
	facet normal 0 0 -1
		outer loop
			vertex -5.32902275050452 -4.52008839249553 15.55
			vertex -5.36964644121247 -4.5033382012619 15.55
			vertex -5.34024416648931 -4.500652329877 15.55
		endloop
	endfacet
	facet normal 0 0 -1
		outer loop
			vertex -5.32902275050452 -4.52008839249553 15.55
			vertex -5.34024416648931 -4.500652329877 15.55
			vertex -5.31120880402828 -4.49514554831569 15.55
		endloop
	endfacet
	facet normal 0 0 -1
		outer loop
			vertex -5.32902275050452 -4.52008839249553 15.55
			vertex -5.31120880402828 -4.49514554831569 15.55
			vertex -5.2799830165424 -4.49177528889151 15.55
		endloop
	endfacet
	facet normal 0 0 -1
		outer loop
			vertex -5.2799830165424 -4.49177528889151 15.55
			vertex -5.31120880402828 -4.49514554831569 15.55
			vertex -5.2828151063135 -4.48686996551636 15.55
		endloop
	endfacet
	facet normal 0 0 -1
		outer loop
			vertex -5.2799830165424 -4.49177528889151 15.55
			vertex -5.2828151063135 -4.48686996551636 15.55
			vertex -5.25533175395785 -4.4759038907109 15.55
		endloop
	endfacet
	facet normal 0 0 -1
		outer loop
			vertex -5.25533175395785 -4.4759038907109 15.55
			vertex -5.22901881326295 -4.46235109240908 15.55
			vertex -5.2799830165424 -4.49177528889151 15.55
		endloop
	endfacet
	facet normal 0 0 -1
		outer loop
			vertex -7.39801304544526 -5.6988322500319 15.55
			vertex -7.54954781453813 -5.73943586903558 15.55
			vertex -7.25583117443837 -5.63253175473058 15.55
		endloop
	endfacet
	facet normal 0 0 -1
		outer loop
			vertex -7.25583117443837 -5.63253175473058 15.55
			vertex -7.54954781453813 -5.73943586903558 15.55
			vertex -7.70583117443837 -5.75310889132459 15.55
		endloop
	endfacet
	facet normal 0 0 -1
		outer loop
			vertex -7.25583117443837 -5.63253175473058 15.55
			vertex -7.70583117443837 -5.75310889132459 15.55
			vertex -7.8621145343386 -5.73943586903558 15.55
		endloop
	endfacet
	facet normal 0 0 -1
		outer loop
			vertex -7.8621145343386 -5.73943586903558 15.55
			vertex -8.01364930343147 -5.69883225003191 15.55
			vertex -7.25583117443837 -5.63253175473058 15.55
		endloop
	endfacet
	facet normal 0 0 -1
		outer loop
			vertex -7.25583117443837 -5.63253175473058 15.55
			vertex -8.01364930343147 -5.69883225003191 15.55
			vertex -8.15583117443837 -5.63253175473058 15.55
		endloop
	endfacet
	facet normal 0 0 -1
		outer loop
			vertex -7.25583117443837 -5.63253175473058 15.55
			vertex -8.15583117443837 -5.63253175473058 15.55
			vertex -8.28434002315625 -5.54254889013167 15.55
		endloop
	endfacet
	facet normal 0 0 -1
		outer loop
			vertex -8.28434002315625 -5.54254889013167 15.55
			vertex -8.39527117324545 -5.43161774004248 15.55
			vertex -7.25583117443837 -5.63253175473058 15.55
		endloop
	endfacet
	facet normal 0 0 -1
		outer loop
			vertex -7.25583117443837 -5.63253175473058 15.55
			vertex -8.39527117324545 -5.43161774004248 15.55
			vertex -8.48525403784436 -5.30310889132459 15.55
		endloop
	endfacet
	facet normal 0 0 -1
		outer loop
			vertex -8.83525403784436 -4.69689110867549 15.55
			vertex -8.90155453314568 -4.55470923766859 15.55
			vertex -8.50583117443837 -3.46746824526949 15.55
		endloop
	endfacet
	facet normal 0 0 -1
		outer loop
			vertex -8.50583117443837 -3.46746824526949 15.55
			vertex -8.90155453314568 -4.55470923766859 15.55
			vertex -8.94215815214936 -4.40317446857573 15.55
		endloop
	endfacet
	facet normal 0 0 -1
		outer loop
			vertex -8.50583117443837 -3.46746824526949 15.55
			vertex -8.94215815214936 -4.40317446857573 15.55
			vertex -8.95583117443837 -4.24689110867549 15.55
		endloop
	endfacet
	facet normal 0 0 -1
		outer loop
			vertex -8.95583117443837 -4.24689110867549 15.55
			vertex -8.94215815214936 -4.09060774877525 15.55
			vertex -8.50583117443837 -3.46746824526949 15.55
		endloop
	endfacet
	facet normal 0 0 -1
		outer loop
			vertex -8.50583117443837 -3.46746824526949 15.55
			vertex -8.94215815214936 -4.09060774877525 15.55
			vertex -8.90155453314569 -3.93907297968239 15.55
		endloop
	endfacet
	facet normal 0 0 -1
		outer loop
			vertex -8.50583117443837 -3.46746824526949 15.55
			vertex -8.90155453314569 -3.93907297968239 15.55
			vertex -8.83525403784436 -3.79689110867549 15.55
		endloop
	endfacet
	facet normal 0 0 -1
		outer loop
			vertex -8.83525403784436 -3.79689110867549 15.55
			vertex -8.74527117324545 -3.66838225995761 15.55
			vertex -8.50583117443837 -3.46746824526949 15.55
		endloop
	endfacet
	facet normal 0 0 -1
		outer loop
			vertex -8.50583117443837 -3.46746824526949 15.55
			vertex -8.74527117324545 -3.66838225995761 15.55
			vertex -8.63434002315626 -3.55745110986841 15.55
		endloop
	endfacet
	facet normal -0.866025403784436 -0.500000000000005 0
		outer loop
			vertex -8.83525403784436 -4.69689110867549 15.55
			vertex -8.48525403784436 -5.30310889132459 15.55
			vertex -8.83525403784436 -4.69689110867549 16.3
		endloop
	endfacet
	facet normal -0.866025403784436 -0.500000000000005 0
		outer loop
			vertex -8.83525403784436 -4.69689110867549 16.3
			vertex -8.48525403784436 -5.30310889132459 15.55
			vertex -8.48525403784436 -5.30310889132459 16.3
		endloop
	endfacet
	facet normal -0.819152044288988 -0.573576436351051 0
		outer loop
			vertex -8.48525403784436 -5.30310889132459 15.55
			vertex -8.39527117324545 -5.43161774004248 15.55
			vertex -8.48525403784436 -5.30310889132459 16.3
		endloop
	endfacet
	facet normal -0.819152044288988 -0.573576436351051 0
		outer loop
			vertex -8.48525403784436 -5.30310889132459 16.3
			vertex -8.39527117324545 -5.43161774004248 15.55
			vertex -8.39527117324545 -5.43161774004248 16.3
		endloop
	endfacet
	facet normal -0.70710678118655 -0.707106781186545 0
		outer loop
			vertex -8.39527117324545 -5.43161774004248 15.55
			vertex -8.28434002315625 -5.54254889013167 15.55
			vertex -8.39527117324545 -5.43161774004248 16.3
		endloop
	endfacet
	facet normal -0.70710678118655 -0.707106781186545 0
		outer loop
			vertex -8.39527117324545 -5.43161774004248 16.3
			vertex -8.28434002315625 -5.54254889013167 15.55
			vertex -8.28434002315625 -5.54254889013167 16.3
		endloop
	endfacet
	facet normal -0.573576436351039 -0.819152044288997 0
		outer loop
			vertex -8.28434002315625 -5.54254889013167 15.55
			vertex -8.15583117443837 -5.63253175473058 15.55
			vertex -8.28434002315625 -5.54254889013167 16.3
		endloop
	endfacet
	facet normal -0.573576436351039 -0.819152044288997 0
		outer loop
			vertex -8.28434002315625 -5.54254889013167 16.3
			vertex -8.15583117443837 -5.63253175473058 15.55
			vertex -8.15583117443837 -5.63253175473058 16.3
		endloop
	endfacet
	facet normal -0.422618261740698 -0.906307787036651 0
		outer loop
			vertex -8.15583117443837 -5.63253175473058 15.55
			vertex -8.01364930343147 -5.69883225003191 15.55
			vertex -8.15583117443837 -5.63253175473058 16.3
		endloop
	endfacet
	facet normal -0.422618261740698 -0.906307787036651 0
		outer loop
			vertex -8.15583117443837 -5.63253175473058 16.3
			vertex -8.01364930343147 -5.69883225003191 15.55
			vertex -8.01364930343147 -5.69883225003191 16.3
		endloop
	endfacet
	facet normal -0.258819045102521 -0.965925826289068 0
		outer loop
			vertex -8.01364930343147 -5.69883225003191 15.55
			vertex -7.8621145343386 -5.73943586903558 15.55
			vertex -8.01364930343147 -5.69883225003191 16.3
		endloop
	endfacet
	facet normal -0.258819045102521 -0.965925826289068 0
		outer loop
			vertex -8.01364930343147 -5.69883225003191 16.3
			vertex -7.8621145343386 -5.73943586903558 15.55
			vertex -7.8621145343386 -5.73943586903558 16.3
		endloop
	endfacet
	facet normal -0.0871557427476502 -0.996194698091746 0
		outer loop
			vertex -7.8621145343386 -5.73943586903558 15.55
			vertex -7.70583117443837 -5.75310889132459 15.55
			vertex -7.8621145343386 -5.73943586903558 16.3
		endloop
	endfacet
	facet normal -0.0871557427476502 -0.996194698091746 0
		outer loop
			vertex -7.8621145343386 -5.73943586903558 16.3
			vertex -7.70583117443837 -5.75310889132459 15.55
			vertex -7.70583117443837 -5.75310889132459 16.3
		endloop
	endfacet
	facet normal 0.0871557427476607 -0.996194698091745 0
		outer loop
			vertex -7.70583117443837 -5.75310889132459 15.55
			vertex -7.54954781453813 -5.73943586903558 15.55
			vertex -7.70583117443837 -5.75310889132459 16.3
		endloop
	endfacet
	facet normal 0.0871557427476607 -0.996194698091745 0
		outer loop
			vertex -7.70583117443837 -5.75310889132459 16.3
			vertex -7.54954781453813 -5.73943586903558 15.55
			vertex -7.54954781453813 -5.73943586903558 16.3
		endloop
	endfacet
	facet normal 0.258819045102525 -0.965925826289067 0
		outer loop
			vertex -7.54954781453813 -5.73943586903558 15.55
			vertex -7.39801304544526 -5.6988322500319 15.55
			vertex -7.54954781453813 -5.73943586903558 16.3
		endloop
	endfacet
	facet normal 0.258819045102525 -0.965925826289067 0
		outer loop
			vertex -7.54954781453813 -5.73943586903558 16.3
			vertex -7.39801304544526 -5.6988322500319 15.55
			vertex -7.39801304544526 -5.6988322500319 16.3
		endloop
	endfacet
	facet normal 0.422618261740704 -0.906307787036648 0
		outer loop
			vertex -7.39801304544526 -5.6988322500319 15.55
			vertex -7.25583117443837 -5.63253175473058 15.55
			vertex -7.39801304544526 -5.6988322500319 16.3
		endloop
	endfacet
	facet normal 0.422618261740704 -0.906307787036648 0
		outer loop
			vertex -7.39801304544526 -5.6988322500319 16.3
			vertex -7.25583117443837 -5.63253175473058 15.55
			vertex -7.25583117443837 -5.63253175473058 16.3
		endloop
	endfacet
	facet normal 0.996194698091745 0.0871557427476598 0
		outer loop
			vertex 0.999999999999998 9.1 15.55
			vertex 0.986326977710985 9.25628335990024 15.55
			vertex 0.999999999999998 9.1 16.3
		endloop
	endfacet
	facet normal 0.996194698091745 0.0871557427476598 0
		outer loop
			vertex 0.999999999999998 9.1 16.3
			vertex 0.986326977710985 9.25628335990024 15.55
			vertex 0.986326977710985 9.25628335990024 16.3
		endloop
	endfacet
	facet normal 0.965925826289068 0.258819045102523 0
		outer loop
			vertex 0.986326977710985 9.25628335990024 15.55
			vertex 0.945723358707315 9.4078181289931 15.55
			vertex 0.986326977710985 9.25628335990024 16.3
		endloop
	endfacet
	facet normal 0.965925826289068 0.258819045102524 2.8120987113514E-16
		outer loop
			vertex 0.986326977710985 9.25628335990024 16.3
			vertex 0.945723358707315 9.4078181289931 15.55
			vertex 0.945723358707315 9.4078181289931 16.3
		endloop
	endfacet
	facet normal 0.90630778703665 0.4226182617407 2.62032232438844E-16
		outer loop
			vertex 0.945723358707315 9.4078181289931 15.55
			vertex 0.879422863405992 9.55 15.55
			vertex 0.945723358707315 9.4078181289931 16.3
		endloop
	endfacet
	facet normal 0.90630778703665 0.422618261740699 1.26544442010813E-16
		outer loop
			vertex 0.945723358707315 9.4078181289931 16.3
			vertex 0.879422863405992 9.55 15.55
			vertex 0.879422863405992 9.55 16.3
		endloop
	endfacet
	facet normal 0.819152044288992 0.573576436351046 1.18416856801875E-16
		outer loop
			vertex 0.879422863405992 9.55 15.55
			vertex 0.789439998807077 9.67850884871789 15.55
			vertex 0.879422863405992 9.55 16.3
		endloop
	endfacet
	facet normal 0.819152044288992 0.573576436351046 0
		outer loop
			vertex 0.879422863405992 9.55 16.3
			vertex 0.789439998807077 9.67850884871789 15.55
			vertex 0.789439998807077 9.67850884871789 16.3
		endloop
	endfacet
	facet normal 0.707106781186552 0.707106781186543 0
		outer loop
			vertex 0.789439998807077 9.67850884871789 15.55
			vertex 0.678508848717883 9.78943999880708 15.55
			vertex 0.789439998807077 9.67850884871789 16.3
		endloop
	endfacet
	facet normal 0.707106781186552 0.707106781186543 0
		outer loop
			vertex 0.789439998807077 9.67850884871789 16.3
			vertex 0.678508848717883 9.78943999880708 15.55
			vertex 0.678508848717883 9.78943999880708 16.3
		endloop
	endfacet
	facet normal 0.573576436351043 0.819152044288994 0
		outer loop
			vertex 0.678508848717883 9.78943999880708 15.55
			vertex 0.549999999999997 9.879422863406 15.55
			vertex 0.678508848717883 9.78943999880708 16.3
		endloop
	endfacet
	facet normal 0.573576436351043 0.819152044288994 0
		outer loop
			vertex 0.678508848717883 9.78943999880708 16.3
			vertex 0.549999999999997 9.879422863406 15.55
			vertex 0.549999999999997 9.879422863406 16.3
		endloop
	endfacet
	facet normal 0.42261826174069 0.906307787036654 0
		outer loop
			vertex 0.549999999999997 9.879422863406 15.55
			vertex 0.407818128993099 9.94572335870732 15.55
			vertex 0.549999999999997 9.879422863406 16.3
		endloop
	endfacet
	facet normal 0.42261826174069 0.906307787036654 0
		outer loop
			vertex 0.549999999999997 9.879422863406 16.3
			vertex 0.407818128993099 9.94572335870732 15.55
			vertex 0.407818128993099 9.94572335870732 16.3
		endloop
	endfacet
	facet normal 0.258819045102531 0.965925826289066 0
		outer loop
			vertex 0.407818128993099 9.94572335870732 15.55
			vertex 0.256283359900235 9.98632697771099 15.55
			vertex 0.407818128993099 9.94572335870732 16.3
		endloop
	endfacet
	facet normal 0.258819045102531 0.965925826289066 0
		outer loop
			vertex 0.407818128993099 9.94572335870732 16.3
			vertex 0.256283359900235 9.98632697771099 15.55
			vertex 0.256283359900235 9.98632697771099 16.3
		endloop
	endfacet
	facet normal 0.0871557427476498 0.996194698091746 0
		outer loop
			vertex 0.0999999999999977 10 15.55
			vertex 0.0999999999999977 10 15.925
			vertex 0.256283359900235 9.98632697771099 15.55
		endloop
	endfacet
	facet normal 0.0871557427476498 0.996194698091746 0
		outer loop
			vertex 0.256283359900235 9.98632697771099 15.55
			vertex 0.0999999999999977 10 15.925
			vertex 0.256283359900235 9.98632697771099 16.3
		endloop
	endfacet
	facet normal 0.0871557427476498 0.996194698091746 0
		outer loop
			vertex 0.0999999999999977 10 15.925
			vertex 0.0999999999999977 10 16.3
			vertex 0.256283359900235 9.98632697771099 16.3
		endloop
	endfacet
	facet normal -0.0871557427476498 0.996194698091746 0
		outer loop
			vertex -0.0999999999999985 10 15.55
			vertex -0.256283359900236 9.98632697771099 15.55
			vertex -0.0999999999999985 10 15.925
		endloop
	endfacet
	facet normal -0.0871557427476498 0.996194698091746 0
		outer loop
			vertex -0.0999999999999985 10 15.925
			vertex -0.256283359900236 9.98632697771099 15.55
			vertex -0.256283359900236 9.98632697771099 16.3
		endloop
	endfacet
	facet normal -0.0871557427476498 0.996194698091746 0
		outer loop
			vertex -0.0999999999999985 10 15.925
			vertex -0.256283359900236 9.98632697771099 16.3
			vertex -0.0999999999999985 10 16.3
		endloop
	endfacet
	facet normal -0.258819045102531 0.965925826289066 0
		outer loop
			vertex -0.256283359900236 9.98632697771099 15.55
			vertex -0.4078181289931 9.94572335870732 15.55
			vertex -0.256283359900236 9.98632697771099 16.3
		endloop
	endfacet
	facet normal -0.258819045102531 0.965925826289066 -2.10907403351354E-17
		outer loop
			vertex -0.256283359900236 9.98632697771099 16.3
			vertex -0.4078181289931 9.94572335870732 15.55
			vertex -0.4078181289931 9.94572335870732 16.3
		endloop
	endfacet
	facet normal -0.422618261740699 0.90630778703665 -3.05469091674208E-17
		outer loop
			vertex -0.4078181289931 9.94572335870732 15.55
			vertex -0.549999999999998 9.879422863406 15.55
			vertex -0.4078181289931 9.94572335870732 16.3
		endloop
	endfacet
	facet normal -0.422618261740698 0.90630778703665 -5.6241974227028E-17
		outer loop
			vertex -0.4078181289931 9.94572335870732 16.3
			vertex -0.549999999999998 9.879422863406 15.55
			vertex -0.549999999999998 9.879422863406 16.3
		endloop
	endfacet
	facet normal -0.573576436351043 0.819152044288994 -8.29163757837726E-17
		outer loop
			vertex -0.549999999999998 9.879422863406 15.55
			vertex -0.678508848717884 9.78943999880708 15.55
			vertex -0.549999999999998 9.879422863406 16.3
		endloop
	endfacet
	facet normal -0.573576436351044 0.819152044288994 0
		outer loop
			vertex -0.549999999999998 9.879422863406 16.3
			vertex -0.678508848717884 9.78943999880708 15.55
			vertex -0.678508848717884 9.78943999880708 16.3
		endloop
	endfacet
	facet normal -0.707106781186546 0.707106781186549 0
		outer loop
			vertex -0.678508848717884 9.78943999880708 15.55
			vertex -0.789439998807079 9.67850884871789 15.55
			vertex -0.678508848717884 9.78943999880708 16.3
		endloop
	endfacet
	facet normal -0.707106781186546 0.707106781186549 0
		outer loop
			vertex -0.678508848717884 9.78943999880708 16.3
			vertex -0.789439998807079 9.67850884871789 15.55
			vertex -0.789439998807079 9.67850884871789 16.3
		endloop
	endfacet
	facet normal -0.819152044288992 0.573576436351046 0
		outer loop
			vertex -0.789439998807079 9.67850884871789 15.55
			vertex -0.879422863405993 9.55 15.55
			vertex -0.789439998807079 9.67850884871789 16.3
		endloop
	endfacet
	facet normal -0.819152044288995 0.573576436351042 1.20920244588109E-15
		outer loop
			vertex -0.789439998807079 9.67850884871789 16.3
			vertex -0.879422863405993 9.55 15.55
			vertex -0.879422863405993 9.55 16.3
		endloop
	endfacet
	facet normal -0.90630778703665 0.422618261740699 8.46484977138045E-16
		outer loop
			vertex -0.879422863405993 9.55 15.55
			vertex -0.945723358707316 9.4078181289931 15.55
			vertex -0.879422863405993 9.55 16.3
		endloop
	endfacet
	facet normal -0.906307787036649 0.422618261740702 0
		outer loop
			vertex -0.879422863405993 9.55 16.3
			vertex -0.945723358707316 9.4078181289931 15.55
			vertex -0.945723358707316 9.4078181289931 16.3
		endloop
	endfacet
	facet normal -0.965925826289069 0.258819045102519 0
		outer loop
			vertex -0.945723358707316 9.4078181289931 15.55
			vertex -0.986326977710986 9.25628335990024 15.55
			vertex -0.945723358707316 9.4078181289931 16.3
		endloop
	endfacet
	facet normal -0.965925826289069 0.258819045102519 0
		outer loop
			vertex -0.945723358707316 9.4078181289931 16.3
			vertex -0.986326977710986 9.25628335990024 15.55
			vertex -0.986326977710986 9.25628335990024 16.3
		endloop
	endfacet
	facet normal -0.996194698091745 0.0871557427476598 0
		outer loop
			vertex -0.986326977710986 9.25628335990024 15.55
			vertex -0.999999999999999 9.1 15.55
			vertex -0.986326977710986 9.25628335990024 16.3
		endloop
	endfacet
	facet normal -0.996194698091745 0.0871557427476598 0
		outer loop
			vertex -0.986326977710986 9.25628335990024 16.3
			vertex -0.999999999999999 9.1 15.55
			vertex -0.999999999999999 9.1 16.3
		endloop
	endfacet
	facet normal 0.90630778703665 -0.4226182617407 0
		outer loop
			vertex 8.71025403784438 -4.91339745962157 15.55
			vertex 8.7765545331457 -4.77121558861467 15.55
			vertex 8.71025403784438 -4.91339745962157 15.925
		endloop
	endfacet
	facet normal 0.90630778703665 -0.422618261740699 4.92117274486495E-16
		outer loop
			vertex 8.71025403784438 -4.91339745962157 15.925
			vertex 8.7765545331457 -4.77121558861467 15.55
			vertex 8.7765545331457 -4.77121558861467 16.3
		endloop
	endfacet
	facet normal 0.906307787036651 -0.422618261740698 0
		outer loop
			vertex 8.71025403784438 -4.91339745962157 15.925
			vertex 8.7765545331457 -4.77121558861467 16.3
			vertex 8.71025403784438 -4.91339745962157 16.3
		endloop
	endfacet
	facet normal 0.965925826289069 -0.25881904510252 2.99319649046161E-16
		outer loop
			vertex 8.7765545331457 -4.77121558861467 15.55
			vertex 8.81715815214937 -4.6196808195218 15.55
			vertex 8.7765545331457 -4.77121558861467 16.3
		endloop
	endfacet
	facet normal 0.965925826289068 -0.258819045102521 0
		outer loop
			vertex 8.7765545331457 -4.77121558861467 16.3
			vertex 8.81715815214937 -4.6196808195218 15.55
			vertex 8.81715815214937 -4.6196808195218 16.3
		endloop
	endfacet
	facet normal 0.996194698091745 -0.0871557427476607 0
		outer loop
			vertex 8.81715815214937 -4.6196808195218 15.55
			vertex 8.83083117443839 -4.46339745962157 15.55
			vertex 8.81715815214937 -4.6196808195218 16.3
		endloop
	endfacet
	facet normal 0.996194698091745 -0.0871557427476607 0
		outer loop
			vertex 8.81715815214937 -4.6196808195218 16.3
			vertex 8.83083117443839 -4.46339745962157 15.55
			vertex 8.83083117443839 -4.46339745962157 16.3
		endloop
	endfacet
	facet normal 0.996194698091745 0.0871557427476607 0
		outer loop
			vertex 8.83083117443839 -4.46339745962157 15.55
			vertex 8.81715815214937 -4.30711409972133 15.55
			vertex 8.83083117443839 -4.46339745962157 16.3
		endloop
	endfacet
	facet normal 0.996194698091745 0.0871557427476607 0
		outer loop
			vertex 8.83083117443839 -4.46339745962157 16.3
			vertex 8.81715815214937 -4.30711409972133 15.55
			vertex 8.81715815214937 -4.30711409972133 16.3
		endloop
	endfacet
	facet normal 0.965925826289069 0.25881904510252 0
		outer loop
			vertex 8.81715815214937 -4.30711409972133 15.55
			vertex 8.7765545331457 -4.15557933062846 15.55
			vertex 8.81715815214937 -4.30711409972133 16.3
		endloop
	endfacet
	facet normal 0.965925826289069 0.25881904510252 0
		outer loop
			vertex 8.81715815214937 -4.30711409972133 16.3
			vertex 8.7765545331457 -4.15557933062846 15.55
			vertex 8.7765545331457 -4.15557933062846 16.3
		endloop
	endfacet
	facet normal 0.906307787036654 0.422618261740691 0
		outer loop
			vertex 8.7765545331457 -4.15557933062846 15.55
			vertex 8.71025403784438 -4.01339745962157 15.55
			vertex 8.7765545331457 -4.15557933062846 16.3
		endloop
	endfacet
	facet normal 0.906307787036654 0.422618261740691 0
		outer loop
			vertex 8.7765545331457 -4.15557933062846 16.3
			vertex 8.71025403784438 -4.01339745962157 15.55
			vertex 8.71025403784438 -4.01339745962157 16.3
		endloop
	endfacet
	facet normal 0.819152044288989 0.57357643635105 0
		outer loop
			vertex 8.71025403784438 -4.01339745962157 15.55
			vertex 8.62027117324546 -3.88488861090368 15.55
			vertex 8.71025403784438 -4.01339745962157 16.3
		endloop
	endfacet
	facet normal 0.819152044288989 0.57357643635105 0
		outer loop
			vertex 8.71025403784438 -4.01339745962157 16.3
			vertex 8.62027117324546 -3.88488861090368 15.55
			vertex 8.62027117324546 -3.88488861090368 16.3
		endloop
	endfacet
	facet normal 0.707106781186549 0.707106781186546 0
		outer loop
			vertex 8.62027117324546 -3.88488861090368 15.55
			vertex 8.50934002315627 -3.77395746081449 15.55
			vertex 8.62027117324546 -3.88488861090368 16.3
		endloop
	endfacet
	facet normal 0.707106781186549 0.707106781186546 0
		outer loop
			vertex 8.62027117324546 -3.88488861090368 16.3
			vertex 8.50934002315627 -3.77395746081449 15.55
			vertex 8.50934002315627 -3.77395746081449 16.3
		endloop
	endfacet
	facet normal 0.573576436351044 0.819152044288994 0
		outer loop
			vertex 8.50934002315627 -3.77395746081449 15.55
			vertex 8.38083117443839 -3.68397459621557 15.55
			vertex 8.50934002315627 -3.77395746081449 16.3
		endloop
	endfacet
	facet normal 0.573576436351044 0.819152044288994 0
		outer loop
			vertex 8.50934002315627 -3.77395746081449 16.3
			vertex 8.38083117443839 -3.68397459621557 15.55
			vertex 8.38083117443839 -3.68397459621557 16.3
		endloop
	endfacet
	facet normal -0.422618261740702 -0.906307787036649 0
		outer loop
			vertex 7.38083117443839 -5.41602540378444 15.55
			vertex 7.52301304544528 -5.48232589908577 15.55
			vertex 7.38083117443839 -5.41602540378444 16.3
		endloop
	endfacet
	facet normal -0.422618261740702 -0.906307787036649 0
		outer loop
			vertex 7.38083117443839 -5.41602540378444 16.3
			vertex 7.52301304544528 -5.48232589908577 15.55
			vertex 7.52301304544528 -5.48232589908577 16.3
		endloop
	endfacet
	facet normal -0.258819045102523 -0.965925826289068 0
		outer loop
			vertex 7.52301304544528 -5.48232589908577 15.55
			vertex 7.67454781453815 -5.52292951808944 15.55
			vertex 7.52301304544528 -5.48232589908577 16.3
		endloop
	endfacet
	facet normal -0.258819045102523 -0.965925826289068 0
		outer loop
			vertex 7.52301304544528 -5.48232589908577 16.3
			vertex 7.67454781453815 -5.52292951808944 15.55
			vertex 7.67454781453815 -5.52292951808944 16.3
		endloop
	endfacet
	facet normal -0.0871557427476552 -0.996194698091746 0
		outer loop
			vertex 7.67454781453815 -5.52292951808944 15.55
			vertex 7.83083117443839 -5.53660254037845 15.55
			vertex 7.67454781453815 -5.52292951808944 16.3
		endloop
	endfacet
	facet normal -0.0871557427476552 -0.996194698091746 0
		outer loop
			vertex 7.67454781453815 -5.52292951808944 16.3
			vertex 7.83083117443839 -5.53660254037845 15.55
			vertex 7.83083117443839 -5.53660254037845 16.3
		endloop
	endfacet
	facet normal 0.0871557427476548 -0.996194698091746 0
		outer loop
			vertex 7.83083117443839 -5.53660254037845 15.55
			vertex 7.98711453433862 -5.52292951808944 15.55
			vertex 7.83083117443839 -5.53660254037845 16.3
		endloop
	endfacet
	facet normal 0.0871557427476548 -0.996194698091746 0
		outer loop
			vertex 7.83083117443839 -5.53660254037845 16.3
			vertex 7.98711453433862 -5.52292951808944 15.55
			vertex 7.98711453433862 -5.52292951808944 16.3
		endloop
	endfacet
	facet normal 0.258819045102521 -0.965925826289068 0
		outer loop
			vertex 7.98711453433862 -5.52292951808944 15.55
			vertex 8.13864930343149 -5.48232589908577 15.55
			vertex 7.98711453433862 -5.52292951808944 16.3
		endloop
	endfacet
	facet normal 0.258819045102521 -0.965925826289068 0
		outer loop
			vertex 7.98711453433862 -5.52292951808944 16.3
			vertex 8.13864930343149 -5.48232589908577 15.55
			vertex 8.13864930343149 -5.48232589908577 16.3
		endloop
	endfacet
	facet normal 0.422618261740702 -0.906307787036649 0
		outer loop
			vertex 8.13864930343149 -5.48232589908577 15.55
			vertex 8.28083117443838 -5.41602540378445 15.55
			vertex 8.13864930343149 -5.48232589908577 16.3
		endloop
	endfacet
	facet normal 0.422618261740702 -0.906307787036649 0
		outer loop
			vertex 8.13864930343149 -5.48232589908577 16.3
			vertex 8.28083117443838 -5.41602540378445 15.55
			vertex 8.28083117443838 -5.41602540378445 16.3
		endloop
	endfacet
	facet normal 0.573576436351047 -0.819152044288991 0
		outer loop
			vertex 8.28083117443838 -5.41602540378445 15.55
			vertex 8.40934002315627 -5.32604253918553 15.55
			vertex 8.28083117443838 -5.41602540378445 16.3
		endloop
	endfacet
	facet normal 0.573576436351047 -0.819152044288991 0
		outer loop
			vertex 8.28083117443838 -5.41602540378445 16.3
			vertex 8.40934002315627 -5.32604253918553 15.55
			vertex 8.40934002315627 -5.32604253918553 16.3
		endloop
	endfacet
	facet normal 0.707106781186545 -0.70710678118655 0
		outer loop
			vertex 8.40934002315627 -5.32604253918553 15.55
			vertex 8.52027117324547 -5.21511138909634 15.55
			vertex 8.40934002315627 -5.32604253918553 16.3
		endloop
	endfacet
	facet normal 0.707106781186545 -0.70710678118655 0
		outer loop
			vertex 8.40934002315627 -5.32604253918553 16.3
			vertex 8.52027117324547 -5.21511138909634 15.55
			vertex 8.52027117324547 -5.21511138909634 16.3
		endloop
	endfacet
	facet normal 0.819152044288992 -0.573576436351046 0
		outer loop
			vertex 8.61025403784438 -5.08660254037845 15.55
			vertex 8.61025403784438 -5.08660254037845 15.925
			vertex 8.52027117324547 -5.21511138909634 15.55
		endloop
	endfacet
	facet normal 0.819152044288992 -0.573576436351046 0
		outer loop
			vertex 8.52027117324547 -5.21511138909634 15.55
			vertex 8.61025403784438 -5.08660254037845 15.925
			vertex 8.52027117324547 -5.21511138909634 16.3
		endloop
	endfacet
	facet normal 0.819152044288992 -0.573576436351046 0
		outer loop
			vertex 8.61025403784438 -5.08660254037845 15.925
			vertex 8.61025403784438 -5.08660254037845 16.3
			vertex 8.52027117324547 -5.21511138909634 16.3
		endloop
	endfacet
	facet normal 0 1 0
		outer loop
			vertex -0.0999999999999985 10 16.3
			vertex 0.0999999999999977 10 16.3
			vertex -0.0999999999999985 10 15.925
		endloop
	endfacet
	facet normal 0 1 0
		outer loop
			vertex -0.0999999999999985 10 15.925
			vertex 0.0999999999999977 10 16.3
			vertex 0.0999999999999977 10 15.925
		endloop
	endfacet
	facet normal 0 1 0
		outer loop
			vertex -0.0999999999999985 10 15.925
			vertex 0.0999999999999977 10 15.925
			vertex -0.0999999999999985 10 15.55
		endloop
	endfacet
	facet normal 0 1 0
		outer loop
			vertex -0.0999999999999985 10 15.55
			vertex 0.0999999999999977 10 15.925
			vertex 0.0999999999999977 10 15.55
		endloop
	endfacet
	facet normal 0 0 -1
		outer loop
			vertex 0.986326977710985 9.25628335990024 15.55
			vertex 0.999999999999998 9.1 15.55
			vertex 0.249174626987281 8.34822184105951 15.55
		endloop
	endfacet
	facet normal 0 0 -1
		outer loop
			vertex 0.249174626987281 8.34822184105951 15.55
			vertex 0.999999999999998 9.1 15.55
			vertex 0.999999999999998 8.54540502324269 15.55
		endloop
	endfacet
	facet normal 0 0 -1
		outer loop
			vertex 0.249174626987281 8.34822184105951 15.55
			vertex 0.999999999999998 8.54540502324269 15.55
			vertex 0.744871247888138 8.29687168074354 15.55
		endloop
	endfacet
	facet normal 0 0 -1
		outer loop
			vertex 0.744871247888138 8.29687168074354 15.55
			vertex 0.999999999999998 8.54540502324269 15.55
			vertex 0.77027731845109 8.29174053473663 15.55
		endloop
	endfacet
	facet normal 0 0 -1
		outer loop
			vertex 0.878848862476475 8.23933137948114 15.55
			vertex 0.842619650620923 8.26313741800012 15.55
			vertex 0.999999999999999 8.29687168074354 15.55
		endloop
	endfacet
	facet normal 0 0 -1
		outer loop
			vertex 0.999999999999999 8.29687168074354 15.55
			vertex 0.842619650620923 8.26313741800012 15.55
			vertex 0.81933417446472 8.27481036683757 15.55
		endloop
	endfacet
	facet normal 0 0 -1
		outer loop
			vertex 0.999999999999999 8.29687168074354 15.55
			vertex 0.81933417446472 8.27481036683757 15.55
			vertex 0.999999999999998 8.54540502324269 15.55
		endloop
	endfacet
	facet normal 0 0 -1
		outer loop
			vertex 0.999999999999998 8.54540502324269 15.55
			vertex 0.81933417446472 8.27481036683757 15.55
			vertex 0.795160058338023 8.28436846435578 15.55
		endloop
	endfacet
	facet normal 0 0 -1
		outer loop
			vertex 0.999999999999998 8.54540502324269 15.55
			vertex 0.795160058338023 8.28436846435578 15.55
			vertex 0.77027731845109 8.29174053473663 15.55
		endloop
	endfacet
	facet normal 0 0 -1
		outer loop
			vertex 0.878848862476475 8.23933137948114 15.55
			vertex 0.999999999999999 8.29687168074354 15.55
			vertex 0.911411919265036 8.21043099632054 15.55
		endloop
	endfacet
	facet normal 0 0 -1
		outer loop
			vertex 0.911411919265036 8.21043099632054 15.55
			vertex 0.999999999999999 8.29687168074354 15.55
			vertex 0.999999999999999 8.23933137948114 15.55
		endloop
	endfacet
	facet normal 0 0 -1
		outer loop
			vertex 0.911411919265036 8.21043099632054 15.55
			vertex 0.999999999999999 8.23933137948114 15.55
			vertex 0.931337766531168 8.1878911576784 15.55
		endloop
	endfacet
	facet normal 0 0 -1
		outer loop
			vertex 0.931337766531168 8.1878911576784 15.55
			vertex 0.999999999999999 8.23933137948114 15.55
			vertex 0.999999999999999 8.1878911576784 15.55
		endloop
	endfacet
	facet normal 0 0 -1
		outer loop
			vertex 0.931337766531168 8.1878911576784 15.55
			vertex 0.999999999999999 8.1878911576784 15.55
			vertex 0.949016452338622 8.16343691878961 15.55
		endloop
	endfacet
	facet normal 0 0 -1
		outer loop
			vertex 0.949016452338622 8.16343691878961 15.55
			vertex 0.999999999999999 8.1878911576784 15.55
			vertex 0.964276250029956 8.13730582246422 15.55
		endloop
	endfacet
	facet normal 0 0 -1
		outer loop
			vertex 0.999999999999999 8.1878911576784 15.55
			vertex 0.999999999999999 8.13730582246422 15.55
			vertex 0.964276250029956 8.13730582246422 15.55
		endloop
	endfacet
	facet normal 0 0 -1
		outer loop
			vertex 0.964276250029956 8.13730582246422 15.55
			vertex 0.999999999999999 8.13730582246422 15.55
			vertex 0.976968929466385 8.10975170011686 15.55
		endloop
	endfacet
	facet normal 0 0 -1
		outer loop
			vertex 0.999999999999999 8.13730582246422 15.55
			vertex 0.999999999999999 8.08104220610719 15.55
			vertex 0.976968929466385 8.10975170011686 15.55
		endloop
	endfacet
	facet normal 0 0 -1
		outer loop
			vertex 0.976968929466385 8.10975170011686 15.55
			vertex 0.999999999999999 8.08104220610719 15.55
			vertex 0.986971196901001 8.08104220610719 15.55
		endloop
	endfacet
	facet normal 0 0 -1
		outer loop
			vertex 0.999999999999999 7.99081004648537 15.55
			vertex 0.998542934757882 8.02128112665243 15.55
			vertex 0.999999999999999 8.08104220610719 15.55
		endloop
	endfacet
	facet normal 0 0 -1
		outer loop
			vertex 0.999999999999999 8.08104220610719 15.55
			vertex 0.998542934757882 8.02128112665243 15.55
			vertex 0.994185892625662 8.05145621780748 15.55
		endloop
	endfacet
	facet normal 0 0 -1
		outer loop
			vertex 0.999999999999999 8.08104220610719 15.55
			vertex 0.994185892625662 8.05145621780748 15.55
			vertex 0.986971196901001 8.08104220610719 15.55
		endloop
	endfacet
	facet normal 0 0 -1
		outer loop
			vertex -0.256283359900236 9.98632697771099 15.55
			vertex -0.0999999999999985 10 15.55
			vertex -0.249174626987281 8.34822184105951 15.55
		endloop
	endfacet
	facet normal 0 0 -1
		outer loop
			vertex -0.249174626987281 8.34822184105951 15.55
			vertex -0.0999999999999985 10 15.55
			vertex 0.0999999999999977 10 15.55
		endloop
	endfacet
	facet normal 0 0 -1
		outer loop
			vertex -0.249174626987281 8.34822184105951 15.55
			vertex 0.0999999999999977 10 15.55
			vertex 0.249174626987281 8.34822184105951 15.55
		endloop
	endfacet
	facet normal 0 0 -1
		outer loop
			vertex 0.249174626987281 8.34822184105951 15.55
			vertex 0.0999999999999977 10 15.55
			vertex 0.256283359900235 9.98632697771099 15.55
		endloop
	endfacet
	facet normal 0 0 -1
		outer loop
			vertex 0.249174626987281 8.34822184105951 15.55
			vertex 0.256283359900235 9.98632697771099 15.55
			vertex 0.407818128993099 9.94572335870732 15.55
		endloop
	endfacet
	facet normal 0 0 -1
		outer loop
			vertex -0.744871247888139 8.29687168074354 15.55
			vertex -0.999999999999999 8.54540502324269 15.55
			vertex -0.249174626987281 8.34822184105951 15.55
		endloop
	endfacet
	facet normal 0 0 -1
		outer loop
			vertex -0.249174626987281 8.34822184105951 15.55
			vertex -0.999999999999999 8.54540502324269 15.55
			vertex -0.999999999999999 9.1 15.55
		endloop
	endfacet
	facet normal 0 0 -1
		outer loop
			vertex -0.249174626987281 8.34822184105951 15.55
			vertex -0.999999999999999 9.1 15.55
			vertex -0.986326977710986 9.25628335990024 15.55
		endloop
	endfacet
	facet normal 0 0 -1
		outer loop
			vertex -0.744871247888139 8.29687168074354 15.55
			vertex -0.770277318451091 8.29174053473663 15.55
			vertex -0.999999999999999 8.54540502324269 15.55
		endloop
	endfacet
	facet normal 0 0 -1
		outer loop
			vertex -0.999999999999999 8.54540502324269 15.55
			vertex -0.770277318451091 8.29174053473663 15.55
			vertex -0.795160058338023 8.28436846435578 15.55
		endloop
	endfacet
	facet normal 0 0 -1
		outer loop
			vertex -0.999999999999999 8.54540502324269 15.55
			vertex -0.795160058338023 8.28436846435578 15.55
			vertex -0.81933417446472 8.27481036683757 15.55
		endloop
	endfacet
	facet normal 0 0 -1
		outer loop
			vertex -0.999999999999999 8.54540502324269 15.55
			vertex -0.81933417446472 8.27481036683757 15.55
			vertex -0.999999999999999 8.29687168074354 15.55
		endloop
	endfacet
	facet normal 0 0 -1
		outer loop
			vertex -0.999999999999999 8.29687168074354 15.55
			vertex -0.81933417446472 8.27481036683757 15.55
			vertex -0.842619650620923 8.26313741800011 15.55
		endloop
	endfacet
	facet normal 0 0 -1
		outer loop
			vertex -0.999999999999999 8.29687168074354 15.55
			vertex -0.842619650620923 8.26313741800011 15.55
			vertex -0.878848862476475 8.23933137948114 15.55
		endloop
	endfacet
	facet normal 0 0 -1
		outer loop
			vertex -0.878848862476475 8.23933137948114 15.55
			vertex -0.911411919265035 8.21043099632054 15.55
			vertex -0.999999999999999 8.29687168074354 15.55
		endloop
	endfacet
	facet normal 0 0 -1
		outer loop
			vertex -0.999999999999999 8.29687168074354 15.55
			vertex -0.911411919265035 8.21043099632054 15.55
			vertex -0.999999999999999 8.23933137948114 15.55
		endloop
	endfacet
	facet normal 0 0 -1
		outer loop
			vertex -0.911411919265035 8.21043099632054 15.55
			vertex -0.931337766531167 8.1878911576784 15.55
			vertex -0.999999999999999 8.23933137948114 15.55
		endloop
	endfacet
	facet normal 0 0 -1
		outer loop
			vertex -0.999999999999999 8.23933137948114 15.55
			vertex -0.931337766531167 8.1878911576784 15.55
			vertex -0.999999999999999 8.16343691878961 15.55
		endloop
	endfacet
	facet normal 0 0 -1
		outer loop
			vertex -0.931337766531167 8.1878911576784 15.55
			vertex -0.949016452338621 8.16343691878961 15.55
			vertex -0.999999999999999 8.16343691878961 15.55
		endloop
	endfacet
	facet normal 0 0 -1
		outer loop
			vertex -0.999999999999999 8.16343691878961 15.55
			vertex -0.949016452338621 8.16343691878961 15.55
			vertex -0.964276250029955 8.13730582246422 15.55
		endloop
	endfacet
	facet normal 0 0 -1
		outer loop
			vertex -0.999999999999999 8.16343691878961 15.55
			vertex -0.964276250029955 8.13730582246422 15.55
			vertex -0.999999999999999 8.10975170011686 15.55
		endloop
	endfacet
	facet normal 0 0 -1
		outer loop
			vertex -0.999999999999999 8.10975170011686 15.55
			vertex -0.964276250029955 8.13730582246422 15.55
			vertex -0.976968929466384 8.10975170011686 15.55
		endloop
	endfacet
	facet normal 0 0 -1
		outer loop
			vertex -0.999999999999999 8.10975170011686 15.55
			vertex -0.976968929466384 8.10975170011686 15.55
			vertex -0.986971196901 8.08104220610719 15.55
		endloop
	endfacet
	facet normal 0 0 -1
		outer loop
			vertex -0.999999999999999 8.10975170011686 15.55
			vertex -0.986971196901 8.08104220610719 15.55
			vertex -0.999999999999999 8.05145621780748 15.55
		endloop
	endfacet
	facet normal 0 0 -1
		outer loop
			vertex -0.999999999999999 8.05145621780748 15.55
			vertex -0.986971196901 8.08104220610719 15.55
			vertex -0.994185892625661 8.05145621780748 15.55
		endloop
	endfacet
	facet normal 0 0 -1
		outer loop
			vertex -0.999999999999999 8.05145621780748 15.55
			vertex -0.994185892625661 8.05145621780748 15.55
			vertex -0.998542934757882 8.02128112665243 15.55
		endloop
	endfacet
	facet normal 0 0 -1
		outer loop
			vertex -0.998542934757882 8.02128112665243 15.55
			vertex -0.999999999999999 7.99081004648537 15.55
			vertex -0.999999999999999 8.05145621780748 15.55
		endloop
	endfacet
	facet normal 0 0 -1
		outer loop
			vertex -0.986326977710986 9.25628335990024 15.55
			vertex -0.945723358707316 9.4078181289931 15.55
			vertex -0.249174626987281 8.34822184105951 15.55
		endloop
	endfacet
	facet normal 0 0 -1
		outer loop
			vertex -0.249174626987281 8.34822184105951 15.55
			vertex -0.945723358707316 9.4078181289931 15.55
			vertex -0.879422863405993 9.55 15.55
		endloop
	endfacet
	facet normal 0 0 -1
		outer loop
			vertex -0.249174626987281 8.34822184105951 15.55
			vertex -0.879422863405993 9.55 15.55
			vertex -0.789439998807079 9.67850884871789 15.55
		endloop
	endfacet
	facet normal 0 0 -1
		outer loop
			vertex -0.789439998807079 9.67850884871789 15.55
			vertex -0.678508848717884 9.78943999880708 15.55
			vertex -0.249174626987281 8.34822184105951 15.55
		endloop
	endfacet
	facet normal 0 0 -1
		outer loop
			vertex -0.249174626987281 8.34822184105951 15.55
			vertex -0.678508848717884 9.78943999880708 15.55
			vertex -0.549999999999998 9.879422863406 15.55
		endloop
	endfacet
	facet normal 0 0 -1
		outer loop
			vertex -0.249174626987281 8.34822184105951 15.55
			vertex -0.549999999999998 9.879422863406 15.55
			vertex -0.4078181289931 9.94572335870732 15.55
		endloop
	endfacet
	facet normal 0 0 -1
		outer loop
			vertex -0.4078181289931 9.94572335870732 15.55
			vertex -0.256283359900236 9.98632697771099 15.55
			vertex -0.249174626987281 8.34822184105951 15.55
		endloop
	endfacet
	facet normal 0 0 -1
		outer loop
			vertex 0.407818128993099 9.94572335870732 15.55
			vertex 0.549999999999997 9.879422863406 15.55
			vertex 0.249174626987281 8.34822184105951 15.55
		endloop
	endfacet
	facet normal 0 0 -1
		outer loop
			vertex 0.249174626987281 8.34822184105951 15.55
			vertex 0.549999999999997 9.879422863406 15.55
			vertex 0.678508848717883 9.78943999880708 15.55
		endloop
	endfacet
	facet normal 0 0 -1
		outer loop
			vertex 0.249174626987281 8.34822184105951 15.55
			vertex 0.678508848717883 9.78943999880708 15.55
			vertex 0.789439998807077 9.67850884871789 15.55
		endloop
	endfacet
	facet normal 0 0 -1
		outer loop
			vertex 0.789439998807077 9.67850884871789 15.55
			vertex 0.879422863405992 9.55 15.55
			vertex 0.249174626987281 8.34822184105951 15.55
		endloop
	endfacet
	facet normal 0 0 -1
		outer loop
			vertex 0.249174626987281 8.34822184105951 15.55
			vertex 0.879422863405992 9.55 15.55
			vertex 0.945723358707315 9.4078181289931 15.55
		endloop
	endfacet
	facet normal 0 0 -1
		outer loop
			vertex 0.249174626987281 8.34822184105951 15.55
			vertex 0.945723358707315 9.4078181289931 15.55
			vertex 0.986326977710985 9.25628335990024 15.55
		endloop
	endfacet
	facet normal 0 0 -1
		outer loop
			vertex 7.52301304544528 -5.48232589908577 15.55
			vertex 7.38083117443839 -5.41602540378444 15.55
			vertex 7.10519185253619 -4.38990836939517 15.55
		endloop
	endfacet
	facet normal 0 0 -1
		outer loop
			vertex 7.10519185253619 -4.38990836939517 15.55
			vertex 7.38083117443839 -5.41602540378444 15.55
			vertex 6.90053973011376 -5.13872900911415 15.55
		endloop
	endfacet
	facet normal 0 0 -1
		outer loop
			vertex 7.10519185253619 -4.38990836939517 15.55
			vertex 6.90053973011376 -5.13872900911415 15.55
			vertex 6.81286707173806 -4.79351885076169 15.55
		endloop
	endfacet
	facet normal 0 0 -1
		outer loop
			vertex 6.81286707173806 -4.79351885076169 15.55
			vertex 6.90053973011376 -5.13872900911415 15.55
			vertex 6.79572071018895 -4.81295463169065 15.55
		endloop
	endfacet
	facet normal 0 0 -1
		outer loop
			vertex 6.69604924808193 -4.88077348177955 15.55
			vertex 6.73478044432528 -4.86130118130045 15.55
			vertex 6.68530485294314 -5.0144630948407 15.55
		endloop
	endfacet
	facet normal 0 0 -1
		outer loop
			vertex 6.68530485294314 -5.0144630948407 15.55
			vertex 6.73478044432528 -4.86130118130045 15.55
			vertex 6.75653149312734 -4.84697244693554 15.55
		endloop
	endfacet
	facet normal 0 0 -1
		outer loop
			vertex 6.68530485294314 -5.0144630948407 15.55
			vertex 6.75653149312734 -4.84697244693554 15.55
			vertex 6.90053973011376 -5.13872900911415 15.55
		endloop
	endfacet
	facet normal 0 0 -1
		outer loop
			vertex 6.90053973011376 -5.13872900911415 15.55
			vertex 6.75653149312734 -4.84697244693554 15.55
			vertex 6.77689545910368 -4.83081683163957 15.55
		endloop
	endfacet
	facet normal 0 0 -1
		outer loop
			vertex 6.90053973011376 -5.13872900911415 15.55
			vertex 6.77689545910368 -4.83081683163957 15.55
			vertex 6.79572071018895 -4.81295463169065 15.55
		endloop
	endfacet
	facet normal 0 0 -1
		outer loop
			vertex 6.69604924808193 -4.88077348177955 15.55
			vertex 6.68530485294314 -5.0144630948407 15.55
			vertex 6.65473931570535 -4.89452364563397 15.55
		endloop
	endfacet
	facet normal 0 0 -1
		outer loop
			vertex 6.65473931570535 -4.89452364563397 15.55
			vertex 6.68530485294314 -5.0144630948407 15.55
			vertex 6.63547384873069 -4.98569315114465 15.55
		endloop
	endfacet
	facet normal 0 0 -1
		outer loop
			vertex 6.65473931570535 -4.89452364563397 15.55
			vertex 6.63547384873069 -4.98569315114465 15.55
			vertex 6.6252563539631 -4.90050997691645 15.55
		endloop
	endfacet
	facet normal 0 0 -1
		outer loop
			vertex 6.6252563539631 -4.90050997691645 15.55
			vertex 6.63547384873069 -4.98569315114465 15.55
			vertex 6.59092533122669 -4.95997305257171 15.55
		endloop
	endfacet
	facet normal 0 0 -1
		outer loop
			vertex 6.6252563539631 -4.90050997691645 15.55
			vertex 6.59092533122669 -4.95997305257171 15.55
			vertex 6.59523905811578 -4.90359301699937 15.55
		endloop
	endfacet
	facet normal 0 0 -1
		outer loop
			vertex 6.59523905811578 -4.90359301699937 15.55
			vertex 6.59092533122669 -4.95997305257171 15.55
			vertex 6.56497900838873 -4.90374281803112 15.55
		endloop
	endfacet
	facet normal 0 0 -1
		outer loop
			vertex 6.59092533122669 -4.95997305257171 15.55
			vertex 6.54711718331176 -4.93468040658033 15.55
			vertex 6.56497900838873 -4.90374281803112 15.55
		endloop
	endfacet
	facet normal 0 0 -1
		outer loop
			vertex 6.56497900838873 -4.90374281803112 15.55
			vertex 6.54711718331176 -4.93468040658033 15.55
			vertex 6.53477014305549 -4.90095792488335 15.55
		endloop
	endfacet
	facet normal 0 0 -1
		outer loop
			vertex 6.54711718331176 -4.93468040658033 15.55
			vertex 6.4983915200923 -4.90654863180413 15.55
			vertex 6.53477014305549 -4.90095792488335 15.55
		endloop
	endfacet
	facet normal 0 0 -1
		outer loop
			vertex 6.53477014305549 -4.90095792488335 15.55
			vertex 6.4983915200923 -4.90654863180413 15.55
			vertex 6.50490590319767 -4.89526538928566 15.55
		endloop
	endfacet
	facet normal 0 0 -1
		outer loop
			vertex 6.42024828578914 -4.86143261444385 15.55
			vertex 6.44736550832966 -4.87540628095249 15.55
			vertex 6.4983915200923 -4.90654863180413 15.55
		endloop
	endfacet
	facet normal 0 0 -1
		outer loop
			vertex 6.4983915200923 -4.90654863180413 15.55
			vertex 6.44736550832966 -4.87540628095249 15.55
			vertex 6.47567638229444 -4.88672050705222 15.55
		endloop
	endfacet
	facet normal 0 0 -1
		outer loop
			vertex 6.4983915200923 -4.90654863180413 15.55
			vertex 6.47567638229444 -4.88672050705222 15.55
			vertex 6.50490590319767 -4.89526538928566 15.55
		endloop
	endfacet
	facet normal 0 0 -1
		outer loop
			vertex 8.7765545331457 -4.77121558861467 15.55
			vertex 8.71025403784438 -4.91339745962157 15.55
			vertex 7.35436809445022 -3.95832245836099 15.55
		endloop
	endfacet
	facet normal 0 0 -1
		outer loop
			vertex 7.35436809445022 -3.95832245836099 15.55
			vertex 8.71025403784438 -4.91339745962157 15.55
			vertex 8.61025403784438 -5.08660254037845 15.55
		endloop
	endfacet
	facet normal 0 0 -1
		outer loop
			vertex 7.35436809445022 -3.95832245836099 15.55
			vertex 8.61025403784438 -5.08660254037845 15.55
			vertex 7.10519185253619 -4.38990836939517 15.55
		endloop
	endfacet
	facet normal 0 0 -1
		outer loop
			vertex 7.10519185253619 -4.38990836939517 15.55
			vertex 8.61025403784438 -5.08660254037845 15.55
			vertex 8.52027117324547 -5.21511138909634 15.55
		endloop
	endfacet
	facet normal 0 0 -1
		outer loop
			vertex 7.10519185253619 -4.38990836939517 15.55
			vertex 8.52027117324547 -5.21511138909634 15.55
			vertex 8.40934002315627 -5.32604253918553 15.55
		endloop
	endfacet
	facet normal 0 0 -1
		outer loop
			vertex 7.55774263414823 -3.50335653135082 15.55
			vertex 7.90053973011376 -3.40667820154527 15.55
			vertex 7.35436809445022 -3.95832245836099 15.55
		endloop
	endfacet
	facet normal 0 0 -1
		outer loop
			vertex 7.35436809445022 -3.95832245836099 15.55
			vertex 7.90053973011376 -3.40667820154527 15.55
			vertex 8.38083117443839 -3.68397459621557 15.55
		endloop
	endfacet
	facet normal 0 0 -1
		outer loop
			vertex 7.35436809445022 -3.95832245836099 15.55
			vertex 8.38083117443839 -3.68397459621557 15.55
			vertex 8.50934002315627 -3.77395746081449 15.55
		endloop
	endfacet
	facet normal 0 0 -1
		outer loop
			vertex 7.55774263414823 -3.50335653135082 15.55
			vertex 7.56600133340054 -3.47878945620234 15.55
			vertex 7.90053973011376 -3.40667820154527 15.55
		endloop
	endfacet
	facet normal 0 0 -1
		outer loop
			vertex 7.90053973011376 -3.40667820154527 15.55
			vertex 7.56600133340054 -3.47878945620234 15.55
			vertex 7.57205782678115 -3.45355521055543 15.55
		endloop
	endfacet
	facet normal 0 0 -1
		outer loop
			vertex 7.90053973011376 -3.40667820154527 15.55
			vertex 7.57205782678115 -3.45355521055543 15.55
			vertex 7.57586701705306 -3.42784169105013 15.55
		endloop
	endfacet
	facet normal 0 0 -1
		outer loop
			vertex 7.90053973011376 -3.40667820154527 15.55
			vertex 7.57586701705306 -3.42784169105013 15.55
			vertex 7.68530485294314 -3.28241228727182 15.55
		endloop
	endfacet
	facet normal 0 0 -1
		outer loop
			vertex 7.68530485294314 -3.28241228727182 15.55
			vertex 7.57586701705306 -3.42784169105013 15.55
			vertex 7.57740054061612 -3.40184036304613 15.55
		endloop
	endfacet
	facet normal 0 0 -1
		outer loop
			vertex 7.68530485294314 -3.28241228727182 15.55
			vertex 7.57740054061612 -3.40184036304613 15.55
			vertex 7.57489844937947 -3.35856201294088 15.55
		endloop
	endfacet
	facet normal 0 0 -1
		outer loop
			vertex 7.57489844937947 -3.35856201294088 15.55
			vertex 7.56615147439531 -3.31591148014694 15.55
			vertex 7.68530485294314 -3.28241228727182 15.55
		endloop
	endfacet
	facet normal 0 0 -1
		outer loop
			vertex 7.68530485294314 -3.28241228727182 15.55
			vertex 7.56615147439531 -3.31591148014694 15.55
			vertex 7.63547384873069 -3.25364234357577 15.55
		endloop
	endfacet
	facet normal 0 0 -1
		outer loop
			vertex 7.56615147439531 -3.31591148014694 15.55
			vertex 7.55659430849028 -3.28738532065811 15.55
			vertex 7.63547384873069 -3.25364234357577 15.55
		endloop
	endfacet
	facet normal 0 0 -1
		outer loop
			vertex 7.63547384873069 -3.25364234357577 15.55
			vertex 7.55659430849028 -3.28738532065811 15.55
			vertex 7.56974735485755 -3.21569513464522 15.55
		endloop
	endfacet
	facet normal 0 0 -1
		outer loop
			vertex 7.55659430849028 -3.28738532065811 15.55
			vertex 7.54425565159932 -3.25984805985995 15.55
			vertex 7.56974735485755 -3.21569513464522 15.55
		endloop
	endfacet
	facet normal 0 0 -1
		outer loop
			vertex 7.56974735485755 -3.21569513464522 15.55
			vertex 7.54425565159932 -3.25984805985995 15.55
			vertex 7.5292553582348 -3.23356718756067 15.55
		endloop
	endfacet
	facet normal 0 0 -1
		outer loop
			vertex 7.56974735485755 -3.21569513464522 15.55
			vertex 7.5292553582348 -3.23356718756067 15.55
			vertex 7.52325464020543 -3.18885255332547 15.55
		endloop
	endfacet
	facet normal 0 0 -1
		outer loop
			vertex 7.52325464020543 -3.18885255332547 15.55
			vertex 7.5292553582348 -3.23356718756067 15.55
			vertex 7.51173913735538 -3.20879798933646 15.55
		endloop
	endfacet
	facet normal 0 0 -1
		outer loop
			vertex 7.52325464020543 -3.18885255332547 15.55
			vertex 7.51173913735538 -3.20879798933646 15.55
			vertex 7.49187713698693 -3.18578106675373 15.55
		endloop
	endfacet
	facet normal 0 0 -1
		outer loop
			vertex 7.52325464020543 -3.18885255332547 15.55
			vertex 7.49187713698693 -3.18578106675373 15.55
			vertex 7.47276933687162 -3.15970484985557 15.55
		endloop
	endfacet
	facet normal 0 0 -1
		outer loop
			vertex 7.47276933687162 -3.15970484985557 15.55
			vertex 7.49187713698693 -3.18578106675373 15.55
			vertex 7.46986229144881 -3.1647400002278 15.55
		endloop
	endfacet
	facet normal 0 0 -1
		outer loop
			vertex 7.47276933687162 -3.15970484985557 15.55
			vertex 7.46986229144881 -3.1647400002278 15.55
			vertex 7.44590844723989 -3.14587917722083 15.55
		endloop
	endfacet
	facet normal 0 0 -1
		outer loop
			vertex 7.44590844723989 -3.14587917722083 15.55
			vertex 7.42024828578914 -3.12938180687498 15.55
			vertex 7.47276933687162 -3.15970484985557 15.55
		endloop
	endfacet
	facet normal 0 0 -1
		outer loop
			vertex 8.50934002315627 -3.77395746081449 15.55
			vertex 8.62027117324546 -3.88488861090368 15.55
			vertex 7.35436809445022 -3.95832245836099 15.55
		endloop
	endfacet
	facet normal 0 0 -1
		outer loop
			vertex 7.35436809445022 -3.95832245836099 15.55
			vertex 8.62027117324546 -3.88488861090368 15.55
			vertex 8.71025403784438 -4.01339745962157 15.55
		endloop
	endfacet
	facet normal 0 0 -1
		outer loop
			vertex 7.35436809445022 -3.95832245836099 15.55
			vertex 8.71025403784438 -4.01339745962157 15.55
			vertex 8.7765545331457 -4.15557933062846 15.55
		endloop
	endfacet
	facet normal 0 0 -1
		outer loop
			vertex 8.7765545331457 -4.15557933062846 15.55
			vertex 8.81715815214937 -4.30711409972133 15.55
			vertex 7.35436809445022 -3.95832245836099 15.55
		endloop
	endfacet
	facet normal 0 0 -1
		outer loop
			vertex 7.35436809445022 -3.95832245836099 15.55
			vertex 8.81715815214937 -4.30711409972133 15.55
			vertex 8.83083117443839 -4.46339745962157 15.55
		endloop
	endfacet
	facet normal 0 0 -1
		outer loop
			vertex 7.35436809445022 -3.95832245836099 15.55
			vertex 8.83083117443839 -4.46339745962157 15.55
			vertex 8.81715815214937 -4.6196808195218 15.55
		endloop
	endfacet
	facet normal 0 0 -1
		outer loop
			vertex 8.81715815214937 -4.6196808195218 15.55
			vertex 8.7765545331457 -4.77121558861467 15.55
			vertex 7.35436809445022 -3.95832245836099 15.55
		endloop
	endfacet
	facet normal 0 0 -1
		outer loop
			vertex 8.40934002315627 -5.32604253918553 15.55
			vertex 8.28083117443838 -5.41602540378445 15.55
			vertex 7.10519185253619 -4.38990836939517 15.55
		endloop
	endfacet
	facet normal 0 0 -1
		outer loop
			vertex 7.10519185253619 -4.38990836939517 15.55
			vertex 8.28083117443838 -5.41602540378445 15.55
			vertex 8.13864930343149 -5.48232589908577 15.55
		endloop
	endfacet
	facet normal 0 0 -1
		outer loop
			vertex 7.10519185253619 -4.38990836939517 15.55
			vertex 8.13864930343149 -5.48232589908577 15.55
			vertex 7.98711453433862 -5.52292951808944 15.55
		endloop
	endfacet
	facet normal 0 0 -1
		outer loop
			vertex 7.98711453433862 -5.52292951808944 15.55
			vertex 7.83083117443839 -5.53660254037845 15.55
			vertex 7.10519185253619 -4.38990836939517 15.55
		endloop
	endfacet
	facet normal 0 0 -1
		outer loop
			vertex 7.10519185253619 -4.38990836939517 15.55
			vertex 7.83083117443839 -5.53660254037845 15.55
			vertex 7.67454781453815 -5.52292951808944 15.55
		endloop
	endfacet
	facet normal 0 0 -1
		outer loop
			vertex 7.10519185253619 -4.38990836939517 15.55
			vertex 7.67454781453815 -5.52292951808944 15.55
			vertex 7.52301304544528 -5.48232589908577 15.55
		endloop
	endfacet
	facet normal 0 0 1
		outer loop
			vertex 4.70289884198581 -1.56051937401284 16.3
			vertex 4.62044254319171 -1.7899689772968 16.3
			vertex 8.38083117443839 -3.68397459621557 16.3
		endloop
	endfacet
	facet normal 0 0 1
		outer loop
			vertex 8.38083117443839 -3.68397459621557 16.3
			vertex 4.62044254319171 -1.7899689772968 16.3
			vertex 4.36545571566135 -2.3442002109932 16.3
		endloop
	endfacet
	facet normal 0 0 1
		outer loop
			vertex 8.38083117443839 -3.68397459621557 16.3
			vertex 4.36545571566135 -2.3442002109932 16.3
			vertex 7.38083117443839 -5.41602540378444 16.3
		endloop
	endfacet
	facet normal 0 0 1
		outer loop
			vertex 7.38083117443839 -5.41602540378444 16.3
			vertex 4.36545571566135 -2.3442002109932 16.3
			vertex 4.04429302938208 -2.86289575903706 16.3
		endloop
	endfacet
	facet normal 0 0 1
		outer loop
			vertex 7.38083117443839 -5.41602540378444 16.3
			vertex 4.04429302938208 -2.86289575903706 16.3
			vertex 3.7028988419858 -3.29257018158172 16.3
		endloop
	endfacet
	facet normal 0 0 1
		outer loop
			vertex 7.52301304544528 -5.48232589908577 16.3
			vertex 7.67454781453815 -5.52292951808944 16.3
			vertex 7.38083117443839 -5.41602540378444 16.3
		endloop
	endfacet
	facet normal 0 0 1
		outer loop
			vertex 7.38083117443839 -5.41602540378444 16.3
			vertex 7.67454781453815 -5.52292951808944 16.3
			vertex 7.83083117443839 -5.53660254037845 16.3
		endloop
	endfacet
	facet normal 0 0 1
		outer loop
			vertex 7.38083117443839 -5.41602540378444 16.3
			vertex 7.83083117443839 -5.53660254037845 16.3
			vertex 7.98711453433862 -5.52292951808944 16.3
		endloop
	endfacet
	facet normal 0 0 1
		outer loop
			vertex 7.98711453433862 -5.52292951808944 16.3
			vertex 8.13864930343149 -5.48232589908577 16.3
			vertex 7.38083117443839 -5.41602540378444 16.3
		endloop
	endfacet
	facet normal 0 0 1
		outer loop
			vertex 7.38083117443839 -5.41602540378444 16.3
			vertex 8.13864930343149 -5.48232589908577 16.3
			vertex 8.28083117443838 -5.41602540378445 16.3
		endloop
	endfacet
	facet normal 0 0 1
		outer loop
			vertex 7.38083117443839 -5.41602540378444 16.3
			vertex 8.28083117443838 -5.41602540378445 16.3
			vertex 8.40934002315627 -5.32604253918553 16.3
		endloop
	endfacet
	facet normal 0 0 1
		outer loop
			vertex 8.40934002315627 -5.32604253918553 16.3
			vertex 8.52027117324547 -5.21511138909634 16.3
			vertex 7.38083117443839 -5.41602540378444 16.3
		endloop
	endfacet
	facet normal 0 0 1
		outer loop
			vertex 7.38083117443839 -5.41602540378444 16.3
			vertex 8.52027117324547 -5.21511138909634 16.3
			vertex 8.61025403784438 -5.08660254037845 16.3
		endloop
	endfacet
	facet normal 0 0 1
		outer loop
			vertex 7.38083117443839 -5.41602540378444 16.3
			vertex 8.61025403784438 -5.08660254037845 16.3
			vertex 8.71025403784438 -4.91339745962157 16.3
		endloop
	endfacet
	facet normal 0 0 1
		outer loop
			vertex 7.38083117443839 -5.41602540378444 16.3
			vertex 8.71025403784438 -4.91339745962157 16.3
			vertex 8.38083117443839 -3.68397459621557 16.3
		endloop
	endfacet
	facet normal 0 0 1
		outer loop
			vertex 8.38083117443839 -3.68397459621557 16.3
			vertex 8.71025403784438 -4.91339745962157 16.3
			vertex 8.7765545331457 -4.77121558861467 16.3
		endloop
	endfacet
	facet normal 0 0 1
		outer loop
			vertex 8.38083117443839 -3.68397459621557 16.3
			vertex 8.7765545331457 -4.77121558861467 16.3
			vertex 8.81715815214937 -4.6196808195218 16.3
		endloop
	endfacet
	facet normal 0 0 1
		outer loop
			vertex 8.81715815214937 -4.6196808195218 16.3
			vertex 8.83083117443839 -4.46339745962157 16.3
			vertex 8.38083117443839 -3.68397459621557 16.3
		endloop
	endfacet
	facet normal 0 0 1
		outer loop
			vertex 8.38083117443839 -3.68397459621557 16.3
			vertex 8.83083117443839 -4.46339745962157 16.3
			vertex 8.81715815214937 -4.30711409972133 16.3
		endloop
	endfacet
	facet normal 0 0 1
		outer loop
			vertex 8.38083117443839 -3.68397459621557 16.3
			vertex 8.81715815214937 -4.30711409972133 16.3
			vertex 8.7765545331457 -4.15557933062846 16.3
		endloop
	endfacet
	facet normal 0 0 1
		outer loop
			vertex 8.7765545331457 -4.15557933062846 16.3
			vertex 8.71025403784438 -4.01339745962157 16.3
			vertex 8.38083117443839 -3.68397459621557 16.3
		endloop
	endfacet
	facet normal 0 0 1
		outer loop
			vertex 8.38083117443839 -3.68397459621557 16.3
			vertex 8.71025403784438 -4.01339745962157 16.3
			vertex 8.62027117324546 -3.88488861090368 16.3
		endloop
	endfacet
	facet normal 0 0 1
		outer loop
			vertex 8.38083117443839 -3.68397459621557 16.3
			vertex 8.62027117324546 -3.88488861090368 16.3
			vertex 8.50934002315627 -3.77395746081449 16.3
		endloop
	endfacet
	facet normal 0.866025403784436 -0.500000000000004 0
		outer loop
			vertex 8.61025403784438 -5.08660254037845 15.55
			vertex 8.71025403784438 -4.91339745962157 15.55
			vertex 8.61025403784438 -5.08660254037845 15.925
		endloop
	endfacet
	facet normal 0.866025403784436 -0.500000000000004 0
		outer loop
			vertex 8.61025403784438 -5.08660254037845 15.925
			vertex 8.71025403784438 -4.91339745962157 15.55
			vertex 8.71025403784438 -4.91339745962157 15.925
		endloop
	endfacet
	facet normal 0.866025403784436 -0.500000000000004 0
		outer loop
			vertex 8.61025403784438 -5.08660254037845 15.925
			vertex 8.71025403784438 -4.91339745962157 15.925
			vertex 8.61025403784438 -5.08660254037845 16.3
		endloop
	endfacet
	facet normal 0.866025403784436 -0.500000000000004 0
		outer loop
			vertex 8.61025403784438 -5.08660254037845 16.3
			vertex 8.71025403784438 -4.91339745962157 15.925
			vertex 8.71025403784438 -4.91339745962157 16.3
		endloop
	endfacet
	facet normal 0 0 1
		outer loop
			vertex -1 4.85308955559455 16.3
			vertex -0.76006266527078 4.8964051077788 16.3
			vertex -0.999999999999999 9.1 16.3
		endloop
	endfacet
	facet normal 0 0 1
		outer loop
			vertex -0.999999999999999 9.1 16.3
			vertex -0.76006266527078 4.8964051077788 16.3
			vertex -0.152590923553723 4.9526956543553 16.3
		endloop
	endfacet
	facet normal 0 0 1
		outer loop
			vertex -0.999999999999999 9.1 16.3
			vertex -0.152590923553723 4.9526956543553 16.3
			vertex 0.999999999999998 9.1 16.3
		endloop
	endfacet
	facet normal 0 0 1
		outer loop
			vertex 0.999999999999998 9.1 16.3
			vertex -0.152590923553723 4.9526956543553 16.3
			vertex 0.457193941021782 4.93390838331174 16.3
		endloop
	endfacet
	facet normal 0 0 1
		outer loop
			vertex 0.999999999999998 9.1 16.3
			vertex 0.457193941021782 4.93390838331174 16.3
			vertex 1 4.85308955559455 16.3
		endloop
	endfacet
	facet normal 0 0 1
		outer loop
			vertex 0.986326977710985 9.25628335990024 16.3
			vertex 0.945723358707315 9.4078181289931 16.3
			vertex 0.999999999999998 9.1 16.3
		endloop
	endfacet
	facet normal 0 0 1
		outer loop
			vertex 0.999999999999998 9.1 16.3
			vertex 0.945723358707315 9.4078181289931 16.3
			vertex 0.879422863405992 9.55 16.3
		endloop
	endfacet
	facet normal 0 0 1
		outer loop
			vertex 0.999999999999998 9.1 16.3
			vertex 0.879422863405992 9.55 16.3
			vertex 0.789439998807077 9.67850884871789 16.3
		endloop
	endfacet
	facet normal 0 0 1
		outer loop
			vertex 0.789439998807077 9.67850884871789 16.3
			vertex 0.678508848717883 9.78943999880708 16.3
			vertex 0.999999999999998 9.1 16.3
		endloop
	endfacet
	facet normal 0 0 1
		outer loop
			vertex 0.999999999999998 9.1 16.3
			vertex 0.678508848717883 9.78943999880708 16.3
			vertex 0.549999999999997 9.879422863406 16.3
		endloop
	endfacet
	facet normal 0 0 1
		outer loop
			vertex 0.999999999999998 9.1 16.3
			vertex 0.549999999999997 9.879422863406 16.3
			vertex 0.407818128993099 9.94572335870732 16.3
		endloop
	endfacet
	facet normal 0 0 1
		outer loop
			vertex 0.407818128993099 9.94572335870732 16.3
			vertex 0.256283359900235 9.98632697771099 16.3
			vertex 0.999999999999998 9.1 16.3
		endloop
	endfacet
	facet normal 0 0 1
		outer loop
			vertex 0.999999999999998 9.1 16.3
			vertex 0.256283359900235 9.98632697771099 16.3
			vertex 0.0999999999999977 10 16.3
		endloop
	endfacet
	facet normal 0 0 1
		outer loop
			vertex 0.999999999999998 9.1 16.3
			vertex 0.0999999999999977 10 16.3
			vertex -0.0999999999999985 10 16.3
		endloop
	endfacet
	facet normal 0 0 1
		outer loop
			vertex 0.999999999999998 9.1 16.3
			vertex -0.0999999999999985 10 16.3
			vertex -0.999999999999999 9.1 16.3
		endloop
	endfacet
	facet normal 0 0 1
		outer loop
			vertex -0.999999999999999 9.1 16.3
			vertex -0.0999999999999985 10 16.3
			vertex -0.256283359900236 9.98632697771099 16.3
		endloop
	endfacet
	facet normal 0 0 1
		outer loop
			vertex -0.999999999999999 9.1 16.3
			vertex -0.256283359900236 9.98632697771099 16.3
			vertex -0.4078181289931 9.94572335870732 16.3
		endloop
	endfacet
	facet normal 0 0 1
		outer loop
			vertex -0.4078181289931 9.94572335870732 16.3
			vertex -0.549999999999998 9.879422863406 16.3
			vertex -0.999999999999999 9.1 16.3
		endloop
	endfacet
	facet normal 0 0 1
		outer loop
			vertex -0.999999999999999 9.1 16.3
			vertex -0.549999999999998 9.879422863406 16.3
			vertex -0.678508848717884 9.78943999880708 16.3
		endloop
	endfacet
	facet normal 0 0 1
		outer loop
			vertex -0.999999999999999 9.1 16.3
			vertex -0.678508848717884 9.78943999880708 16.3
			vertex -0.789439998807079 9.67850884871789 16.3
		endloop
	endfacet
	facet normal 0 0 1
		outer loop
			vertex -0.789439998807079 9.67850884871789 16.3
			vertex -0.879422863405993 9.55 16.3
			vertex -0.999999999999999 9.1 16.3
		endloop
	endfacet
	facet normal 0 0 1
		outer loop
			vertex -0.999999999999999 9.1 16.3
			vertex -0.879422863405993 9.55 16.3
			vertex -0.945723358707316 9.4078181289931 16.3
		endloop
	endfacet
	facet normal 0 0 1
		outer loop
			vertex -0.999999999999999 9.1 16.3
			vertex -0.945723358707316 9.4078181289931 16.3
			vertex -0.986326977710986 9.25628335990024 16.3
		endloop
	endfacet
	facet normal 0 0 -1
		outer loop
			vertex -3.20062519728968 -0.564356577417523 0
			vertex -4.7270772144586 -0.833511252801265 0
			vertex -3.25 -3.97997064992273E-16 0
		endloop
	endfacet
	facet normal 0 0 -1
		outer loop
			vertex -3.25 -3.97997064992273E-16 0
			vertex -4.7270772144586 -0.833511252801265 0
			vertex -4.8 5.87811049834741E-16 0
		endloop
	endfacet
	facet normal 0 0 -1
		outer loop
			vertex -3.25 -3.97997064992273E-16 0
			vertex -4.8 5.87811049834741E-16 0
			vertex -3.20062519728968 0.564356577417523 0
		endloop
	endfacet
	facet normal 0 0 -1
		outer loop
			vertex -3.20062519728968 0.564356577417523 0
			vertex -4.8 5.87811049834741E-16 0
			vertex -4.7270772144586 0.833511252801265 0
		endloop
	endfacet
	facet normal 0 0 -1
		outer loop
			vertex -3.20062519728968 0.564356577417523 0
			vertex -4.7270772144586 0.833511252801265 0
			vertex -3.0540010175542 1.11156546580843 0
		endloop
	endfacet
	facet normal 0 0 -1
		outer loop
			vertex -3.0540010175542 1.11156546580843 0
			vertex -4.7270772144586 0.833511252801265 0
			vertex -4.51052457977236 1.64169668796321 0
		endloop
	endfacet
	facet normal 0 0 -1
		outer loop
			vertex -3.0540010175542 1.11156546580843 0
			vertex -4.51052457977236 1.64169668796321 0
			vertex -2.81458256229942 1.625 0
		endloop
	endfacet
	facet normal 0 0 -1
		outer loop
			vertex -2.81458256229942 1.625 0
			vertex -4.51052457977236 1.64169668796321 0
			vertex -4.15692193816531 2.4 0
		endloop
	endfacet
	facet normal 0 0 -1
		outer loop
			vertex -2.81458256229942 1.625 0
			vertex -4.15692193816531 2.4 0
			vertex -2.48964444013668 2.08905973148125 0
		endloop
	endfacet
	facet normal 0 0 -1
		outer loop
			vertex -2.48964444013668 2.08905973148125 0
			vertex -4.15692193816531 2.4 0
			vertex -3.67701332697109 3.08538052649539 0
		endloop
	endfacet
	facet normal 0 0 -1
		outer loop
			vertex -2.48964444013668 2.08905973148125 0
			vertex -3.67701332697109 3.08538052649539 0
			vertex -2.08905973148125 2.48964444013668 0
		endloop
	endfacet
	facet normal 0 0 -1
		outer loop
			vertex -2.08905973148125 2.48964444013668 0
			vertex -3.67701332697109 3.08538052649539 0
			vertex -3.08538052649539 3.67701332697109 0
		endloop
	endfacet
	facet normal 0 0 -1
		outer loop
			vertex -2.08905973148125 2.48964444013668 0
			vertex -3.08538052649539 3.67701332697109 0
			vertex -1.625 2.81458256229942 0
		endloop
	endfacet
	facet normal 0 0 -1
		outer loop
			vertex -1.625 2.81458256229942 0
			vertex -3.08538052649539 3.67701332697109 0
			vertex -2.4 4.1569219381653 0
		endloop
	endfacet
	facet normal 0 0 -1
		outer loop
			vertex -1.625 2.81458256229942 0
			vertex -2.4 4.1569219381653 0
			vertex -1.11156546580842 3.0540010175542 0
		endloop
	endfacet
	facet normal 0 0 -1
		outer loop
			vertex -1.11156546580842 3.0540010175542 0
			vertex -2.4 4.1569219381653 0
			vertex -1.64169668796321 4.51052457977236 0
		endloop
	endfacet
	facet normal 0 0 -1
		outer loop
			vertex -1.11156546580842 3.0540010175542 0
			vertex -1.64169668796321 4.51052457977236 0
			vertex -0.564356577417523 3.20062519728968 0
		endloop
	endfacet
	facet normal 0 0 -1
		outer loop
			vertex -0.564356577417523 3.20062519728968 0
			vertex -1.64169668796321 4.51052457977236 0
			vertex -0.833511252801265 4.7270772144586 0
		endloop
	endfacet
	facet normal 0 0 -1
		outer loop
			vertex -0.564356577417523 3.20062519728968 0
			vertex -0.833511252801265 4.7270772144586 0
			vertex 1.98998532496136E-16 3.25 0
		endloop
	endfacet
	facet normal 0 0 -1
		outer loop
			vertex 1.98998532496136E-16 3.25 0
			vertex -0.833511252801265 4.7270772144586 0
			vertex 2.93905524917371E-16 4.8 0
		endloop
	endfacet
	facet normal 0 0 -1
		outer loop
			vertex 1.98998532496136E-16 3.25 0
			vertex 2.93905524917371E-16 4.8 0
			vertex 0.833511252801266 4.7270772144586 0
		endloop
	endfacet
	facet normal 0 0 -1
		outer loop
			vertex -3.20062519728968 -0.564356577417523 0
			vertex -3.0540010175542 -1.11156546580842 0
			vertex -4.7270772144586 -0.833511252801265 0
		endloop
	endfacet
	facet normal 0 0 -1
		outer loop
			vertex -4.7270772144586 -0.833511252801265 0
			vertex -3.0540010175542 -1.11156546580842 0
			vertex -4.51052457977236 -1.64169668796321 0
		endloop
	endfacet
	facet normal 0 0 -1
		outer loop
			vertex -3.0540010175542 -1.11156546580842 0
			vertex -2.81458256229943 -1.625 0
			vertex -4.51052457977236 -1.64169668796321 0
		endloop
	endfacet
	facet normal 0 0 -1
		outer loop
			vertex -4.51052457977236 -1.64169668796321 0
			vertex -2.81458256229943 -1.625 0
			vertex -4.1569219381653 -2.4 0
		endloop
	endfacet
	facet normal 0 0 -1
		outer loop
			vertex -2.81458256229943 -1.625 0
			vertex -2.48964444013668 -2.08905973148125 0
			vertex -4.1569219381653 -2.4 0
		endloop
	endfacet
	facet normal 0 0 -1
		outer loop
			vertex -4.1569219381653 -2.4 0
			vertex -2.48964444013668 -2.08905973148125 0
			vertex -3.67701332697109 -3.08538052649539 0
		endloop
	endfacet
	facet normal 0 0 -1
		outer loop
			vertex -2.48964444013668 -2.08905973148125 0
			vertex -2.08905973148125 -2.48964444013668 0
			vertex -3.67701332697109 -3.08538052649539 0
		endloop
	endfacet
	facet normal 0 0 -1
		outer loop
			vertex -3.67701332697109 -3.08538052649539 0
			vertex -2.08905973148125 -2.48964444013668 0
			vertex -3.08538052649539 -3.67701332697109 0
		endloop
	endfacet
	facet normal 0 0 -1
		outer loop
			vertex -2.08905973148125 -2.48964444013668 0
			vertex -1.625 -2.81458256229942 0
			vertex -3.08538052649539 -3.67701332697109 0
		endloop
	endfacet
	facet normal 0 0 -1
		outer loop
			vertex -3.08538052649539 -3.67701332697109 0
			vertex -1.625 -2.81458256229942 0
			vertex -2.4 -4.1569219381653 0
		endloop
	endfacet
	facet normal 0 0 -1
		outer loop
			vertex -1.625 -2.81458256229942 0
			vertex -1.11156546580842 -3.0540010175542 0
			vertex -2.4 -4.1569219381653 0
		endloop
	endfacet
	facet normal 0 0 -1
		outer loop
			vertex -2.4 -4.1569219381653 0
			vertex -1.11156546580842 -3.0540010175542 0
			vertex -1.64169668796321 -4.51052457977236 0
		endloop
	endfacet
	facet normal 0 0 -1
		outer loop
			vertex -1.11156546580842 -3.0540010175542 0
			vertex -0.564356577417524 -3.20062519728968 0
			vertex -1.64169668796321 -4.51052457977236 0
		endloop
	endfacet
	facet normal 0 0 -1
		outer loop
			vertex -1.64169668796321 -4.51052457977236 0
			vertex -0.564356577417524 -3.20062519728968 0
			vertex -0.833511252801264 -4.7270772144586 0
		endloop
	endfacet
	facet normal 0 0 -1
		outer loop
			vertex -0.564356577417524 -3.20062519728968 0
			vertex 1.98998532496136E-16 -3.25 0
			vertex -0.833511252801264 -4.7270772144586 0
		endloop
	endfacet
	facet normal 0 0 -1
		outer loop
			vertex -0.833511252801264 -4.7270772144586 0
			vertex 1.98998532496136E-16 -3.25 0
			vertex 2.93905524917371E-16 -4.8 0
		endloop
	endfacet
	facet normal 0 0 -1
		outer loop
			vertex 2.93905524917371E-16 -4.8 0
			vertex 1.98998532496136E-16 -3.25 0
			vertex 0.833511252801265 -4.7270772144586 0
		endloop
	endfacet
	facet normal 0 0 -1
		outer loop
			vertex 0.833511252801265 -4.7270772144586 0
			vertex 1.98998532496136E-16 -3.25 0
			vertex 0.564356577417524 -3.20062519728968 0
		endloop
	endfacet
	facet normal 0 0 -1
		outer loop
			vertex 0.833511252801265 -4.7270772144586 0
			vertex 0.564356577417524 -3.20062519728968 0
			vertex 1.64169668796321 -4.51052457977236 0
		endloop
	endfacet
	facet normal 0 0 -1
		outer loop
			vertex 1.64169668796321 -4.51052457977236 0
			vertex 0.564356577417524 -3.20062519728968 0
			vertex 1.11156546580842 -3.0540010175542 0
		endloop
	endfacet
	facet normal 0 0 -1
		outer loop
			vertex 1.64169668796321 -4.51052457977236 0
			vertex 1.11156546580842 -3.0540010175542 0
			vertex 2.4 -4.1569219381653 0
		endloop
	endfacet
	facet normal 0 0 -1
		outer loop
			vertex 2.4 -4.1569219381653 0
			vertex 1.11156546580842 -3.0540010175542 0
			vertex 1.625 -2.81458256229943 0
		endloop
	endfacet
	facet normal 0 0 -1
		outer loop
			vertex 2.4 -4.1569219381653 0
			vertex 1.625 -2.81458256229943 0
			vertex 3.08538052649539 -3.67701332697109 0
		endloop
	endfacet
	facet normal 0 0 -1
		outer loop
			vertex 3.08538052649539 -3.67701332697109 0
			vertex 1.625 -2.81458256229943 0
			vertex 2.08905973148125 -2.48964444013668 0
		endloop
	endfacet
	facet normal 0 0 -1
		outer loop
			vertex 3.08538052649539 -3.67701332697109 0
			vertex 2.08905973148125 -2.48964444013668 0
			vertex 3.67701332697109 -3.08538052649539 0
		endloop
	endfacet
	facet normal 0 0 -1
		outer loop
			vertex 3.67701332697109 -3.08538052649539 0
			vertex 2.08905973148125 -2.48964444013668 0
			vertex 2.48964444013668 -2.08905973148125 0
		endloop
	endfacet
	facet normal 0 0 -1
		outer loop
			vertex 3.67701332697109 -3.08538052649539 0
			vertex 2.48964444013668 -2.08905973148125 0
			vertex 4.15692193816531 -2.4 0
		endloop
	endfacet
	facet normal 0 0 -1
		outer loop
			vertex 4.15692193816531 -2.4 0
			vertex 2.48964444013668 -2.08905973148125 0
			vertex 2.81458256229943 -1.625 0
		endloop
	endfacet
	facet normal 0 0 -1
		outer loop
			vertex 4.15692193816531 -2.4 0
			vertex 2.81458256229943 -1.625 0
			vertex 4.51052457977236 -1.64169668796321 0
		endloop
	endfacet
	facet normal 0 0 -1
		outer loop
			vertex 4.51052457977236 -1.64169668796321 0
			vertex 2.81458256229943 -1.625 0
			vertex 3.0540010175542 -1.11156546580842 0
		endloop
	endfacet
	facet normal 0 0 -1
		outer loop
			vertex 4.51052457977236 -1.64169668796321 0
			vertex 3.0540010175542 -1.11156546580842 0
			vertex 4.7270772144586 -0.833511252801265 0
		endloop
	endfacet
	facet normal 0 0 -1
		outer loop
			vertex 4.7270772144586 -0.833511252801265 0
			vertex 3.0540010175542 -1.11156546580842 0
			vertex 3.20062519728968 -0.564356577417524 0
		endloop
	endfacet
	facet normal 0 0 -1
		outer loop
			vertex 4.7270772144586 -0.833511252801265 0
			vertex 3.20062519728968 -0.564356577417524 0
			vertex 4.8 0 0
		endloop
	endfacet
	facet normal 0 0 -1
		outer loop
			vertex 4.8 0 0
			vertex 3.20062519728968 -0.564356577417524 0
			vertex 3.25 0 0
		endloop
	endfacet
	facet normal 0 0 -1
		outer loop
			vertex 4.8 0 0
			vertex 3.25 0 0
			vertex 3.20062519728968 0.564356577417523 0
		endloop
	endfacet
	facet normal 0 0 -1
		outer loop
			vertex 4.8 0 0
			vertex 3.20062519728968 0.564356577417523 0
			vertex 4.7270772144586 0.833511252801267 0
		endloop
	endfacet
	facet normal 0 0 -1
		outer loop
			vertex 4.7270772144586 0.833511252801267 0
			vertex 3.20062519728968 0.564356577417523 0
			vertex 3.0540010175542 1.11156546580842 0
		endloop
	endfacet
	facet normal 0 0 -1
		outer loop
			vertex 4.7270772144586 0.833511252801267 0
			vertex 3.0540010175542 1.11156546580842 0
			vertex 4.51052457977236 1.64169668796321 0
		endloop
	endfacet
	facet normal 0 0 -1
		outer loop
			vertex 4.51052457977236 1.64169668796321 0
			vertex 3.0540010175542 1.11156546580842 0
			vertex 2.81458256229943 1.625 0
		endloop
	endfacet
	facet normal 0 0 -1
		outer loop
			vertex 4.51052457977236 1.64169668796321 0
			vertex 2.81458256229943 1.625 0
			vertex 4.15692193816531 2.4 0
		endloop
	endfacet
	facet normal 0 0 -1
		outer loop
			vertex 4.15692193816531 2.4 0
			vertex 2.81458256229943 1.625 0
			vertex 2.48964444013668 2.08905973148125 0
		endloop
	endfacet
	facet normal 0 0 -1
		outer loop
			vertex 4.15692193816531 2.4 0
			vertex 2.48964444013668 2.08905973148125 0
			vertex 3.67701332697109 3.08538052649539 0
		endloop
	endfacet
	facet normal 0 0 -1
		outer loop
			vertex 3.67701332697109 3.08538052649539 0
			vertex 2.48964444013668 2.08905973148125 0
			vertex 2.08905973148125 2.48964444013668 0
		endloop
	endfacet
	facet normal 0 0 -1
		outer loop
			vertex 3.67701332697109 3.08538052649539 0
			vertex 2.08905973148125 2.48964444013668 0
			vertex 3.08538052649539 3.67701332697109 0
		endloop
	endfacet
	facet normal 0 0 -1
		outer loop
			vertex 3.08538052649539 3.67701332697109 0
			vertex 2.08905973148125 2.48964444013668 0
			vertex 1.625 2.81458256229942 0
		endloop
	endfacet
	facet normal 0 0 -1
		outer loop
			vertex 3.08538052649539 3.67701332697109 0
			vertex 1.625 2.81458256229942 0
			vertex 2.4 4.15692193816531 0
		endloop
	endfacet
	facet normal 0 0 -1
		outer loop
			vertex 2.4 4.15692193816531 0
			vertex 1.625 2.81458256229942 0
			vertex 1.11156546580842 3.0540010175542 0
		endloop
	endfacet
	facet normal 0 0 -1
		outer loop
			vertex 2.4 4.15692193816531 0
			vertex 1.11156546580842 3.0540010175542 0
			vertex 1.64169668796321 4.51052457977236 0
		endloop
	endfacet
	facet normal 0 0 -1
		outer loop
			vertex 1.64169668796321 4.51052457977236 0
			vertex 1.11156546580842 3.0540010175542 0
			vertex 0.564356577417523 3.20062519728968 0
		endloop
	endfacet
	facet normal 0 0 -1
		outer loop
			vertex 1.64169668796321 4.51052457977236 0
			vertex 0.564356577417523 3.20062519728968 0
			vertex 0.833511252801266 4.7270772144586 0
		endloop
	endfacet
	facet normal 0 0 -1
		outer loop
			vertex 0.833511252801266 4.7270772144586 0
			vertex 0.564356577417523 3.20062519728968 0
			vertex 1.98998532496136E-16 3.25 0
		endloop
	endfacet
	facet normal 0 0 1
		outer loop
			vertex -4.88392947736458 -0.221661787106294 5
			vertex -3.42418360472182 0.62112288541246 5
			vertex -4.88895705521472 5.98704787338069E-16 5
		endloop
	endfacet
	facet normal 0 0 1
		outer loop
			vertex -4.88895705521472 5.98704787338069E-16 5
			vertex -3.42418360472182 0.62112288541246 5
			vertex -4.8506185784936 0.611065048670429 5
		endloop
	endfacet
	facet normal 0 0 1
		outer loop
			vertex -4.8506185784936 0.611065048670429 5
			vertex -3.42418360472182 0.62112288541246 5
			vertex -4.67635796718979 1.42603550111293 5
		endloop
	endfacet
	facet normal 0 0 1
		outer loop
			vertex -4.67635796718979 1.42603550111293 5
			vertex -3.42418360472182 0.62112288541246 5
			vertex -3.28630290465299 1.14500664473973 5
		endloop
	endfacet
	facet normal 0 0 1
		outer loop
			vertex -4.67635796718979 1.42603550111293 5
			vertex -3.28630290465299 1.14500664473973 5
			vertex -4.36621132402383 2.19956808526126 5
		endloop
	endfacet
	facet normal 0 0 1
		outer loop
			vertex -4.36621132402383 2.19956808526126 5
			vertex -3.28630290465299 1.14500664473973 5
			vertex -3.06878967373436 1.64114500761211 5
		endloop
	endfacet
	facet normal 0 0 1
		outer loop
			vertex -4.36621132402383 2.19956808526126 5
			vertex -3.06878967373436 1.64114500761211 5
			vertex -3.92919091814425 2.90918542147223 5
		endloop
	endfacet
	facet normal 0 0 1
		outer loop
			vertex -3.92919091814425 2.90918542147223 5
			vertex -3.06878967373436 1.64114500761211 5
			vertex -2.77691461572451 2.09751572451898 5
		endloop
	endfacet
	facet normal 0 0 1
		outer loop
			vertex -3.92919091814425 2.90918542147223 5
			vertex -2.77691461572451 2.09751572451898 5
			vertex -3.37799572794715 3.5342673851457 5
		endloop
	endfacet
	facet normal 0 0 1
		outer loop
			vertex -3.37799572794715 3.5342673851457 5
			vertex -2.77691461572451 2.09751572451898 5
			vertex -2.41775034390213 2.50306018149583 5
		endloop
	endfacet
	facet normal 0 0 1
		outer loop
			vertex -3.37799572794715 3.5342673851457 5
			vertex -2.41775034390213 2.50306018149583 5
			vertex -2 2.84795136855053 5
		endloop
	endfacet
	facet normal 0 0 1
		outer loop
			vertex -2 4.46115468099166 5
			vertex -2.72864243301584 4.05665028816624 5
			vertex -2 2.84795136855053 5
		endloop
	endfacet
	facet normal 0 0 1
		outer loop
			vertex -2 2.84795136855053 5
			vertex -2.72864243301584 4.05665028816624 5
			vertex -3.37799572794715 3.5342673851457 5
		endloop
	endfacet
endsolid
